<?xml version="1.0"?>
<gpx creator="GPS Visualizer http://www.gpsvisualizer.com/" version="1.1" xmlns="http://www.topografix.com/GPX/1/1" xmlns:xsi="http://www.w3.org/2001/XMLSchema-instance" xsi:schemaLocation="http://www.topografix.com/GPX/1/1 http://www.topografix.com/GPX/1/1/gpx.xsd">
<trk>
  <name>שוקו 2015 מליסה on GPSies.com + חורף ...וקר</name>
  <trkseg>
    <trkpt lat="31.950034" lon="34.955424">
      <ele>166.1</ele>
      <time>2010-01-01T00:00:00Z</time>
    </trkpt>
    <trkpt lat="31.950043" lon="34.955454">
      <ele>166.3</ele>
      <time>2010-01-01T00:00:01Z</time>
    </trkpt>
    <trkpt lat="31.950086" lon="34.955461">
      <ele>166.5</ele>
      <time>2010-01-01T00:00:02Z</time>
    </trkpt>
    <trkpt lat="31.950126" lon="34.955446">
      <ele>166.5</ele>
      <time>2010-01-01T00:00:04Z</time>
    </trkpt>
    <trkpt lat="31.950156" lon="34.955445">
      <ele>166.6</ele>
      <time>2010-01-01T00:00:05Z</time>
    </trkpt>
    <trkpt lat="31.950214" lon="34.955432">
      <ele>166.6</ele>
      <time>2010-01-01T00:00:08Z</time>
    </trkpt>
    <trkpt lat="31.950246" lon="34.95543">
      <ele>166.7</ele>
      <time>2010-01-01T00:00:09Z</time>
    </trkpt>
    <trkpt lat="31.950276" lon="34.955429">
      <ele>166.7</ele>
      <time>2010-01-01T00:00:10Z</time>
    </trkpt>
    <trkpt lat="31.950318" lon="34.955433">
      <ele>166.9</ele>
      <time>2010-01-01T00:00:12Z</time>
    </trkpt>
    <trkpt lat="31.950346" lon="34.955435">
      <ele>166.9</ele>
      <time>2010-01-01T00:00:13Z</time>
    </trkpt>
    <trkpt lat="31.950394" lon="34.955418">
      <ele>167.0</ele>
      <time>2010-01-01T00:00:15Z</time>
    </trkpt>
    <trkpt lat="31.950446" lon="34.955406">
      <ele>167.0</ele>
      <time>2010-01-01T00:00:17Z</time>
    </trkpt>
    <trkpt lat="31.950498" lon="34.955403">
      <ele>167.0</ele>
      <time>2010-01-01T00:00:19Z</time>
    </trkpt>
    <trkpt lat="31.95055" lon="34.95539">
      <ele>167.1</ele>
      <time>2010-01-01T00:00:21Z</time>
    </trkpt>
    <trkpt lat="31.950591" lon="34.955372">
      <ele>167.0</ele>
      <time>2010-01-01T00:00:23Z</time>
    </trkpt>
    <trkpt lat="31.950643" lon="34.955319">
      <ele>166.9</ele>
      <time>2010-01-01T00:00:26Z</time>
    </trkpt>
    <trkpt lat="31.950663" lon="34.955285">
      <ele>166.8</ele>
      <time>2010-01-01T00:00:27Z</time>
    </trkpt>
    <trkpt lat="31.950686" lon="34.955246">
      <ele>166.6</ele>
      <time>2010-01-01T00:00:29Z</time>
    </trkpt>
    <trkpt lat="31.950692" lon="34.955197">
      <ele>166.5</ele>
      <time>2010-01-01T00:00:30Z</time>
    </trkpt>
    <trkpt lat="31.950691" lon="34.955151">
      <ele>166.3</ele>
      <time>2010-01-01T00:00:32Z</time>
    </trkpt>
    <trkpt lat="31.950692" lon="34.955102">
      <ele>166.1</ele>
      <time>2010-01-01T00:00:34Z</time>
    </trkpt>
    <trkpt lat="31.950694" lon="34.955048">
      <ele>165.9</ele>
      <time>2010-01-01T00:00:35Z</time>
    </trkpt>
    <trkpt lat="31.950688" lon="34.955002">
      <ele>165.7</ele>
      <time>2010-01-01T00:00:37Z</time>
    </trkpt>
    <trkpt lat="31.950685" lon="34.954948">
      <ele>165.5</ele>
      <time>2010-01-01T00:00:39Z</time>
    </trkpt>
    <trkpt lat="31.950686" lon="34.954896">
      <ele>165.2</ele>
      <time>2010-01-01T00:00:41Z</time>
    </trkpt>
    <trkpt lat="31.95069" lon="34.954839">
      <ele>165.0</ele>
      <time>2010-01-01T00:00:43Z</time>
    </trkpt>
    <trkpt lat="31.950689" lon="34.954783">
      <ele>164.8</ele>
      <time>2010-01-01T00:00:44Z</time>
    </trkpt>
    <trkpt lat="31.950696" lon="34.95472">
      <ele>164.5</ele>
      <time>2010-01-01T00:00:47Z</time>
    </trkpt>
    <trkpt lat="31.950708" lon="34.954653">
      <ele>164.3</ele>
      <time>2010-01-01T00:00:49Z</time>
    </trkpt>
    <trkpt lat="31.950721" lon="34.954582">
      <ele>164.0</ele>
      <time>2010-01-01T00:00:51Z</time>
    </trkpt>
    <trkpt lat="31.950742" lon="34.954506">
      <ele>163.5</ele>
      <time>2010-01-01T00:00:54Z</time>
    </trkpt>
    <trkpt lat="31.950774" lon="34.954444">
      <ele>163.1</ele>
      <time>2010-01-01T00:00:57Z</time>
    </trkpt>
    <trkpt lat="31.950802" lon="34.954372">
      <ele>162.6</ele>
      <time>2010-01-01T00:00:59Z</time>
    </trkpt>
    <trkpt lat="31.950845" lon="34.954306">
      <ele>162.2</ele>
      <time>2010-01-01T00:01:02Z</time>
    </trkpt>
    <trkpt lat="31.950899" lon="34.954236">
      <ele>161.7</ele>
      <time>2010-01-01T00:01:05Z</time>
    </trkpt>
    <trkpt lat="31.950946" lon="34.954175">
      <ele>161.4</ele>
      <time>2010-01-01T00:01:08Z</time>
    </trkpt>
    <trkpt lat="31.951001" lon="34.954126">
      <ele>161.1</ele>
      <time>2010-01-01T00:01:11Z</time>
    </trkpt>
    <trkpt lat="31.951067" lon="34.954084">
      <ele>160.9</ele>
      <time>2010-01-01T00:01:14Z</time>
    </trkpt>
    <trkpt lat="31.951127" lon="34.954047">
      <ele>160.7</ele>
      <time>2010-01-01T00:01:17Z</time>
    </trkpt>
    <trkpt lat="31.951189" lon="34.95402">
      <ele>160.6</ele>
      <time>2010-01-01T00:01:19Z</time>
    </trkpt>
    <trkpt lat="31.951254" lon="34.954002">
      <ele>160.5</ele>
      <time>2010-01-01T00:01:22Z</time>
    </trkpt>
    <trkpt lat="31.95133" lon="34.953993">
      <ele>160.6</ele>
      <time>2010-01-01T00:01:25Z</time>
    </trkpt>
    <trkpt lat="31.951404" lon="34.953996">
      <ele>160.8</ele>
      <time>2010-01-01T00:01:28Z</time>
    </trkpt>
    <trkpt lat="31.95148" lon="34.953998">
      <ele>160.9</ele>
      <time>2010-01-01T00:01:31Z</time>
    </trkpt>
    <trkpt lat="31.951559" lon="34.954006">
      <ele>161.1</ele>
      <time>2010-01-01T00:01:34Z</time>
    </trkpt>
    <trkpt lat="31.951643" lon="34.954027">
      <ele>161.3</ele>
      <time>2010-01-01T00:01:38Z</time>
    </trkpt>
    <trkpt lat="31.951718" lon="34.954059">
      <ele>161.5</ele>
      <time>2010-01-01T00:01:41Z</time>
    </trkpt>
    <trkpt lat="31.951794" lon="34.954088">
      <ele>161.7</ele>
      <time>2010-01-01T00:01:44Z</time>
    </trkpt>
    <trkpt lat="31.951867" lon="34.954123">
      <ele>161.8</ele>
      <time>2010-01-01T00:01:47Z</time>
    </trkpt>
    <trkpt lat="31.951936" lon="34.954166">
      <ele>161.9</ele>
      <time>2010-01-01T00:01:50Z</time>
    </trkpt>
    <trkpt lat="31.952298" lon="34.954398">
      <ele>161.5</ele>
      <time>2010-01-01T00:02:07Z</time>
    </trkpt>
    <trkpt lat="31.952369" lon="34.954445">
      <ele>161.4</ele>
      <time>2010-01-01T00:02:10Z</time>
    </trkpt>
    <trkpt lat="31.952426" lon="34.954467">
      <ele>161.2</ele>
      <time>2010-01-01T00:02:12Z</time>
    </trkpt>
    <trkpt lat="31.952493" lon="34.954494">
      <ele>161.1</ele>
      <time>2010-01-01T00:02:15Z</time>
    </trkpt>
    <trkpt lat="31.952552" lon="34.954517">
      <ele>160.9</ele>
      <time>2010-01-01T00:02:18Z</time>
    </trkpt>
    <trkpt lat="31.952613" lon="34.954553">
      <ele>160.8</ele>
      <time>2010-01-01T00:02:21Z</time>
    </trkpt>
    <trkpt lat="31.952668" lon="34.95458">
      <ele>160.6</ele>
      <time>2010-01-01T00:02:23Z</time>
    </trkpt>
    <trkpt lat="31.952724" lon="34.954605">
      <ele>160.5</ele>
      <time>2010-01-01T00:02:25Z</time>
    </trkpt>
    <trkpt lat="31.952777" lon="34.954635">
      <ele>160.3</ele>
      <time>2010-01-01T00:02:28Z</time>
    </trkpt>
    <trkpt lat="31.952828" lon="34.954683">
      <ele>160.1</ele>
      <time>2010-01-01T00:02:30Z</time>
    </trkpt>
    <trkpt lat="31.952877" lon="34.954749">
      <ele>159.9</ele>
      <time>2010-01-01T00:02:33Z</time>
    </trkpt>
    <trkpt lat="31.952926" lon="34.954789">
      <ele>159.7</ele>
      <time>2010-01-01T00:02:36Z</time>
    </trkpt>
    <trkpt lat="31.952968" lon="34.954823">
      <ele>159.4</ele>
      <time>2010-01-01T00:02:38Z</time>
    </trkpt>
    <trkpt lat="31.953003" lon="34.954873">
      <ele>159.1</ele>
      <time>2010-01-01T00:02:40Z</time>
    </trkpt>
    <trkpt lat="31.953036" lon="34.95492">
      <ele>158.9</ele>
      <time>2010-01-01T00:02:42Z</time>
    </trkpt>
    <trkpt lat="31.953067" lon="34.954965">
      <ele>158.6</ele>
      <time>2010-01-01T00:02:44Z</time>
    </trkpt>
    <trkpt lat="31.953099" lon="34.954991">
      <ele>158.4</ele>
      <time>2010-01-01T00:02:45Z</time>
    </trkpt>
    <trkpt lat="31.953135" lon="34.955013">
      <ele>158.2</ele>
      <time>2010-01-01T00:02:47Z</time>
    </trkpt>
    <trkpt lat="31.953178" lon="34.955017">
      <ele>157.9</ele>
      <time>2010-01-01T00:02:49Z</time>
    </trkpt>
    <trkpt lat="31.953213" lon="34.95499">
      <ele>157.7</ele>
      <time>2010-01-01T00:02:50Z</time>
    </trkpt>
    <trkpt lat="31.953253" lon="34.954968">
      <ele>157.5</ele>
      <time>2010-01-01T00:02:52Z</time>
    </trkpt>
    <trkpt lat="31.953294" lon="34.95492">
      <ele>157.2</ele>
      <time>2010-01-01T00:02:55Z</time>
    </trkpt>
    <trkpt lat="31.953318" lon="34.954863">
      <ele>157.1</ele>
      <time>2010-01-01T00:02:57Z</time>
    </trkpt>
    <trkpt lat="31.953339" lon="34.954807">
      <ele>157.0</ele>
      <time>2010-01-01T00:02:59Z</time>
    </trkpt>
    <trkpt lat="31.95336" lon="34.95475">
      <ele>156.8</ele>
      <time>2010-01-01T00:03:01Z</time>
    </trkpt>
    <trkpt lat="31.953383" lon="34.954688">
      <ele>156.7</ele>
      <time>2010-01-01T00:03:03Z</time>
    </trkpt>
    <trkpt lat="31.953402" lon="34.954622">
      <ele>156.5</ele>
      <time>2010-01-01T00:03:06Z</time>
    </trkpt>
    <trkpt lat="31.953418" lon="34.954551">
      <ele>156.5</ele>
      <time>2010-01-01T00:03:08Z</time>
    </trkpt>
    <trkpt lat="31.95343" lon="34.954471">
      <ele>156.5</ele>
      <time>2010-01-01T00:03:11Z</time>
    </trkpt>
    <trkpt lat="31.953458" lon="34.954403">
      <ele>156.5</ele>
      <time>2010-01-01T00:03:13Z</time>
    </trkpt>
    <trkpt lat="31.95348" lon="34.95433">
      <ele>156.5</ele>
      <time>2010-01-01T00:03:16Z</time>
    </trkpt>
    <trkpt lat="31.953498" lon="34.954239">
      <ele>156.5</ele>
      <time>2010-01-01T00:03:19Z</time>
    </trkpt>
    <trkpt lat="31.953512" lon="34.954159">
      <ele>156.6</ele>
      <time>2010-01-01T00:03:22Z</time>
    </trkpt>
    <trkpt lat="31.953528" lon="34.954074">
      <ele>156.7</ele>
      <time>2010-01-01T00:03:25Z</time>
    </trkpt>
    <trkpt lat="31.953539" lon="34.954002">
      <ele>156.7</ele>
      <time>2010-01-01T00:03:27Z</time>
    </trkpt>
    <trkpt lat="31.95355" lon="34.953928">
      <ele>156.8</ele>
      <time>2010-01-01T00:03:30Z</time>
    </trkpt>
    <trkpt lat="31.953565" lon="34.953851">
      <ele>156.9</ele>
      <time>2010-01-01T00:03:33Z</time>
    </trkpt>
    <trkpt lat="31.953575" lon="34.953779">
      <ele>157.0</ele>
      <time>2010-01-01T00:03:35Z</time>
    </trkpt>
    <trkpt lat="31.953581" lon="34.953708">
      <ele>156.8</ele>
      <time>2010-01-01T00:03:38Z</time>
    </trkpt>
    <trkpt lat="31.953577" lon="34.953647">
      <ele>156.5</ele>
      <time>2010-01-01T00:03:40Z</time>
    </trkpt>
    <trkpt lat="31.95357" lon="34.953576">
      <ele>156.1</ele>
      <time>2010-01-01T00:03:42Z</time>
    </trkpt>
    <trkpt lat="31.95357" lon="34.953496">
      <ele>155.7</ele>
      <time>2010-01-01T00:03:45Z</time>
    </trkpt>
    <trkpt lat="31.953568" lon="34.95342">
      <ele>155.3</ele>
      <time>2010-01-01T00:03:47Z</time>
    </trkpt>
    <trkpt lat="31.953578" lon="34.953341">
      <ele>154.8</ele>
      <time>2010-01-01T00:03:50Z</time>
    </trkpt>
    <trkpt lat="31.953589" lon="34.95326">
      <ele>154.3</ele>
      <time>2010-01-01T00:03:53Z</time>
    </trkpt>
    <trkpt lat="31.9536" lon="34.95318">
      <ele>153.7</ele>
      <time>2010-01-01T00:03:56Z</time>
    </trkpt>
    <trkpt lat="31.95361" lon="34.953096">
      <ele>153.2</ele>
      <time>2010-01-01T00:03:58Z</time>
    </trkpt>
    <trkpt lat="31.953621" lon="34.953017">
      <ele>152.6</ele>
      <time>2010-01-01T00:04:01Z</time>
    </trkpt>
    <trkpt lat="31.953633" lon="34.952928">
      <ele>152.0</ele>
      <time>2010-01-01T00:04:04Z</time>
    </trkpt>
    <trkpt lat="31.953647" lon="34.952848">
      <ele>151.5</ele>
      <time>2010-01-01T00:04:07Z</time>
    </trkpt>
    <trkpt lat="31.953672" lon="34.952767">
      <ele>150.8</ele>
      <time>2010-01-01T00:04:10Z</time>
    </trkpt>
    <trkpt lat="31.953672" lon="34.95266">
      <ele>150.1</ele>
      <time>2010-01-01T00:04:14Z</time>
    </trkpt>
    <trkpt lat="31.953692" lon="34.952572">
      <ele>149.4</ele>
      <time>2010-01-01T00:04:17Z</time>
    </trkpt>
    <trkpt lat="31.953712" lon="34.952483">
      <ele>148.7</ele>
      <time>2010-01-01T00:04:20Z</time>
    </trkpt>
    <trkpt lat="31.953716" lon="34.9524">
      <ele>148.2</ele>
      <time>2010-01-01T00:04:23Z</time>
    </trkpt>
    <trkpt lat="31.953711" lon="34.952307">
      <ele>147.7</ele>
      <time>2010-01-01T00:04:26Z</time>
    </trkpt>
    <trkpt lat="31.953724" lon="34.95222">
      <ele>147.1</ele>
      <time>2010-01-01T00:04:29Z</time>
    </trkpt>
    <trkpt lat="31.95374" lon="34.952136">
      <ele>146.4</ele>
      <time>2010-01-01T00:04:32Z</time>
    </trkpt>
    <trkpt lat="31.953746" lon="34.952047">
      <ele>146.1</ele>
      <time>2010-01-01T00:04:35Z</time>
    </trkpt>
    <trkpt lat="31.953758" lon="34.951955">
      <ele>146.2</ele>
      <time>2010-01-01T00:04:38Z</time>
    </trkpt>
    <trkpt lat="31.953782" lon="34.951862">
      <ele>146.3</ele>
      <time>2010-01-01T00:04:41Z</time>
    </trkpt>
    <trkpt lat="31.953799" lon="34.951772">
      <ele>146.3</ele>
      <time>2010-01-01T00:04:44Z</time>
    </trkpt>
    <trkpt lat="31.953811" lon="34.951683">
      <ele>146.4</ele>
      <time>2010-01-01T00:04:47Z</time>
    </trkpt>
    <trkpt lat="31.95384" lon="34.951584">
      <ele>146.4</ele>
      <time>2010-01-01T00:04:51Z</time>
    </trkpt>
    <trkpt lat="31.953857" lon="34.951492">
      <ele>146.4</ele>
      <time>2010-01-01T00:04:54Z</time>
    </trkpt>
    <trkpt lat="31.953882" lon="34.951406">
      <ele>146.3</ele>
      <time>2010-01-01T00:04:57Z</time>
    </trkpt>
    <trkpt lat="31.953902" lon="34.951324">
      <ele>146.2</ele>
      <time>2010-01-01T00:05:00Z</time>
    </trkpt>
    <trkpt lat="31.953934" lon="34.95125">
      <ele>146.0</ele>
      <time>2010-01-01T00:05:03Z</time>
    </trkpt>
    <trkpt lat="31.953977" lon="34.951183">
      <ele>145.5</ele>
      <time>2010-01-01T00:05:06Z</time>
    </trkpt>
    <trkpt lat="31.954019" lon="34.95111">
      <ele>145.1</ele>
      <time>2010-01-01T00:05:09Z</time>
    </trkpt>
    <trkpt lat="31.954065" lon="34.951049">
      <ele>144.6</ele>
      <time>2010-01-01T00:05:12Z</time>
    </trkpt>
    <trkpt lat="31.954109" lon="34.95099">
      <ele>144.2</ele>
      <time>2010-01-01T00:05:14Z</time>
    </trkpt>
    <trkpt lat="31.954169" lon="34.95095">
      <ele>143.7</ele>
      <time>2010-01-01T00:05:17Z</time>
    </trkpt>
    <trkpt lat="31.954232" lon="34.950922">
      <ele>143.1</ele>
      <time>2010-01-01T00:05:20Z</time>
    </trkpt>
    <trkpt lat="31.9543" lon="34.950911">
      <ele>142.5</ele>
      <time>2010-01-01T00:05:22Z</time>
    </trkpt>
    <trkpt lat="31.954372" lon="34.950907">
      <ele>141.8</ele>
      <time>2010-01-01T00:05:25Z</time>
    </trkpt>
    <trkpt lat="31.954447" lon="34.950908">
      <ele>141.1</ele>
      <time>2010-01-01T00:05:28Z</time>
    </trkpt>
    <trkpt lat="31.954528" lon="34.950936">
      <ele>140.3</ele>
      <time>2010-01-01T00:05:32Z</time>
    </trkpt>
    <trkpt lat="31.954604" lon="34.950952">
      <ele>139.6</ele>
      <time>2010-01-01T00:05:35Z</time>
    </trkpt>
    <trkpt lat="31.954679" lon="34.950966">
      <ele>139.1</ele>
      <time>2010-01-01T00:05:38Z</time>
    </trkpt>
    <trkpt lat="31.954749" lon="34.950977">
      <ele>138.6</ele>
      <time>2010-01-01T00:05:41Z</time>
    </trkpt>
    <trkpt lat="31.954813" lon="34.950994">
      <ele>138.1</ele>
      <time>2010-01-01T00:05:43Z</time>
    </trkpt>
    <trkpt lat="31.95488" lon="34.951013">
      <ele>137.6</ele>
      <time>2010-01-01T00:05:46Z</time>
    </trkpt>
    <trkpt lat="31.954953" lon="34.951032">
      <ele>137.1</ele>
      <time>2010-01-01T00:05:49Z</time>
    </trkpt>
    <trkpt lat="31.955025" lon="34.951057">
      <ele>136.5</ele>
      <time>2010-01-01T00:05:52Z</time>
    </trkpt>
    <trkpt lat="31.955076" lon="34.951092">
      <ele>136.1</ele>
      <time>2010-01-01T00:05:54Z</time>
    </trkpt>
    <trkpt lat="31.955137" lon="34.951119">
      <ele>135.5</ele>
      <time>2010-01-01T00:05:57Z</time>
    </trkpt>
    <trkpt lat="31.955197" lon="34.951161">
      <ele>135.0</ele>
      <time>2010-01-01T00:06:00Z</time>
    </trkpt>
    <trkpt lat="31.955251" lon="34.951196">
      <ele>134.4</ele>
      <time>2010-01-01T00:06:02Z</time>
    </trkpt>
    <trkpt lat="31.955291" lon="34.951257">
      <ele>133.9</ele>
      <time>2010-01-01T00:06:05Z</time>
    </trkpt>
    <trkpt lat="31.955334" lon="34.951293">
      <ele>133.9</ele>
      <time>2010-01-01T00:06:07Z</time>
    </trkpt>
    <trkpt lat="31.955373" lon="34.951335">
      <ele>133.9</ele>
      <time>2010-01-01T00:06:09Z</time>
    </trkpt>
    <trkpt lat="31.95541" lon="34.951361">
      <ele>133.8</ele>
      <time>2010-01-01T00:06:11Z</time>
    </trkpt>
    <trkpt lat="31.955447" lon="34.951396">
      <ele>133.9</ele>
      <time>2010-01-01T00:06:13Z</time>
    </trkpt>
    <trkpt lat="31.955486" lon="34.951429">
      <ele>134.0</ele>
      <time>2010-01-01T00:06:15Z</time>
    </trkpt>
    <trkpt lat="31.955523" lon="34.951475">
      <ele>134.2</ele>
      <time>2010-01-01T00:06:17Z</time>
    </trkpt>
    <trkpt lat="31.955558" lon="34.951522">
      <ele>134.3</ele>
      <time>2010-01-01T00:06:19Z</time>
    </trkpt>
    <trkpt lat="31.955596" lon="34.951545">
      <ele>134.3</ele>
      <time>2010-01-01T00:06:21Z</time>
    </trkpt>
    <trkpt lat="31.955639" lon="34.95157">
      <ele>134.3</ele>
      <time>2010-01-01T00:06:23Z</time>
    </trkpt>
    <trkpt lat="31.955679" lon="34.951579">
      <ele>134.2</ele>
      <time>2010-01-01T00:06:24Z</time>
    </trkpt>
    <trkpt lat="31.955731" lon="34.951592">
      <ele>134.0</ele>
      <time>2010-01-01T00:06:26Z</time>
    </trkpt>
    <trkpt lat="31.955781" lon="34.951611">
      <ele>133.9</ele>
      <time>2010-01-01T00:06:28Z</time>
    </trkpt>
    <trkpt lat="31.955832" lon="34.951624">
      <ele>133.8</ele>
      <time>2010-01-01T00:06:31Z</time>
    </trkpt>
    <trkpt lat="31.955888" lon="34.951633">
      <ele>133.5</ele>
      <time>2010-01-01T00:06:33Z</time>
    </trkpt>
    <trkpt lat="31.955946" lon="34.951642">
      <ele>133.3</ele>
      <time>2010-01-01T00:06:35Z</time>
    </trkpt>
    <trkpt lat="31.955995" lon="34.951667">
      <ele>133.2</ele>
      <time>2010-01-01T00:06:37Z</time>
    </trkpt>
    <trkpt lat="31.956038" lon="34.951683">
      <ele>133.1</ele>
      <time>2010-01-01T00:06:39Z</time>
    </trkpt>
    <trkpt lat="31.956081" lon="34.951697">
      <ele>133.0</ele>
      <time>2010-01-01T00:06:41Z</time>
    </trkpt>
    <trkpt lat="31.956127" lon="34.951719">
      <ele>132.9</ele>
      <time>2010-01-01T00:06:43Z</time>
    </trkpt>
    <trkpt lat="31.956174" lon="34.951746">
      <ele>132.8</ele>
      <time>2010-01-01T00:06:45Z</time>
    </trkpt>
    <trkpt lat="31.956218" lon="34.951772">
      <ele>132.7</ele>
      <time>2010-01-01T00:06:47Z</time>
    </trkpt>
    <trkpt lat="31.956262" lon="34.951807">
      <ele>132.6</ele>
      <time>2010-01-01T00:06:49Z</time>
    </trkpt>
    <trkpt lat="31.956294" lon="34.951842">
      <ele>132.7</ele>
      <time>2010-01-01T00:06:51Z</time>
    </trkpt>
    <trkpt lat="31.956332" lon="34.951872">
      <ele>132.8</ele>
      <time>2010-01-01T00:06:53Z</time>
    </trkpt>
    <trkpt lat="31.956367" lon="34.951894">
      <ele>132.9</ele>
      <time>2010-01-01T00:06:54Z</time>
    </trkpt>
    <trkpt lat="31.956406" lon="34.951945">
      <ele>133.1</ele>
      <time>2010-01-01T00:06:57Z</time>
    </trkpt>
    <trkpt lat="31.956447" lon="34.951983">
      <ele>133.2</ele>
      <time>2010-01-01T00:06:59Z</time>
    </trkpt>
    <trkpt lat="31.956482" lon="34.952016">
      <ele>133.3</ele>
      <time>2010-01-01T00:07:00Z</time>
    </trkpt>
    <trkpt lat="31.956523" lon="34.952054">
      <ele>133.5</ele>
      <time>2010-01-01T00:07:03Z</time>
    </trkpt>
    <trkpt lat="31.956567" lon="34.952094">
      <ele>133.7</ele>
      <time>2010-01-01T00:07:05Z</time>
    </trkpt>
    <trkpt lat="31.956595" lon="34.952126">
      <ele>133.7</ele>
      <time>2010-01-01T00:07:06Z</time>
    </trkpt>
    <trkpt lat="31.956628" lon="34.952159">
      <ele>133.8</ele>
      <time>2010-01-01T00:07:08Z</time>
    </trkpt>
    <trkpt lat="31.956672" lon="34.952187">
      <ele>133.8</ele>
      <time>2010-01-01T00:07:10Z</time>
    </trkpt>
    <trkpt lat="31.956702" lon="34.95221">
      <ele>133.8</ele>
      <time>2010-01-01T00:07:11Z</time>
    </trkpt>
    <trkpt lat="31.956732" lon="34.952246">
      <ele>133.9</ele>
      <time>2010-01-01T00:07:13Z</time>
    </trkpt>
    <trkpt lat="31.956764" lon="34.952278">
      <ele>134.0</ele>
      <time>2010-01-01T00:07:15Z</time>
    </trkpt>
    <trkpt lat="31.956799" lon="34.952329">
      <ele>134.1</ele>
      <time>2010-01-01T00:07:17Z</time>
    </trkpt>
    <trkpt lat="31.956834" lon="34.952361">
      <ele>134.2</ele>
      <time>2010-01-01T00:07:19Z</time>
    </trkpt>
    <trkpt lat="31.956864" lon="34.952394">
      <ele>134.3</ele>
      <time>2010-01-01T00:07:21Z</time>
    </trkpt>
    <trkpt lat="31.956906" lon="34.952429">
      <ele>134.4</ele>
      <time>2010-01-01T00:07:23Z</time>
    </trkpt>
    <trkpt lat="31.956938" lon="34.952458">
      <ele>134.4</ele>
      <time>2010-01-01T00:07:24Z</time>
    </trkpt>
    <trkpt lat="31.956967" lon="34.952489">
      <ele>134.5</ele>
      <time>2010-01-01T00:07:26Z</time>
    </trkpt>
    <trkpt lat="31.957" lon="34.952518">
      <ele>134.6</ele>
      <time>2010-01-01T00:07:27Z</time>
    </trkpt>
    <trkpt lat="31.957024" lon="34.952534">
      <ele>134.7</ele>
      <time>2010-01-01T00:07:29Z</time>
    </trkpt>
    <trkpt lat="31.957053" lon="34.952552">
      <ele>134.7</ele>
      <time>2010-01-01T00:07:30Z</time>
    </trkpt>
    <trkpt lat="31.957089" lon="34.952579">
      <ele>134.8</ele>
      <time>2010-01-01T00:07:32Z</time>
    </trkpt>
    <trkpt lat="31.957123" lon="34.952588">
      <ele>134.8</ele>
      <time>2010-01-01T00:07:33Z</time>
    </trkpt>
    <trkpt lat="31.957158" lon="34.952606">
      <ele>134.8</ele>
      <time>2010-01-01T00:07:34Z</time>
    </trkpt>
    <trkpt lat="31.957197" lon="34.952618">
      <ele>134.7</ele>
      <time>2010-01-01T00:07:36Z</time>
    </trkpt>
    <trkpt lat="31.957235" lon="34.952626">
      <ele>134.7</ele>
      <time>2010-01-01T00:07:38Z</time>
    </trkpt>
    <trkpt lat="31.957274" lon="34.952633">
      <ele>134.7</ele>
      <time>2010-01-01T00:07:39Z</time>
    </trkpt>
    <trkpt lat="31.957322" lon="34.952637">
      <ele>134.6</ele>
      <time>2010-01-01T00:07:41Z</time>
    </trkpt>
    <trkpt lat="31.957362" lon="34.952641">
      <ele>134.6</ele>
      <time>2010-01-01T00:07:43Z</time>
    </trkpt>
    <trkpt lat="31.957403" lon="34.952639">
      <ele>134.5</ele>
      <time>2010-01-01T00:07:44Z</time>
    </trkpt>
    <trkpt lat="31.957448" lon="34.95264">
      <ele>134.4</ele>
      <time>2010-01-01T00:07:46Z</time>
    </trkpt>
    <trkpt lat="31.957495" lon="34.95264">
      <ele>134.3</ele>
      <time>2010-01-01T00:07:48Z</time>
    </trkpt>
    <trkpt lat="31.957536" lon="34.952634">
      <ele>134.3</ele>
      <time>2010-01-01T00:07:50Z</time>
    </trkpt>
    <trkpt lat="31.957581" lon="34.95263">
      <ele>134.2</ele>
      <time>2010-01-01T00:07:52Z</time>
    </trkpt>
    <trkpt lat="31.957624" lon="34.952623">
      <ele>134.1</ele>
      <time>2010-01-01T00:07:53Z</time>
    </trkpt>
    <trkpt lat="31.957669" lon="34.952611">
      <ele>133.9</ele>
      <time>2010-01-01T00:07:55Z</time>
    </trkpt>
    <trkpt lat="31.957721" lon="34.95261">
      <ele>133.8</ele>
      <time>2010-01-01T00:07:57Z</time>
    </trkpt>
    <trkpt lat="31.95777" lon="34.952609">
      <ele>133.8</ele>
      <time>2010-01-01T00:07:59Z</time>
    </trkpt>
    <trkpt lat="31.957815" lon="34.952604">
      <ele>133.7</ele>
      <time>2010-01-01T00:08:01Z</time>
    </trkpt>
    <trkpt lat="31.957857" lon="34.952601">
      <ele>133.6</ele>
      <time>2010-01-01T00:08:03Z</time>
    </trkpt>
    <trkpt lat="31.957901" lon="34.9526">
      <ele>133.5</ele>
      <time>2010-01-01T00:08:04Z</time>
    </trkpt>
    <trkpt lat="31.957941" lon="34.952607">
      <ele>133.5</ele>
      <time>2010-01-01T00:08:06Z</time>
    </trkpt>
    <trkpt lat="31.957978" lon="34.952626">
      <ele>133.7</ele>
      <time>2010-01-01T00:08:08Z</time>
    </trkpt>
    <trkpt lat="31.958013" lon="34.952649">
      <ele>133.8</ele>
      <time>2010-01-01T00:08:09Z</time>
    </trkpt>
    <trkpt lat="31.958042" lon="34.952688">
      <ele>134.0</ele>
      <time>2010-01-01T00:08:11Z</time>
    </trkpt>
    <trkpt lat="31.958066" lon="34.952735">
      <ele>134.2</ele>
      <time>2010-01-01T00:08:13Z</time>
    </trkpt>
    <trkpt lat="31.958084" lon="34.952786">
      <ele>134.4</ele>
      <time>2010-01-01T00:08:15Z</time>
    </trkpt>
    <trkpt lat="31.958095" lon="34.952833">
      <ele>134.6</ele>
      <time>2010-01-01T00:08:16Z</time>
    </trkpt>
    <trkpt lat="31.958107" lon="34.952889">
      <ele>134.9</ele>
      <time>2010-01-01T00:08:18Z</time>
    </trkpt>
    <trkpt lat="31.958117" lon="34.95295">
      <ele>135.0</ele>
      <time>2010-01-01T00:08:20Z</time>
    </trkpt>
    <trkpt lat="31.958125" lon="34.953009">
      <ele>134.9</ele>
      <time>2010-01-01T00:08:23Z</time>
    </trkpt>
    <trkpt lat="31.958132" lon="34.953073">
      <ele>134.8</ele>
      <time>2010-01-01T00:08:25Z</time>
    </trkpt>
    <trkpt lat="31.958148" lon="34.953143">
      <ele>134.6</ele>
      <time>2010-01-01T00:08:27Z</time>
    </trkpt>
    <trkpt lat="31.958166" lon="34.953207">
      <ele>134.5</ele>
      <time>2010-01-01T00:08:29Z</time>
    </trkpt>
    <trkpt lat="31.958194" lon="34.953273">
      <ele>134.3</ele>
      <time>2010-01-01T00:08:32Z</time>
    </trkpt>
    <trkpt lat="31.958218" lon="34.953332">
      <ele>134.1</ele>
      <time>2010-01-01T00:08:34Z</time>
    </trkpt>
    <trkpt lat="31.958249" lon="34.953399">
      <ele>133.8</ele>
      <time>2010-01-01T00:08:37Z</time>
    </trkpt>
    <trkpt lat="31.958288" lon="34.95346">
      <ele>133.5</ele>
      <time>2010-01-01T00:08:39Z</time>
    </trkpt>
    <trkpt lat="31.958344" lon="34.95352">
      <ele>133.1</ele>
      <time>2010-01-01T00:08:42Z</time>
    </trkpt>
    <trkpt lat="31.958393" lon="34.953571">
      <ele>132.8</ele>
      <time>2010-01-01T00:08:45Z</time>
    </trkpt>
    <trkpt lat="31.958468" lon="34.953613">
      <ele>132.2</ele>
      <time>2010-01-01T00:08:48Z</time>
    </trkpt>
    <trkpt lat="31.958534" lon="34.953647">
      <ele>131.8</ele>
      <time>2010-01-01T00:08:51Z</time>
    </trkpt>
    <trkpt lat="31.958614" lon="34.953683">
      <ele>131.2</ele>
      <time>2010-01-01T00:08:55Z</time>
    </trkpt>
    <trkpt lat="31.958693" lon="34.95372">
      <ele>130.5</ele>
      <time>2010-01-01T00:08:58Z</time>
    </trkpt>
    <trkpt lat="31.958775" lon="34.953749">
      <ele>129.9</ele>
      <time>2010-01-01T00:09:01Z</time>
    </trkpt>
    <trkpt lat="31.958852" lon="34.953776">
      <ele>129.6</ele>
      <time>2010-01-01T00:09:05Z</time>
    </trkpt>
    <trkpt lat="31.958924" lon="34.953813">
      <ele>129.3</ele>
      <time>2010-01-01T00:09:08Z</time>
    </trkpt>
    <trkpt lat="31.958991" lon="34.953854">
      <ele>129.1</ele>
      <time>2010-01-01T00:09:11Z</time>
    </trkpt>
    <trkpt lat="31.959062" lon="34.953892">
      <ele>128.8</ele>
      <time>2010-01-01T00:09:14Z</time>
    </trkpt>
    <trkpt lat="31.959129" lon="34.953929">
      <ele>128.6</ele>
      <time>2010-01-01T00:09:17Z</time>
    </trkpt>
    <trkpt lat="31.959197" lon="34.953969">
      <ele>128.4</ele>
      <time>2010-01-01T00:09:20Z</time>
    </trkpt>
    <trkpt lat="31.959269" lon="34.953969">
      <ele>128.2</ele>
      <time>2010-01-01T00:09:23Z</time>
    </trkpt>
    <trkpt lat="31.959343" lon="34.953964">
      <ele>128.0</ele>
      <time>2010-01-01T00:09:26Z</time>
    </trkpt>
    <trkpt lat="31.959412" lon="34.953949">
      <ele>127.8</ele>
      <time>2010-01-01T00:09:29Z</time>
    </trkpt>
    <trkpt lat="31.959482" lon="34.95394">
      <ele>127.5</ele>
      <time>2010-01-01T00:09:31Z</time>
    </trkpt>
    <trkpt lat="31.959544" lon="34.953918">
      <ele>127.3</ele>
      <time>2010-01-01T00:09:34Z</time>
    </trkpt>
    <trkpt lat="31.959602" lon="34.953887">
      <ele>127.0</ele>
      <time>2010-01-01T00:09:37Z</time>
    </trkpt>
    <trkpt lat="31.95966" lon="34.953865">
      <ele>126.5</ele>
      <time>2010-01-01T00:09:39Z</time>
    </trkpt>
    <trkpt lat="31.95971" lon="34.953855">
      <ele>126.1</ele>
      <time>2010-01-01T00:09:41Z</time>
    </trkpt>
    <trkpt lat="31.959762" lon="34.953847">
      <ele>125.7</ele>
      <time>2010-01-01T00:09:43Z</time>
    </trkpt>
    <trkpt lat="31.959814" lon="34.95388">
      <ele>125.4</ele>
      <time>2010-01-01T00:09:46Z</time>
    </trkpt>
    <trkpt lat="31.959865" lon="34.953881">
      <ele>125.0</ele>
      <time>2010-01-01T00:09:48Z</time>
    </trkpt>
    <trkpt lat="31.959918" lon="34.953884">
      <ele>124.6</ele>
      <time>2010-01-01T00:09:50Z</time>
    </trkpt>
    <trkpt lat="31.959966" lon="34.953929">
      <ele>124.4</ele>
      <time>2010-01-01T00:09:52Z</time>
    </trkpt>
    <trkpt lat="31.960015" lon="34.953942">
      <ele>124.1</ele>
      <time>2010-01-01T00:09:54Z</time>
    </trkpt>
    <trkpt lat="31.960065" lon="34.953949">
      <ele>123.7</ele>
      <time>2010-01-01T00:09:56Z</time>
    </trkpt>
    <trkpt lat="31.960122" lon="34.953946">
      <ele>123.3</ele>
      <time>2010-01-01T00:09:58Z</time>
    </trkpt>
    <trkpt lat="31.96018" lon="34.953962">
      <ele>123.0</ele>
      <time>2010-01-01T00:10:01Z</time>
    </trkpt>
    <trkpt lat="31.960231" lon="34.95397">
      <ele>122.6</ele>
      <time>2010-01-01T00:10:03Z</time>
    </trkpt>
    <trkpt lat="31.960288" lon="34.953956">
      <ele>122.2</ele>
      <time>2010-01-01T00:10:05Z</time>
    </trkpt>
    <trkpt lat="31.960342" lon="34.953952">
      <ele>121.8</ele>
      <time>2010-01-01T00:10:07Z</time>
    </trkpt>
    <trkpt lat="31.960401" lon="34.953939">
      <ele>121.2</ele>
      <time>2010-01-01T00:10:10Z</time>
    </trkpt>
    <trkpt lat="31.960448" lon="34.953938">
      <ele>121.2</ele>
      <time>2010-01-01T00:10:12Z</time>
    </trkpt>
    <trkpt lat="31.960498" lon="34.953944">
      <ele>121.2</ele>
      <time>2010-01-01T00:10:14Z</time>
    </trkpt>
    <trkpt lat="31.960524" lon="34.953958">
      <ele>121.3</ele>
      <time>2010-01-01T00:10:15Z</time>
    </trkpt>
    <trkpt lat="31.960568" lon="34.953963">
      <ele>121.4</ele>
      <time>2010-01-01T00:10:17Z</time>
    </trkpt>
    <trkpt lat="31.96062" lon="34.953963">
      <ele>121.5</ele>
      <time>2010-01-01T00:10:19Z</time>
    </trkpt>
    <trkpt lat="31.96067" lon="34.953958">
      <ele>121.5</ele>
      <time>2010-01-01T00:10:21Z</time>
    </trkpt>
    <trkpt lat="31.960717" lon="34.953965">
      <ele>121.6</ele>
      <time>2010-01-01T00:10:23Z</time>
    </trkpt>
    <trkpt lat="31.960765" lon="34.953956">
      <ele>121.6</ele>
      <time>2010-01-01T00:10:25Z</time>
    </trkpt>
    <trkpt lat="31.960814" lon="34.953942">
      <ele>121.5</ele>
      <time>2010-01-01T00:10:27Z</time>
    </trkpt>
    <trkpt lat="31.960866" lon="34.953937">
      <ele>121.5</ele>
      <time>2010-01-01T00:10:29Z</time>
    </trkpt>
    <trkpt lat="31.96091" lon="34.953931">
      <ele>121.5</ele>
      <time>2010-01-01T00:10:30Z</time>
    </trkpt>
    <trkpt lat="31.960962" lon="34.953914">
      <ele>121.5</ele>
      <time>2010-01-01T00:10:33Z</time>
    </trkpt>
    <trkpt lat="31.961006" lon="34.953896">
      <ele>121.5</ele>
      <time>2010-01-01T00:10:34Z</time>
    </trkpt>
    <trkpt lat="31.961053" lon="34.953889">
      <ele>121.5</ele>
      <time>2010-01-01T00:10:36Z</time>
    </trkpt>
    <trkpt lat="31.961102" lon="34.953882">
      <ele>121.5</ele>
      <time>2010-01-01T00:10:38Z</time>
    </trkpt>
    <trkpt lat="31.961151" lon="34.953865">
      <ele>121.4</ele>
      <time>2010-01-01T00:10:40Z</time>
    </trkpt>
    <trkpt lat="31.961192" lon="34.953856">
      <ele>121.4</ele>
      <time>2010-01-01T00:10:42Z</time>
    </trkpt>
    <trkpt lat="31.961233" lon="34.953849">
      <ele>121.5</ele>
      <time>2010-01-01T00:10:44Z</time>
    </trkpt>
    <trkpt lat="31.96127" lon="34.953845">
      <ele>121.5</ele>
      <time>2010-01-01T00:10:45Z</time>
    </trkpt>
    <trkpt lat="31.961313" lon="34.953834">
      <ele>121.6</ele>
      <time>2010-01-01T00:10:47Z</time>
    </trkpt>
    <trkpt lat="31.961354" lon="34.953834">
      <ele>121.8</ele>
      <time>2010-01-01T00:10:49Z</time>
    </trkpt>
    <trkpt lat="31.961404" lon="34.953846">
      <ele>122.1</ele>
      <time>2010-01-01T00:10:51Z</time>
    </trkpt>
    <trkpt lat="31.961446" lon="34.95385">
      <ele>122.2</ele>
      <time>2010-01-01T00:10:52Z</time>
    </trkpt>
    <trkpt lat="31.961495" lon="34.953859">
      <ele>122.5</ele>
      <time>2010-01-01T00:10:54Z</time>
    </trkpt>
    <trkpt lat="31.961532" lon="34.953858">
      <ele>122.6</ele>
      <time>2010-01-01T00:10:56Z</time>
    </trkpt>
    <trkpt lat="31.961567" lon="34.953882">
      <ele>122.9</ele>
      <time>2010-01-01T00:10:57Z</time>
    </trkpt>
    <trkpt lat="31.961608" lon="34.953901">
      <ele>123.2</ele>
      <time>2010-01-01T00:10:59Z</time>
    </trkpt>
    <trkpt lat="31.961645" lon="34.953907">
      <ele>123.4</ele>
      <time>2010-01-01T00:11:01Z</time>
    </trkpt>
    <trkpt lat="31.961676" lon="34.953905">
      <ele>123.5</ele>
      <time>2010-01-01T00:11:02Z</time>
    </trkpt>
    <trkpt lat="31.961712" lon="34.95391">
      <ele>123.6</ele>
      <time>2010-01-01T00:11:03Z</time>
    </trkpt>
    <trkpt lat="31.961742" lon="34.953907">
      <ele>123.7</ele>
      <time>2010-01-01T00:11:05Z</time>
    </trkpt>
    <trkpt lat="31.961814" lon="34.953929">
      <ele>124.2</ele>
      <time>2010-01-01T00:11:08Z</time>
    </trkpt>
    <trkpt lat="31.961855" lon="34.953937">
      <ele>124.4</ele>
      <time>2010-01-01T00:11:09Z</time>
    </trkpt>
    <trkpt lat="31.961886" lon="34.953945">
      <ele>124.6</ele>
      <time>2010-01-01T00:11:10Z</time>
    </trkpt>
    <trkpt lat="31.961929" lon="34.953983">
      <ele>125.0</ele>
      <time>2010-01-01T00:11:13Z</time>
    </trkpt>
    <trkpt lat="31.961953" lon="34.954002">
      <ele>125.3</ele>
      <time>2010-01-01T00:11:14Z</time>
    </trkpt>
    <trkpt lat="31.961982" lon="34.954016">
      <ele>125.5</ele>
      <time>2010-01-01T00:11:15Z</time>
    </trkpt>
    <trkpt lat="31.962036" lon="34.954026">
      <ele>125.8</ele>
      <time>2010-01-01T00:11:17Z</time>
    </trkpt>
    <trkpt lat="31.96205" lon="34.954069">
      <ele>126.1</ele>
      <time>2010-01-01T00:11:19Z</time>
    </trkpt>
    <trkpt lat="31.962072" lon="34.954094">
      <ele>126.4</ele>
      <time>2010-01-01T00:11:20Z</time>
    </trkpt>
    <trkpt lat="31.962078" lon="34.954135">
      <ele>126.7</ele>
      <time>2010-01-01T00:11:21Z</time>
    </trkpt>
    <trkpt lat="31.962089" lon="34.954168">
      <ele>127.0</ele>
      <time>2010-01-01T00:11:23Z</time>
    </trkpt>
    <trkpt lat="31.9621" lon="34.954199">
      <ele>127.3</ele>
      <time>2010-01-01T00:11:24Z</time>
    </trkpt>
    <trkpt lat="31.962108" lon="34.954245">
      <ele>127.7</ele>
      <time>2010-01-01T00:11:25Z</time>
    </trkpt>
    <trkpt lat="31.962115" lon="34.954287">
      <ele>128.0</ele>
      <time>2010-01-01T00:11:27Z</time>
    </trkpt>
    <trkpt lat="31.962109" lon="34.954331">
      <ele>128.3</ele>
      <time>2010-01-01T00:11:28Z</time>
    </trkpt>
    <trkpt lat="31.962108" lon="34.95437">
      <ele>128.5</ele>
      <time>2010-01-01T00:11:30Z</time>
    </trkpt>
    <trkpt lat="31.962104" lon="34.954409">
      <ele>128.8</ele>
      <time>2010-01-01T00:11:31Z</time>
    </trkpt>
    <trkpt lat="31.962095" lon="34.954451">
      <ele>129.1</ele>
      <time>2010-01-01T00:11:32Z</time>
    </trkpt>
    <trkpt lat="31.962076" lon="34.954495">
      <ele>129.3</ele>
      <time>2010-01-01T00:11:34Z</time>
    </trkpt>
    <trkpt lat="31.962054" lon="34.954535">
      <ele>129.5</ele>
      <time>2010-01-01T00:11:36Z</time>
    </trkpt>
    <trkpt lat="31.96203" lon="34.954582">
      <ele>129.7</ele>
      <time>2010-01-01T00:11:38Z</time>
    </trkpt>
    <trkpt lat="31.961981" lon="34.954613">
      <ele>129.5</ele>
      <time>2010-01-01T00:11:40Z</time>
    </trkpt>
    <trkpt lat="31.961949" lon="34.954653">
      <ele>129.6</ele>
      <time>2010-01-01T00:11:42Z</time>
    </trkpt>
    <trkpt lat="31.961913" lon="34.954691">
      <ele>129.6</ele>
      <time>2010-01-01T00:11:44Z</time>
    </trkpt>
    <trkpt lat="31.961889" lon="34.954721">
      <ele>129.6</ele>
      <time>2010-01-01T00:11:45Z</time>
    </trkpt>
    <trkpt lat="31.961865" lon="34.954759">
      <ele>129.7</ele>
      <time>2010-01-01T00:11:47Z</time>
    </trkpt>
    <trkpt lat="31.961828" lon="34.954787">
      <ele>129.7</ele>
      <time>2010-01-01T00:11:48Z</time>
    </trkpt>
    <trkpt lat="31.961796" lon="34.954786">
      <ele>129.5</ele>
      <time>2010-01-01T00:11:50Z</time>
    </trkpt>
    <trkpt lat="31.961757" lon="34.954803">
      <ele>129.4</ele>
      <time>2010-01-01T00:11:51Z</time>
    </trkpt>
    <trkpt lat="31.96172" lon="34.954819">
      <ele>129.3</ele>
      <time>2010-01-01T00:11:53Z</time>
    </trkpt>
    <trkpt lat="31.961685" lon="34.954833">
      <ele>129.2</ele>
      <time>2010-01-01T00:11:54Z</time>
    </trkpt>
    <trkpt lat="31.961651" lon="34.954849">
      <ele>129.2</ele>
      <time>2010-01-01T00:11:56Z</time>
    </trkpt>
    <trkpt lat="31.961624" lon="34.954864">
      <ele>129.1</ele>
      <time>2010-01-01T00:11:57Z</time>
    </trkpt>
    <trkpt lat="31.961588" lon="34.954879">
      <ele>129.1</ele>
      <time>2010-01-01T00:11:59Z</time>
    </trkpt>
    <trkpt lat="31.961552" lon="34.954902">
      <ele>129.1</ele>
      <time>2010-01-01T00:12:00Z</time>
    </trkpt>
    <trkpt lat="31.961524" lon="34.954929">
      <ele>129.1</ele>
      <time>2010-01-01T00:12:02Z</time>
    </trkpt>
    <trkpt lat="31.961489" lon="34.954951">
      <ele>129.1</ele>
      <time>2010-01-01T00:12:03Z</time>
    </trkpt>
    <trkpt lat="31.96146" lon="34.954988">
      <ele>129.3</ele>
      <time>2010-01-01T00:12:05Z</time>
    </trkpt>
    <trkpt lat="31.961428" lon="34.955013">
      <ele>129.3</ele>
      <time>2010-01-01T00:12:07Z</time>
    </trkpt>
    <trkpt lat="31.961394" lon="34.955037">
      <ele>129.4</ele>
      <time>2010-01-01T00:12:08Z</time>
    </trkpt>
    <trkpt lat="31.961359" lon="34.95506">
      <ele>129.4</ele>
      <time>2010-01-01T00:12:10Z</time>
    </trkpt>
    <trkpt lat="31.961326" lon="34.955082">
      <ele>129.5</ele>
      <time>2010-01-01T00:12:11Z</time>
    </trkpt>
    <trkpt lat="31.961292" lon="34.955105">
      <ele>129.5</ele>
      <time>2010-01-01T00:12:13Z</time>
    </trkpt>
    <trkpt lat="31.961254" lon="34.955105">
      <ele>129.4</ele>
      <time>2010-01-01T00:12:14Z</time>
    </trkpt>
    <trkpt lat="31.961216" lon="34.95511">
      <ele>129.4</ele>
      <time>2010-01-01T00:12:16Z</time>
    </trkpt>
    <trkpt lat="31.961164" lon="34.955105">
      <ele>129.4</ele>
      <time>2010-01-01T00:12:18Z</time>
    </trkpt>
    <trkpt lat="31.961111" lon="34.955095">
      <ele>129.3</ele>
      <time>2010-01-01T00:12:20Z</time>
    </trkpt>
    <trkpt lat="31.961067" lon="34.955095">
      <ele>129.3</ele>
      <time>2010-01-01T00:12:22Z</time>
    </trkpt>
    <trkpt lat="31.961028" lon="34.955093">
      <ele>129.3</ele>
      <time>2010-01-01T00:12:23Z</time>
    </trkpt>
    <trkpt lat="31.960987" lon="34.955108">
      <ele>129.4</ele>
      <time>2010-01-01T00:12:25Z</time>
    </trkpt>
    <trkpt lat="31.96095" lon="34.955114">
      <ele>129.5</ele>
      <time>2010-01-01T00:12:27Z</time>
    </trkpt>
    <trkpt lat="31.960903" lon="34.955113">
      <ele>129.4</ele>
      <time>2010-01-01T00:12:29Z</time>
    </trkpt>
    <trkpt lat="31.960865" lon="34.955114">
      <ele>129.5</ele>
      <time>2010-01-01T00:12:30Z</time>
    </trkpt>
    <trkpt lat="31.960835" lon="34.955131">
      <ele>129.6</ele>
      <time>2010-01-01T00:12:31Z</time>
    </trkpt>
    <trkpt lat="31.960801" lon="34.955143">
      <ele>129.7</ele>
      <time>2010-01-01T00:12:33Z</time>
    </trkpt>
    <trkpt lat="31.960758" lon="34.955158">
      <ele>129.8</ele>
      <time>2010-01-01T00:12:35Z</time>
    </trkpt>
    <trkpt lat="31.960729" lon="34.955171">
      <ele>129.9</ele>
      <time>2010-01-01T00:12:36Z</time>
    </trkpt>
    <trkpt lat="31.960705" lon="34.955194">
      <ele>130.1</ele>
      <time>2010-01-01T00:12:37Z</time>
    </trkpt>
    <trkpt lat="31.960676" lon="34.955221">
      <ele>130.4</ele>
      <time>2010-01-01T00:12:39Z</time>
    </trkpt>
    <trkpt lat="31.960625" lon="34.955265">
      <ele>130.7</ele>
      <time>2010-01-01T00:12:41Z</time>
    </trkpt>
    <trkpt lat="31.960603" lon="34.955284">
      <ele>130.9</ele>
      <time>2010-01-01T00:12:42Z</time>
    </trkpt>
    <trkpt lat="31.96058" lon="34.955303">
      <ele>131.0</ele>
      <time>2010-01-01T00:12:43Z</time>
    </trkpt>
    <trkpt lat="31.960552" lon="34.955318">
      <ele>131.2</ele>
      <time>2010-01-01T00:12:45Z</time>
    </trkpt>
    <trkpt lat="31.960526" lon="34.955335">
      <ele>131.3</ele>
      <time>2010-01-01T00:12:46Z</time>
    </trkpt>
    <trkpt lat="31.960469" lon="34.955361">
      <ele>131.5</ele>
      <time>2010-01-01T00:12:48Z</time>
    </trkpt>
    <trkpt lat="31.960441" lon="34.955374">
      <ele>131.6</ele>
      <time>2010-01-01T00:12:49Z</time>
    </trkpt>
    <trkpt lat="31.960385" lon="34.955387">
      <ele>131.9</ele>
      <time>2010-01-01T00:12:52Z</time>
    </trkpt>
    <trkpt lat="31.96036" lon="34.955411">
      <ele>132.2</ele>
      <time>2010-01-01T00:12:53Z</time>
    </trkpt>
    <trkpt lat="31.960328" lon="34.955426">
      <ele>132.5</ele>
      <time>2010-01-01T00:12:54Z</time>
    </trkpt>
    <trkpt lat="31.960305" lon="34.95545">
      <ele>132.7</ele>
      <time>2010-01-01T00:12:56Z</time>
    </trkpt>
    <trkpt lat="31.960282" lon="34.955475">
      <ele>133.0</ele>
      <time>2010-01-01T00:12:57Z</time>
    </trkpt>
    <trkpt lat="31.960255" lon="34.955495">
      <ele>133.2</ele>
      <time>2010-01-01T00:12:58Z</time>
    </trkpt>
    <trkpt lat="31.960228" lon="34.955512">
      <ele>133.5</ele>
      <time>2010-01-01T00:12:59Z</time>
    </trkpt>
    <trkpt lat="31.960202" lon="34.955528">
      <ele>133.7</ele>
      <time>2010-01-01T00:13:00Z</time>
    </trkpt>
    <trkpt lat="31.960172" lon="34.955542">
      <ele>133.9</ele>
      <time>2010-01-01T00:13:02Z</time>
    </trkpt>
    <trkpt lat="31.960145" lon="34.955574">
      <ele>134.2</ele>
      <time>2010-01-01T00:13:03Z</time>
    </trkpt>
    <trkpt lat="31.960116" lon="34.955602">
      <ele>134.5</ele>
      <time>2010-01-01T00:13:05Z</time>
    </trkpt>
    <trkpt lat="31.960097" lon="34.955627">
      <ele>134.7</ele>
      <time>2010-01-01T00:13:06Z</time>
    </trkpt>
    <trkpt lat="31.960067" lon="34.955647">
      <ele>134.9</ele>
      <time>2010-01-01T00:13:07Z</time>
    </trkpt>
    <trkpt lat="31.960041" lon="34.955672">
      <ele>135.2</ele>
      <time>2010-01-01T00:13:09Z</time>
    </trkpt>
    <trkpt lat="31.960017" lon="34.955691">
      <ele>135.4</ele>
      <time>2010-01-01T00:13:10Z</time>
    </trkpt>
    <trkpt lat="31.959971" lon="34.955696">
      <ele>135.6</ele>
      <time>2010-01-01T00:13:12Z</time>
    </trkpt>
    <trkpt lat="31.959941" lon="34.955719">
      <ele>135.9</ele>
      <time>2010-01-01T00:13:13Z</time>
    </trkpt>
    <trkpt lat="31.959899" lon="34.955715">
      <ele>136.1</ele>
      <time>2010-01-01T00:13:15Z</time>
    </trkpt>
    <trkpt lat="31.959868" lon="34.955707">
      <ele>136.1</ele>
      <time>2010-01-01T00:13:16Z</time>
    </trkpt>
    <trkpt lat="31.959816" lon="34.955688">
      <ele>136.3</ele>
      <time>2010-01-01T00:13:18Z</time>
    </trkpt>
    <trkpt lat="31.959791" lon="34.955708">
      <ele>136.5</ele>
      <time>2010-01-01T00:13:19Z</time>
    </trkpt>
    <trkpt lat="31.959759" lon="34.955726">
      <ele>136.7</ele>
      <time>2010-01-01T00:13:21Z</time>
    </trkpt>
    <trkpt lat="31.959722" lon="34.955748">
      <ele>137.0</ele>
      <time>2010-01-01T00:13:23Z</time>
    </trkpt>
    <trkpt lat="31.959695" lon="34.955768">
      <ele>137.2</ele>
      <time>2010-01-01T00:13:24Z</time>
    </trkpt>
    <trkpt lat="31.959665" lon="34.955784">
      <ele>137.4</ele>
      <time>2010-01-01T00:13:25Z</time>
    </trkpt>
    <trkpt lat="31.959607" lon="34.955824">
      <ele>137.9</ele>
      <time>2010-01-01T00:13:28Z</time>
    </trkpt>
    <trkpt lat="31.959573" lon="34.955844">
      <ele>138.1</ele>
      <time>2010-01-01T00:13:29Z</time>
    </trkpt>
    <trkpt lat="31.959543" lon="34.955869">
      <ele>138.3</ele>
      <time>2010-01-01T00:13:31Z</time>
    </trkpt>
    <trkpt lat="31.959512" lon="34.955893">
      <ele>138.5</ele>
      <time>2010-01-01T00:13:32Z</time>
    </trkpt>
    <trkpt lat="31.95947" lon="34.955942">
      <ele>138.8</ele>
      <time>2010-01-01T00:13:35Z</time>
    </trkpt>
    <trkpt lat="31.959442" lon="34.955969">
      <ele>139.0</ele>
      <time>2010-01-01T00:13:36Z</time>
    </trkpt>
    <trkpt lat="31.95941" lon="34.95599">
      <ele>139.2</ele>
      <time>2010-01-01T00:13:38Z</time>
    </trkpt>
    <trkpt lat="31.95938" lon="34.956007">
      <ele>139.4</ele>
      <time>2010-01-01T00:13:39Z</time>
    </trkpt>
    <trkpt lat="31.959352" lon="34.956028">
      <ele>139.6</ele>
      <time>2010-01-01T00:13:40Z</time>
    </trkpt>
    <trkpt lat="31.959305" lon="34.956061">
      <ele>139.9</ele>
      <time>2010-01-01T00:13:42Z</time>
    </trkpt>
    <trkpt lat="31.959268" lon="34.956066">
      <ele>140.1</ele>
      <time>2010-01-01T00:13:44Z</time>
    </trkpt>
    <trkpt lat="31.959217" lon="34.956083">
      <ele>140.3</ele>
      <time>2010-01-01T00:13:46Z</time>
    </trkpt>
    <trkpt lat="31.959191" lon="34.956091">
      <ele>140.5</ele>
      <time>2010-01-01T00:13:47Z</time>
    </trkpt>
    <trkpt lat="31.959151" lon="34.956133">
      <ele>140.8</ele>
      <time>2010-01-01T00:13:49Z</time>
    </trkpt>
    <trkpt lat="31.959135" lon="34.956164">
      <ele>141.1</ele>
      <time>2010-01-01T00:13:50Z</time>
    </trkpt>
    <trkpt lat="31.959115" lon="34.956192">
      <ele>141.3</ele>
      <time>2010-01-01T00:13:52Z</time>
    </trkpt>
    <trkpt lat="31.959092" lon="34.956222">
      <ele>141.6</ele>
      <time>2010-01-01T00:13:53Z</time>
    </trkpt>
    <trkpt lat="31.959071" lon="34.956252">
      <ele>141.8</ele>
      <time>2010-01-01T00:13:54Z</time>
    </trkpt>
    <trkpt lat="31.959037" lon="34.956277">
      <ele>142.0</ele>
      <time>2010-01-01T00:13:56Z</time>
    </trkpt>
    <trkpt lat="31.959027" lon="34.956307">
      <ele>142.0</ele>
      <time>2010-01-01T00:13:57Z</time>
    </trkpt>
    <trkpt lat="31.958987" lon="34.956353">
      <ele>142.2</ele>
      <time>2010-01-01T00:13:59Z</time>
    </trkpt>
    <trkpt lat="31.958962" lon="34.956388">
      <ele>142.4</ele>
      <time>2010-01-01T00:14:01Z</time>
    </trkpt>
    <trkpt lat="31.958953" lon="34.956422">
      <ele>142.4</ele>
      <time>2010-01-01T00:14:02Z</time>
    </trkpt>
    <trkpt lat="31.958933" lon="34.956472">
      <ele>142.6</ele>
      <time>2010-01-01T00:14:04Z</time>
    </trkpt>
    <trkpt lat="31.958945" lon="34.956523">
      <ele>142.6</ele>
      <time>2010-01-01T00:14:06Z</time>
    </trkpt>
    <trkpt lat="31.958944" lon="34.956589">
      <ele>142.6</ele>
      <time>2010-01-01T00:14:08Z</time>
    </trkpt>
    <trkpt lat="31.958946" lon="34.956629">
      <ele>142.7</ele>
      <time>2010-01-01T00:14:09Z</time>
    </trkpt>
    <trkpt lat="31.958947" lon="34.956667">
      <ele>142.7</ele>
      <time>2010-01-01T00:14:11Z</time>
    </trkpt>
    <trkpt lat="31.958927" lon="34.956732">
      <ele>142.9</ele>
      <time>2010-01-01T00:14:13Z</time>
    </trkpt>
    <trkpt lat="31.958919" lon="34.956771">
      <ele>143.0</ele>
      <time>2010-01-01T00:14:14Z</time>
    </trkpt>
    <trkpt lat="31.958909" lon="34.956806">
      <ele>143.1</ele>
      <time>2010-01-01T00:14:16Z</time>
    </trkpt>
    <trkpt lat="31.958912" lon="34.956846">
      <ele>143.2</ele>
      <time>2010-01-01T00:14:17Z</time>
    </trkpt>
    <trkpt lat="31.958909" lon="34.956884">
      <ele>143.2</ele>
      <time>2010-01-01T00:14:18Z</time>
    </trkpt>
    <trkpt lat="31.958904" lon="34.956921">
      <ele>143.3</ele>
      <time>2010-01-01T00:14:20Z</time>
    </trkpt>
    <trkpt lat="31.958904" lon="34.956958">
      <ele>143.4</ele>
      <time>2010-01-01T00:14:21Z</time>
    </trkpt>
    <trkpt lat="31.958906" lon="34.956999">
      <ele>143.4</ele>
      <time>2010-01-01T00:14:22Z</time>
    </trkpt>
    <trkpt lat="31.958907" lon="34.957038">
      <ele>143.4</ele>
      <time>2010-01-01T00:14:24Z</time>
    </trkpt>
    <trkpt lat="31.958905" lon="34.957077">
      <ele>143.5</ele>
      <time>2010-01-01T00:14:25Z</time>
    </trkpt>
    <trkpt lat="31.958906" lon="34.957118">
      <ele>143.7</ele>
      <time>2010-01-01T00:14:26Z</time>
    </trkpt>
    <trkpt lat="31.958911" lon="34.957159">
      <ele>143.8</ele>
      <time>2010-01-01T00:14:28Z</time>
    </trkpt>
    <trkpt lat="31.958916" lon="34.957204">
      <ele>143.9</ele>
      <time>2010-01-01T00:14:29Z</time>
    </trkpt>
    <trkpt lat="31.958917" lon="34.957249">
      <ele>144.1</ele>
      <time>2010-01-01T00:14:31Z</time>
    </trkpt>
    <trkpt lat="31.958917" lon="34.957289">
      <ele>144.3</ele>
      <time>2010-01-01T00:14:32Z</time>
    </trkpt>
    <trkpt lat="31.958919" lon="34.957329">
      <ele>144.4</ele>
      <time>2010-01-01T00:14:33Z</time>
    </trkpt>
    <trkpt lat="31.95892" lon="34.957368">
      <ele>144.6</ele>
      <time>2010-01-01T00:14:35Z</time>
    </trkpt>
    <trkpt lat="31.958923" lon="34.957413">
      <ele>144.7</ele>
      <time>2010-01-01T00:14:36Z</time>
    </trkpt>
    <trkpt lat="31.958923" lon="34.95745">
      <ele>144.9</ele>
      <time>2010-01-01T00:14:38Z</time>
    </trkpt>
    <trkpt lat="31.958922" lon="34.957483">
      <ele>145.1</ele>
      <time>2010-01-01T00:14:39Z</time>
    </trkpt>
    <trkpt lat="31.958923" lon="34.957519">
      <ele>145.2</ele>
      <time>2010-01-01T00:14:40Z</time>
    </trkpt>
    <trkpt lat="31.958924" lon="34.957557">
      <ele>145.3</ele>
      <time>2010-01-01T00:14:41Z</time>
    </trkpt>
    <trkpt lat="31.958928" lon="34.957598">
      <ele>145.5</ele>
      <time>2010-01-01T00:14:43Z</time>
    </trkpt>
    <trkpt lat="31.95893" lon="34.957643">
      <ele>145.6</ele>
      <time>2010-01-01T00:14:44Z</time>
    </trkpt>
    <trkpt lat="31.958935" lon="34.95768">
      <ele>145.7</ele>
      <time>2010-01-01T00:14:45Z</time>
    </trkpt>
    <trkpt lat="31.958947" lon="34.957726">
      <ele>145.7</ele>
      <time>2010-01-01T00:14:47Z</time>
    </trkpt>
    <trkpt lat="31.958963" lon="34.957766">
      <ele>145.6</ele>
      <time>2010-01-01T00:14:49Z</time>
    </trkpt>
    <trkpt lat="31.958969" lon="34.957804">
      <ele>145.6</ele>
      <time>2010-01-01T00:14:50Z</time>
    </trkpt>
    <trkpt lat="31.95897" lon="34.957841">
      <ele>145.8</ele>
      <time>2010-01-01T00:14:51Z</time>
    </trkpt>
    <trkpt lat="31.958968" lon="34.957877">
      <ele>145.9</ele>
      <time>2010-01-01T00:14:52Z</time>
    </trkpt>
    <trkpt lat="31.958959" lon="34.957916">
      <ele>146.2</ele>
      <time>2010-01-01T00:14:54Z</time>
    </trkpt>
    <trkpt lat="31.958946" lon="34.957946">
      <ele>146.2</ele>
      <time>2010-01-01T00:14:55Z</time>
    </trkpt>
    <trkpt lat="31.958939" lon="34.957978">
      <ele>146.0</ele>
      <time>2010-01-01T00:14:56Z</time>
    </trkpt>
    <trkpt lat="31.95893" lon="34.958014">
      <ele>145.8</ele>
      <time>2010-01-01T00:14:57Z</time>
    </trkpt>
    <trkpt lat="31.958912" lon="34.958048">
      <ele>145.8</ele>
      <time>2010-01-01T00:14:59Z</time>
    </trkpt>
    <trkpt lat="31.958889" lon="34.958086">
      <ele>145.9</ele>
      <time>2010-01-01T00:15:00Z</time>
    </trkpt>
    <trkpt lat="31.958866" lon="34.958127">
      <ele>146.0</ele>
      <time>2010-01-01T00:15:02Z</time>
    </trkpt>
    <trkpt lat="31.958836" lon="34.958148">
      <ele>146.5</ele>
      <time>2010-01-01T00:15:03Z</time>
    </trkpt>
    <trkpt lat="31.958814" lon="34.958185">
      <ele>146.6</ele>
      <time>2010-01-01T00:15:05Z</time>
    </trkpt>
    <trkpt lat="31.958791" lon="34.958223">
      <ele>146.9</ele>
      <time>2010-01-01T00:15:06Z</time>
    </trkpt>
    <trkpt lat="31.958766" lon="34.958253">
      <ele>147.2</ele>
      <time>2010-01-01T00:15:08Z</time>
    </trkpt>
    <trkpt lat="31.958739" lon="34.958292">
      <ele>147.4</ele>
      <time>2010-01-01T00:15:10Z</time>
    </trkpt>
    <trkpt lat="31.958701" lon="34.958326">
      <ele>147.5</ele>
      <time>2010-01-01T00:15:11Z</time>
    </trkpt>
    <trkpt lat="31.958667" lon="34.958362">
      <ele>147.6</ele>
      <time>2010-01-01T00:15:13Z</time>
    </trkpt>
    <trkpt lat="31.958645" lon="34.958391">
      <ele>147.6</ele>
      <time>2010-01-01T00:15:15Z</time>
    </trkpt>
    <trkpt lat="31.958613" lon="34.958426">
      <ele>147.7</ele>
      <time>2010-01-01T00:15:16Z</time>
    </trkpt>
    <trkpt lat="31.958572" lon="34.958453">
      <ele>147.9</ele>
      <time>2010-01-01T00:15:18Z</time>
    </trkpt>
    <trkpt lat="31.95855" lon="34.95849">
      <ele>147.9</ele>
      <time>2010-01-01T00:15:20Z</time>
    </trkpt>
    <trkpt lat="31.958529" lon="34.958515">
      <ele>148.0</ele>
      <time>2010-01-01T00:15:21Z</time>
    </trkpt>
    <trkpt lat="31.958502" lon="34.958549">
      <ele>148.1</ele>
      <time>2010-01-01T00:15:23Z</time>
    </trkpt>
    <trkpt lat="31.958472" lon="34.958583">
      <ele>148.2</ele>
      <time>2010-01-01T00:15:24Z</time>
    </trkpt>
    <trkpt lat="31.958446" lon="34.958621">
      <ele>148.3</ele>
      <time>2010-01-01T00:15:26Z</time>
    </trkpt>
    <trkpt lat="31.958405" lon="34.958638">
      <ele>148.7</ele>
      <time>2010-01-01T00:15:28Z</time>
    </trkpt>
    <trkpt lat="31.958368" lon="34.958673">
      <ele>148.9</ele>
      <time>2010-01-01T00:15:30Z</time>
    </trkpt>
    <trkpt lat="31.958329" lon="34.958693">
      <ele>149.3</ele>
      <time>2010-01-01T00:15:31Z</time>
    </trkpt>
    <trkpt lat="31.958298" lon="34.958719">
      <ele>149.5</ele>
      <time>2010-01-01T00:15:33Z</time>
    </trkpt>
    <trkpt lat="31.958268" lon="34.958751">
      <ele>149.8</ele>
      <time>2010-01-01T00:15:34Z</time>
    </trkpt>
    <trkpt lat="31.958208" lon="34.958755">
      <ele>150.4</ele>
      <time>2010-01-01T00:15:37Z</time>
    </trkpt>
    <trkpt lat="31.958172" lon="34.958776">
      <ele>150.3</ele>
      <time>2010-01-01T00:15:38Z</time>
    </trkpt>
    <trkpt lat="31.958139" lon="34.958796">
      <ele>150.3</ele>
      <time>2010-01-01T00:15:40Z</time>
    </trkpt>
    <trkpt lat="31.958114" lon="34.958814">
      <ele>150.2</ele>
      <time>2010-01-01T00:15:41Z</time>
    </trkpt>
    <trkpt lat="31.95809" lon="34.958835">
      <ele>150.0</ele>
      <time>2010-01-01T00:15:42Z</time>
    </trkpt>
    <trkpt lat="31.958071" lon="34.95886">
      <ele>149.7</ele>
      <time>2010-01-01T00:15:43Z</time>
    </trkpt>
    <trkpt lat="31.95805" lon="34.958889">
      <ele>149.3</ele>
      <time>2010-01-01T00:15:45Z</time>
    </trkpt>
    <trkpt lat="31.958021" lon="34.95891">
      <ele>149.3</ele>
      <time>2010-01-01T00:15:46Z</time>
    </trkpt>
    <trkpt lat="31.957976" lon="34.958914">
      <ele>149.8</ele>
      <time>2010-01-01T00:15:48Z</time>
    </trkpt>
    <trkpt lat="31.957952" lon="34.958939">
      <ele>149.6</ele>
      <time>2010-01-01T00:15:49Z</time>
    </trkpt>
    <trkpt lat="31.957923" lon="34.958959">
      <ele>149.6</ele>
      <time>2010-01-01T00:15:50Z</time>
    </trkpt>
    <trkpt lat="31.957888" lon="34.958978">
      <ele>149.4</ele>
      <time>2010-01-01T00:15:52Z</time>
    </trkpt>
    <trkpt lat="31.957853" lon="34.958997">
      <ele>149.1</ele>
      <time>2010-01-01T00:15:54Z</time>
    </trkpt>
    <trkpt lat="31.957818" lon="34.95902">
      <ele>148.7</ele>
      <time>2010-01-01T00:15:55Z</time>
    </trkpt>
    <trkpt lat="31.957789" lon="34.959039">
      <ele>148.4</ele>
      <time>2010-01-01T00:15:56Z</time>
    </trkpt>
    <trkpt lat="31.957758" lon="34.959047">
      <ele>148.3</ele>
      <time>2010-01-01T00:15:58Z</time>
    </trkpt>
    <trkpt lat="31.957724" lon="34.959062">
      <ele>148.2</ele>
      <time>2010-01-01T00:15:59Z</time>
    </trkpt>
    <trkpt lat="31.957684" lon="34.959081">
      <ele>147.9</ele>
      <time>2010-01-01T00:16:01Z</time>
    </trkpt>
    <trkpt lat="31.957655" lon="34.959093">
      <ele>147.8</ele>
      <time>2010-01-01T00:16:02Z</time>
    </trkpt>
    <trkpt lat="31.957628" lon="34.959113">
      <ele>147.5</ele>
      <time>2010-01-01T00:16:03Z</time>
    </trkpt>
    <trkpt lat="31.957597" lon="34.959131">
      <ele>147.3</ele>
      <time>2010-01-01T00:16:05Z</time>
    </trkpt>
    <trkpt lat="31.957563" lon="34.959155">
      <ele>147.0</ele>
      <time>2010-01-01T00:16:06Z</time>
    </trkpt>
    <trkpt lat="31.957531" lon="34.959179">
      <ele>146.7</ele>
      <time>2010-01-01T00:16:08Z</time>
    </trkpt>
    <trkpt lat="31.957503" lon="34.959202">
      <ele>146.4</ele>
      <time>2010-01-01T00:16:09Z</time>
    </trkpt>
    <trkpt lat="31.95747" lon="34.959228">
      <ele>146.1</ele>
      <time>2010-01-01T00:16:11Z</time>
    </trkpt>
    <trkpt lat="31.957436" lon="34.959258">
      <ele>145.7</ele>
      <time>2010-01-01T00:16:13Z</time>
    </trkpt>
    <trkpt lat="31.957398" lon="34.959286">
      <ele>145.5</ele>
      <time>2010-01-01T00:16:14Z</time>
    </trkpt>
    <trkpt lat="31.957359" lon="34.959311">
      <ele>145.3</ele>
      <time>2010-01-01T00:16:16Z</time>
    </trkpt>
    <trkpt lat="31.957319" lon="34.95933">
      <ele>145.2</ele>
      <time>2010-01-01T00:16:18Z</time>
    </trkpt>
    <trkpt lat="31.957275" lon="34.959351">
      <ele>145.1</ele>
      <time>2010-01-01T00:16:20Z</time>
    </trkpt>
    <trkpt lat="31.957236" lon="34.95938">
      <ele>144.9</ele>
      <time>2010-01-01T00:16:22Z</time>
    </trkpt>
    <trkpt lat="31.957194" lon="34.959411">
      <ele>144.6</ele>
      <time>2010-01-01T00:16:24Z</time>
    </trkpt>
    <trkpt lat="31.957157" lon="34.959434">
      <ele>144.5</ele>
      <time>2010-01-01T00:16:25Z</time>
    </trkpt>
    <trkpt lat="31.957119" lon="34.959463">
      <ele>144.4</ele>
      <time>2010-01-01T00:16:27Z</time>
    </trkpt>
    <trkpt lat="31.957062" lon="34.959488">
      <ele>144.4</ele>
      <time>2010-01-01T00:16:30Z</time>
    </trkpt>
    <trkpt lat="31.957009" lon="34.959498">
      <ele>144.7</ele>
      <time>2010-01-01T00:16:32Z</time>
    </trkpt>
    <trkpt lat="31.956953" lon="34.959512">
      <ele>145.0</ele>
      <time>2010-01-01T00:16:34Z</time>
    </trkpt>
    <trkpt lat="31.956892" lon="34.95953">
      <ele>145.3</ele>
      <time>2010-01-01T00:16:36Z</time>
    </trkpt>
    <trkpt lat="31.956835" lon="34.959547">
      <ele>145.5</ele>
      <time>2010-01-01T00:16:39Z</time>
    </trkpt>
    <trkpt lat="31.956775" lon="34.959562">
      <ele>145.8</ele>
      <time>2010-01-01T00:16:41Z</time>
    </trkpt>
    <trkpt lat="31.956718" lon="34.959582">
      <ele>146.1</ele>
      <time>2010-01-01T00:16:44Z</time>
    </trkpt>
    <trkpt lat="31.956673" lon="34.959603">
      <ele>146.2</ele>
      <time>2010-01-01T00:16:46Z</time>
    </trkpt>
    <trkpt lat="31.956637" lon="34.959626">
      <ele>146.2</ele>
      <time>2010-01-01T00:16:47Z</time>
    </trkpt>
    <trkpt lat="31.956601" lon="34.959643">
      <ele>146.3</ele>
      <time>2010-01-01T00:16:49Z</time>
    </trkpt>
    <trkpt lat="31.956565" lon="34.959655">
      <ele>146.4</ele>
      <time>2010-01-01T00:16:50Z</time>
    </trkpt>
    <trkpt lat="31.956535" lon="34.959655">
      <ele>146.7</ele>
      <time>2010-01-01T00:16:51Z</time>
    </trkpt>
    <trkpt lat="31.956507" lon="34.959651">
      <ele>147.0</ele>
      <time>2010-01-01T00:16:53Z</time>
    </trkpt>
    <trkpt lat="31.956476" lon="34.959654">
      <ele>147.3</ele>
      <time>2010-01-01T00:16:54Z</time>
    </trkpt>
    <trkpt lat="31.956435" lon="34.959653">
      <ele>147.6</ele>
      <time>2010-01-01T00:16:56Z</time>
    </trkpt>
    <trkpt lat="31.956389" lon="34.959648">
      <ele>148.1</ele>
      <time>2010-01-01T00:16:57Z</time>
    </trkpt>
    <trkpt lat="31.956358" lon="34.959637">
      <ele>148.5</ele>
      <time>2010-01-01T00:16:59Z</time>
    </trkpt>
    <trkpt lat="31.956321" lon="34.959637">
      <ele>148.8</ele>
      <time>2010-01-01T00:17:00Z</time>
    </trkpt>
    <trkpt lat="31.95628" lon="34.959629">
      <ele>149.3</ele>
      <time>2010-01-01T00:17:02Z</time>
    </trkpt>
    <trkpt lat="31.956242" lon="34.959634">
      <ele>149.6</ele>
      <time>2010-01-01T00:17:03Z</time>
    </trkpt>
    <trkpt lat="31.956209" lon="34.959666">
      <ele>149.7</ele>
      <time>2010-01-01T00:17:05Z</time>
    </trkpt>
    <trkpt lat="31.956197" lon="34.959712">
      <ele>149.5</ele>
      <time>2010-01-01T00:17:07Z</time>
    </trkpt>
    <trkpt lat="31.956198" lon="34.959747">
      <ele>149.1</ele>
      <time>2010-01-01T00:17:08Z</time>
    </trkpt>
    <trkpt lat="31.956189" lon="34.959813">
      <ele>148.6</ele>
      <time>2010-01-01T00:17:10Z</time>
    </trkpt>
    <trkpt lat="31.956197" lon="34.959853">
      <ele>148.1</ele>
      <time>2010-01-01T00:17:12Z</time>
    </trkpt>
    <trkpt lat="31.956205" lon="34.959898">
      <ele>147.6</ele>
      <time>2010-01-01T00:17:13Z</time>
    </trkpt>
    <trkpt lat="31.95621" lon="34.959944">
      <ele>147.0</ele>
      <time>2010-01-01T00:17:15Z</time>
    </trkpt>
    <trkpt lat="31.956209" lon="34.959992">
      <ele>146.6</ele>
      <time>2010-01-01T00:17:16Z</time>
    </trkpt>
    <trkpt lat="31.956182" lon="34.960047">
      <ele>146.4</ele>
      <time>2010-01-01T00:17:18Z</time>
    </trkpt>
    <trkpt lat="31.956157" lon="34.960102">
      <ele>146.2</ele>
      <time>2010-01-01T00:17:21Z</time>
    </trkpt>
    <trkpt lat="31.956127" lon="34.960157">
      <ele>146.0</ele>
      <time>2010-01-01T00:17:23Z</time>
    </trkpt>
    <trkpt lat="31.956107" lon="34.960214">
      <ele>145.7</ele>
      <time>2010-01-01T00:17:25Z</time>
    </trkpt>
    <trkpt lat="31.956085" lon="34.960271">
      <ele>145.4</ele>
      <time>2010-01-01T00:17:27Z</time>
    </trkpt>
    <trkpt lat="31.956046" lon="34.960317">
      <ele>145.4</ele>
      <time>2010-01-01T00:17:29Z</time>
    </trkpt>
    <trkpt lat="31.956028" lon="34.960376">
      <ele>145.1</ele>
      <time>2010-01-01T00:17:31Z</time>
    </trkpt>
    <trkpt lat="31.956008" lon="34.960449">
      <ele>144.5</ele>
      <time>2010-01-01T00:17:34Z</time>
    </trkpt>
    <trkpt lat="31.955977" lon="34.960516">
      <ele>144.0</ele>
      <time>2010-01-01T00:17:37Z</time>
    </trkpt>
    <trkpt lat="31.955937" lon="34.960568">
      <ele>143.9</ele>
      <time>2010-01-01T00:17:39Z</time>
    </trkpt>
    <trkpt lat="31.955898" lon="34.960617">
      <ele>143.7</ele>
      <time>2010-01-01T00:17:41Z</time>
    </trkpt>
    <trkpt lat="31.95585" lon="34.960665">
      <ele>143.7</ele>
      <time>2010-01-01T00:17:44Z</time>
    </trkpt>
    <trkpt lat="31.955801" lon="34.960698">
      <ele>143.8</ele>
      <time>2010-01-01T00:17:46Z</time>
    </trkpt>
    <trkpt lat="31.955752" lon="34.960727">
      <ele>144.0</ele>
      <time>2010-01-01T00:17:48Z</time>
    </trkpt>
    <trkpt lat="31.955703" lon="34.960762">
      <ele>144.1</ele>
      <time>2010-01-01T00:17:50Z</time>
    </trkpt>
    <trkpt lat="31.955655" lon="34.960775">
      <ele>144.5</ele>
      <time>2010-01-01T00:17:52Z</time>
    </trkpt>
    <trkpt lat="31.955604" lon="34.960798">
      <ele>144.8</ele>
      <time>2010-01-01T00:17:55Z</time>
    </trkpt>
    <trkpt lat="31.955562" lon="34.960822">
      <ele>145.0</ele>
      <time>2010-01-01T00:17:57Z</time>
    </trkpt>
    <trkpt lat="31.95552" lon="34.960843">
      <ele>145.2</ele>
      <time>2010-01-01T00:17:58Z</time>
    </trkpt>
    <trkpt lat="31.955484" lon="34.960867">
      <ele>145.3</ele>
      <time>2010-01-01T00:18:00Z</time>
    </trkpt>
    <trkpt lat="31.955445" lon="34.960889">
      <ele>145.4</ele>
      <time>2010-01-01T00:18:02Z</time>
    </trkpt>
    <trkpt lat="31.955406" lon="34.960909">
      <ele>145.6</ele>
      <time>2010-01-01T00:18:03Z</time>
    </trkpt>
    <trkpt lat="31.955372" lon="34.96093">
      <ele>145.7</ele>
      <time>2010-01-01T00:18:05Z</time>
    </trkpt>
    <trkpt lat="31.95534" lon="34.960958">
      <ele>145.7</ele>
      <time>2010-01-01T00:18:07Z</time>
    </trkpt>
    <trkpt lat="31.955303" lon="34.960977">
      <ele>145.8</ele>
      <time>2010-01-01T00:18:08Z</time>
    </trkpt>
    <trkpt lat="31.955265" lon="34.960986">
      <ele>146.1</ele>
      <time>2010-01-01T00:18:10Z</time>
    </trkpt>
    <trkpt lat="31.955231" lon="34.961003">
      <ele>146.3</ele>
      <time>2010-01-01T00:18:11Z</time>
    </trkpt>
    <trkpt lat="31.955193" lon="34.96101">
      <ele>146.6</ele>
      <time>2010-01-01T00:18:13Z</time>
    </trkpt>
    <trkpt lat="31.955159" lon="34.961026">
      <ele>146.8</ele>
      <time>2010-01-01T00:18:14Z</time>
    </trkpt>
    <trkpt lat="31.955123" lon="34.961047">
      <ele>146.9</ele>
      <time>2010-01-01T00:18:16Z</time>
    </trkpt>
    <trkpt lat="31.955089" lon="34.961062">
      <ele>147.1</ele>
      <time>2010-01-01T00:18:17Z</time>
    </trkpt>
    <trkpt lat="31.955054" lon="34.961076">
      <ele>147.4</ele>
      <time>2010-01-01T00:18:19Z</time>
    </trkpt>
    <trkpt lat="31.955023" lon="34.961081">
      <ele>147.7</ele>
      <time>2010-01-01T00:18:20Z</time>
    </trkpt>
    <trkpt lat="31.954988" lon="34.961088">
      <ele>148.0</ele>
      <time>2010-01-01T00:18:21Z</time>
    </trkpt>
    <trkpt lat="31.954956" lon="34.961096">
      <ele>148.3</ele>
      <time>2010-01-01T00:18:23Z</time>
    </trkpt>
    <trkpt lat="31.954929" lon="34.961112">
      <ele>148.4</ele>
      <time>2010-01-01T00:18:24Z</time>
    </trkpt>
    <trkpt lat="31.954898" lon="34.961129">
      <ele>148.6</ele>
      <time>2010-01-01T00:18:25Z</time>
    </trkpt>
    <trkpt lat="31.954852" lon="34.961145">
      <ele>148.9</ele>
      <time>2010-01-01T00:18:27Z</time>
    </trkpt>
    <trkpt lat="31.95482" lon="34.961154">
      <ele>149.2</ele>
      <time>2010-01-01T00:18:29Z</time>
    </trkpt>
    <trkpt lat="31.95479" lon="34.961157">
      <ele>149.5</ele>
      <time>2010-01-01T00:18:30Z</time>
    </trkpt>
    <trkpt lat="31.954751" lon="34.961189">
      <ele>149.6</ele>
      <time>2010-01-01T00:18:32Z</time>
    </trkpt>
    <trkpt lat="31.954711" lon="34.961211">
      <ele>149.9</ele>
      <time>2010-01-01T00:18:33Z</time>
    </trkpt>
    <trkpt lat="31.954668" lon="34.961253">
      <ele>150.0</ele>
      <time>2010-01-01T00:18:36Z</time>
    </trkpt>
    <trkpt lat="31.954637" lon="34.961292">
      <ele>150.1</ele>
      <time>2010-01-01T00:18:37Z</time>
    </trkpt>
    <trkpt lat="31.954631" lon="34.961347">
      <ele>149.9</ele>
      <time>2010-01-01T00:18:39Z</time>
    </trkpt>
    <trkpt lat="31.954646" lon="34.961392">
      <ele>149.5</ele>
      <time>2010-01-01T00:18:41Z</time>
    </trkpt>
    <trkpt lat="31.954658" lon="34.961424">
      <ele>149.2</ele>
      <time>2010-01-01T00:18:42Z</time>
    </trkpt>
    <trkpt lat="31.954676" lon="34.961465">
      <ele>148.8</ele>
      <time>2010-01-01T00:18:44Z</time>
    </trkpt>
    <trkpt lat="31.9547" lon="34.961524">
      <ele>148.2</ele>
      <time>2010-01-01T00:18:46Z</time>
    </trkpt>
    <trkpt lat="31.954729" lon="34.961571">
      <ele>147.6</ele>
      <time>2010-01-01T00:18:48Z</time>
    </trkpt>
    <trkpt lat="31.954745" lon="34.96161">
      <ele>147.2</ele>
      <time>2010-01-01T00:18:49Z</time>
    </trkpt>
    <trkpt lat="31.95476" lon="34.961653">
      <ele>146.7</ele>
      <time>2010-01-01T00:18:51Z</time>
    </trkpt>
    <trkpt lat="31.954778" lon="34.961703">
      <ele>146.2</ele>
      <time>2010-01-01T00:18:53Z</time>
    </trkpt>
    <trkpt lat="31.954797" lon="34.961753">
      <ele>145.7</ele>
      <time>2010-01-01T00:18:55Z</time>
    </trkpt>
    <trkpt lat="31.954813" lon="34.961799">
      <ele>145.2</ele>
      <time>2010-01-01T00:18:56Z</time>
    </trkpt>
    <trkpt lat="31.954826" lon="34.96185">
      <ele>144.8</ele>
      <time>2010-01-01T00:18:58Z</time>
    </trkpt>
    <trkpt lat="31.954831" lon="34.961894">
      <ele>144.5</ele>
      <time>2010-01-01T00:19:00Z</time>
    </trkpt>
    <trkpt lat="31.954839" lon="34.961938">
      <ele>144.1</ele>
      <time>2010-01-01T00:19:01Z</time>
    </trkpt>
    <trkpt lat="31.954835" lon="34.961984">
      <ele>143.9</ele>
      <time>2010-01-01T00:19:03Z</time>
    </trkpt>
    <trkpt lat="31.954823" lon="34.962024">
      <ele>143.9</ele>
      <time>2010-01-01T00:19:04Z</time>
    </trkpt>
    <trkpt lat="31.954804" lon="34.962062">
      <ele>143.9</ele>
      <time>2010-01-01T00:19:06Z</time>
    </trkpt>
    <trkpt lat="31.954778" lon="34.962086">
      <ele>144.2</ele>
      <time>2010-01-01T00:19:07Z</time>
    </trkpt>
    <trkpt lat="31.954747" lon="34.962092">
      <ele>144.6</ele>
      <time>2010-01-01T00:19:08Z</time>
    </trkpt>
    <trkpt lat="31.954695" lon="34.962052">
      <ele>145.6</ele>
      <time>2010-01-01T00:19:11Z</time>
    </trkpt>
    <trkpt lat="31.954676" lon="34.962024">
      <ele>146.0</ele>
      <time>2010-01-01T00:19:12Z</time>
    </trkpt>
    <trkpt lat="31.954652" lon="34.961998">
      <ele>146.4</ele>
      <time>2010-01-01T00:19:13Z</time>
    </trkpt>
    <trkpt lat="31.954611" lon="34.961995">
      <ele>147.0</ele>
      <time>2010-01-01T00:19:15Z</time>
    </trkpt>
    <trkpt lat="31.95457" lon="34.962023">
      <ele>147.3</ele>
      <time>2010-01-01T00:19:17Z</time>
    </trkpt>
    <trkpt lat="31.954538" lon="34.962069">
      <ele>147.1</ele>
      <time>2010-01-01T00:19:19Z</time>
    </trkpt>
    <trkpt lat="31.954528" lon="34.962101">
      <ele>146.9</ele>
      <time>2010-01-01T00:19:20Z</time>
    </trkpt>
    <trkpt lat="31.954525" lon="34.962168">
      <ele>146.6</ele>
      <time>2010-01-01T00:19:22Z</time>
    </trkpt>
    <trkpt lat="31.95452" lon="34.962203">
      <ele>146.5</ele>
      <time>2010-01-01T00:19:24Z</time>
    </trkpt>
    <trkpt lat="31.954514" lon="34.96224">
      <ele>146.3</ele>
      <time>2010-01-01T00:19:25Z</time>
    </trkpt>
    <trkpt lat="31.954501" lon="34.962274">
      <ele>146.1</ele>
      <time>2010-01-01T00:19:26Z</time>
    </trkpt>
    <trkpt lat="31.954485" lon="34.962302">
      <ele>145.9</ele>
      <time>2010-01-01T00:19:27Z</time>
    </trkpt>
    <trkpt lat="31.954458" lon="34.962325">
      <ele>145.7</ele>
      <time>2010-01-01T00:19:29Z</time>
    </trkpt>
    <trkpt lat="31.95444" lon="34.962354">
      <ele>145.5</ele>
      <time>2010-01-01T00:19:30Z</time>
    </trkpt>
    <trkpt lat="31.954414" lon="34.962384">
      <ele>145.2</ele>
      <time>2010-01-01T00:19:31Z</time>
    </trkpt>
    <trkpt lat="31.954383" lon="34.962414">
      <ele>144.9</ele>
      <time>2010-01-01T00:19:33Z</time>
    </trkpt>
    <trkpt lat="31.954353" lon="34.962437">
      <ele>144.6</ele>
      <time>2010-01-01T00:19:34Z</time>
    </trkpt>
    <trkpt lat="31.954319" lon="34.962453">
      <ele>144.3</ele>
      <time>2010-01-01T00:19:36Z</time>
    </trkpt>
    <trkpt lat="31.954283" lon="34.962452">
      <ele>144.1</ele>
      <time>2010-01-01T00:19:37Z</time>
    </trkpt>
    <trkpt lat="31.954257" lon="34.962441">
      <ele>144.0</ele>
      <time>2010-01-01T00:19:38Z</time>
    </trkpt>
    <trkpt lat="31.954219" lon="34.962446">
      <ele>143.8</ele>
      <time>2010-01-01T00:19:40Z</time>
    </trkpt>
    <trkpt lat="31.954169" lon="34.962456">
      <ele>143.4</ele>
      <time>2010-01-01T00:19:42Z</time>
    </trkpt>
    <trkpt lat="31.95414" lon="34.96245">
      <ele>143.3</ele>
      <time>2010-01-01T00:19:43Z</time>
    </trkpt>
    <trkpt lat="31.954112" lon="34.962455">
      <ele>143.1</ele>
      <time>2010-01-01T00:19:44Z</time>
    </trkpt>
    <trkpt lat="31.954079" lon="34.962442">
      <ele>143.1</ele>
      <time>2010-01-01T00:19:46Z</time>
    </trkpt>
    <trkpt lat="31.95405" lon="34.962431">
      <ele>143.1</ele>
      <time>2010-01-01T00:19:47Z</time>
    </trkpt>
    <trkpt lat="31.954016" lon="34.96241">
      <ele>143.2</ele>
      <time>2010-01-01T00:19:48Z</time>
    </trkpt>
    <trkpt lat="31.953978" lon="34.962383">
      <ele>143.3</ele>
      <time>2010-01-01T00:19:50Z</time>
    </trkpt>
    <trkpt lat="31.953928" lon="34.96233">
      <ele>143.8</ele>
      <time>2010-01-01T00:19:53Z</time>
    </trkpt>
    <trkpt lat="31.953894" lon="34.962305">
      <ele>144.0</ele>
      <time>2010-01-01T00:19:54Z</time>
    </trkpt>
    <trkpt lat="31.953859" lon="34.962276">
      <ele>144.3</ele>
      <time>2010-01-01T00:19:56Z</time>
    </trkpt>
    <trkpt lat="31.953829" lon="34.962258">
      <ele>144.5</ele>
      <time>2010-01-01T00:19:57Z</time>
    </trkpt>
    <trkpt lat="31.953794" lon="34.962253">
      <ele>144.5</ele>
      <time>2010-01-01T00:19:59Z</time>
    </trkpt>
    <trkpt lat="31.953756" lon="34.962264">
      <ele>144.2</ele>
      <time>2010-01-01T00:20:00Z</time>
    </trkpt>
    <trkpt lat="31.953721" lon="34.962297">
      <ele>143.6</ele>
      <time>2010-01-01T00:20:02Z</time>
    </trkpt>
    <trkpt lat="31.9537" lon="34.962343">
      <ele>142.8</ele>
      <time>2010-01-01T00:20:04Z</time>
    </trkpt>
    <trkpt lat="31.953672" lon="34.962385">
      <ele>142.0</ele>
      <time>2010-01-01T00:20:06Z</time>
    </trkpt>
    <trkpt lat="31.953638" lon="34.962434">
      <ele>141.1</ele>
      <time>2010-01-01T00:20:08Z</time>
    </trkpt>
    <trkpt lat="31.953601" lon="34.962477">
      <ele>140.3</ele>
      <time>2010-01-01T00:20:10Z</time>
    </trkpt>
    <trkpt lat="31.953555" lon="34.962512">
      <ele>139.6</ele>
      <time>2010-01-01T00:20:12Z</time>
    </trkpt>
    <trkpt lat="31.9535" lon="34.962543">
      <ele>138.9</ele>
      <time>2010-01-01T00:20:15Z</time>
    </trkpt>
    <trkpt lat="31.953442" lon="34.962565">
      <ele>138.3</ele>
      <time>2010-01-01T00:20:17Z</time>
    </trkpt>
    <trkpt lat="31.953375" lon="34.962573">
      <ele>137.9</ele>
      <time>2010-01-01T00:20:20Z</time>
    </trkpt>
    <trkpt lat="31.953302" lon="34.962537">
      <ele>138.3</ele>
      <time>2010-01-01T00:20:23Z</time>
    </trkpt>
    <trkpt lat="31.953241" lon="34.962506">
      <ele>138.6</ele>
      <time>2010-01-01T00:20:26Z</time>
    </trkpt>
    <trkpt lat="31.953181" lon="34.96248">
      <ele>138.8</ele>
      <time>2010-01-01T00:20:28Z</time>
    </trkpt>
    <trkpt lat="31.953127" lon="34.962478">
      <ele>138.6</ele>
      <time>2010-01-01T00:20:30Z</time>
    </trkpt>
    <trkpt lat="31.953077" lon="34.962502">
      <ele>138.0</ele>
      <time>2010-01-01T00:20:33Z</time>
    </trkpt>
    <trkpt lat="31.953028" lon="34.962512">
      <ele>137.7</ele>
      <time>2010-01-01T00:20:35Z</time>
    </trkpt>
    <trkpt lat="31.952983" lon="34.962546">
      <ele>136.9</ele>
      <time>2010-01-01T00:20:37Z</time>
    </trkpt>
    <trkpt lat="31.952931" lon="34.962567">
      <ele>136.3</ele>
      <time>2010-01-01T00:20:39Z</time>
    </trkpt>
    <trkpt lat="31.952866" lon="34.962603">
      <ele>136.0</ele>
      <time>2010-01-01T00:20:42Z</time>
    </trkpt>
    <trkpt lat="31.952813" lon="34.962651">
      <ele>135.4</ele>
      <time>2010-01-01T00:20:44Z</time>
    </trkpt>
    <trkpt lat="31.95275" lon="34.96269">
      <ele>135.2</ele>
      <time>2010-01-01T00:20:47Z</time>
    </trkpt>
    <trkpt lat="31.952689" lon="34.962728">
      <ele>134.9</ele>
      <time>2010-01-01T00:20:50Z</time>
    </trkpt>
    <trkpt lat="31.952631" lon="34.962763">
      <ele>134.7</ele>
      <time>2010-01-01T00:20:53Z</time>
    </trkpt>
    <trkpt lat="31.95258" lon="34.962793">
      <ele>134.5</ele>
      <time>2010-01-01T00:20:55Z</time>
    </trkpt>
    <trkpt lat="31.952525" lon="34.962796">
      <ele>134.9</ele>
      <time>2010-01-01T00:20:57Z</time>
    </trkpt>
    <trkpt lat="31.952479" lon="34.962823">
      <ele>134.7</ele>
      <time>2010-01-01T00:20:59Z</time>
    </trkpt>
    <trkpt lat="31.952437" lon="34.962862">
      <ele>134.4</ele>
      <time>2010-01-01T00:21:01Z</time>
    </trkpt>
    <trkpt lat="31.952397" lon="34.962909">
      <ele>133.9</ele>
      <time>2010-01-01T00:21:04Z</time>
    </trkpt>
    <trkpt lat="31.95238" lon="34.962962">
      <ele>133.5</ele>
      <time>2010-01-01T00:21:05Z</time>
    </trkpt>
    <trkpt lat="31.952366" lon="34.963009">
      <ele>133.2</ele>
      <time>2010-01-01T00:21:07Z</time>
    </trkpt>
    <trkpt lat="31.952351" lon="34.963061">
      <ele>132.8</ele>
      <time>2010-01-01T00:21:09Z</time>
    </trkpt>
    <trkpt lat="31.952331" lon="34.963097">
      <ele>132.6</ele>
      <time>2010-01-01T00:21:11Z</time>
    </trkpt>
    <trkpt lat="31.952312" lon="34.96314">
      <ele>132.4</ele>
      <time>2010-01-01T00:21:12Z</time>
    </trkpt>
    <trkpt lat="31.952277" lon="34.963181">
      <ele>132.2</ele>
      <time>2010-01-01T00:21:14Z</time>
    </trkpt>
    <trkpt lat="31.952247" lon="34.963204">
      <ele>132.2</ele>
      <time>2010-01-01T00:21:16Z</time>
    </trkpt>
    <trkpt lat="31.952222" lon="34.963237">
      <ele>132.1</ele>
      <time>2010-01-01T00:21:17Z</time>
    </trkpt>
    <trkpt lat="31.952186" lon="34.963258">
      <ele>132.1</ele>
      <time>2010-01-01T00:21:19Z</time>
    </trkpt>
    <trkpt lat="31.952158" lon="34.963287">
      <ele>132.0</ele>
      <time>2010-01-01T00:21:20Z</time>
    </trkpt>
    <trkpt lat="31.952135" lon="34.963318">
      <ele>131.8</ele>
      <time>2010-01-01T00:21:22Z</time>
    </trkpt>
    <trkpt lat="31.952098" lon="34.963334">
      <ele>131.9</ele>
      <time>2010-01-01T00:21:23Z</time>
    </trkpt>
    <trkpt lat="31.95205" lon="34.963337">
      <ele>132.3</ele>
      <time>2010-01-01T00:21:25Z</time>
    </trkpt>
    <trkpt lat="31.952008" lon="34.963353">
      <ele>132.6</ele>
      <time>2010-01-01T00:21:27Z</time>
    </trkpt>
    <trkpt lat="31.951973" lon="34.963369">
      <ele>132.8</ele>
      <time>2010-01-01T00:21:28Z</time>
    </trkpt>
    <trkpt lat="31.951931" lon="34.963366">
      <ele>133.2</ele>
      <time>2010-01-01T00:21:30Z</time>
    </trkpt>
    <trkpt lat="31.951893" lon="34.963372">
      <ele>133.6</ele>
      <time>2010-01-01T00:21:32Z</time>
    </trkpt>
    <trkpt lat="31.951862" lon="34.963382">
      <ele>133.8</ele>
      <time>2010-01-01T00:21:33Z</time>
    </trkpt>
    <trkpt lat="31.951825" lon="34.963384">
      <ele>134.1</ele>
      <time>2010-01-01T00:21:34Z</time>
    </trkpt>
    <trkpt lat="31.951796" lon="34.96339">
      <ele>134.4</ele>
      <time>2010-01-01T00:21:36Z</time>
    </trkpt>
    <trkpt lat="31.951764" lon="34.963395">
      <ele>134.6</ele>
      <time>2010-01-01T00:21:37Z</time>
    </trkpt>
    <trkpt lat="31.951715" lon="34.963413">
      <ele>134.9</ele>
      <time>2010-01-01T00:21:39Z</time>
    </trkpt>
    <trkpt lat="31.951685" lon="34.963428">
      <ele>135.1</ele>
      <time>2010-01-01T00:21:40Z</time>
    </trkpt>
    <trkpt lat="31.951642" lon="34.963443">
      <ele>135.4</ele>
      <time>2010-01-01T00:21:42Z</time>
    </trkpt>
    <trkpt lat="31.951608" lon="34.963455">
      <ele>135.6</ele>
      <time>2010-01-01T00:21:43Z</time>
    </trkpt>
    <trkpt lat="31.951577" lon="34.963468">
      <ele>135.8</ele>
      <time>2010-01-01T00:21:45Z</time>
    </trkpt>
    <trkpt lat="31.951535" lon="34.963483">
      <ele>136.0</ele>
      <time>2010-01-01T00:21:46Z</time>
    </trkpt>
    <trkpt lat="31.951505" lon="34.963496">
      <ele>136.2</ele>
      <time>2010-01-01T00:21:48Z</time>
    </trkpt>
    <trkpt lat="31.951455" lon="34.963499">
      <ele>136.7</ele>
      <time>2010-01-01T00:21:50Z</time>
    </trkpt>
    <trkpt lat="31.951427" lon="34.963501">
      <ele>136.9</ele>
      <time>2010-01-01T00:21:51Z</time>
    </trkpt>
    <trkpt lat="31.951386" lon="34.963507">
      <ele>137.3</ele>
      <time>2010-01-01T00:21:53Z</time>
    </trkpt>
    <trkpt lat="31.951349" lon="34.9635">
      <ele>137.7</ele>
      <time>2010-01-01T00:21:54Z</time>
    </trkpt>
    <trkpt lat="31.951322" lon="34.963506">
      <ele>137.9</ele>
      <time>2010-01-01T00:21:55Z</time>
    </trkpt>
    <trkpt lat="31.951292" lon="34.963516">
      <ele>138.1</ele>
      <time>2010-01-01T00:21:56Z</time>
    </trkpt>
    <trkpt lat="31.951261" lon="34.963519">
      <ele>138.4</ele>
      <time>2010-01-01T00:21:58Z</time>
    </trkpt>
    <trkpt lat="31.951234" lon="34.963529">
      <ele>138.6</ele>
      <time>2010-01-01T00:21:59Z</time>
    </trkpt>
    <trkpt lat="31.951186" lon="34.963562">
      <ele>138.8</ele>
      <time>2010-01-01T00:22:01Z</time>
    </trkpt>
    <trkpt lat="31.951164" lon="34.963584">
      <ele>138.8</ele>
      <time>2010-01-01T00:22:02Z</time>
    </trkpt>
    <trkpt lat="31.951139" lon="34.963603">
      <ele>138.9</ele>
      <time>2010-01-01T00:22:03Z</time>
    </trkpt>
    <trkpt lat="31.951114" lon="34.963622">
      <ele>139.0</ele>
      <time>2010-01-01T00:22:04Z</time>
    </trkpt>
    <trkpt lat="31.951086" lon="34.963629">
      <ele>139.2</ele>
      <time>2010-01-01T00:22:06Z</time>
    </trkpt>
    <trkpt lat="31.951034" lon="34.963644">
      <ele>139.7</ele>
      <time>2010-01-01T00:22:08Z</time>
    </trkpt>
    <trkpt lat="31.951" lon="34.963634">
      <ele>140.2</ele>
      <time>2010-01-01T00:22:09Z</time>
    </trkpt>
    <trkpt lat="31.950973" lon="34.963635">
      <ele>140.5</ele>
      <time>2010-01-01T00:22:10Z</time>
    </trkpt>
    <trkpt lat="31.950933" lon="34.963622">
      <ele>141.1</ele>
      <time>2010-01-01T00:22:12Z</time>
    </trkpt>
    <trkpt lat="31.950907" lon="34.963614">
      <ele>141.5</ele>
      <time>2010-01-01T00:22:13Z</time>
    </trkpt>
    <trkpt lat="31.95087" lon="34.963589">
      <ele>142.2</ele>
      <time>2010-01-01T00:22:15Z</time>
    </trkpt>
    <trkpt lat="31.950835" lon="34.963567">
      <ele>142.8</ele>
      <time>2010-01-01T00:22:16Z</time>
    </trkpt>
    <trkpt lat="31.950796" lon="34.963566">
      <ele>143.3</ele>
      <time>2010-01-01T00:22:18Z</time>
    </trkpt>
    <trkpt lat="31.950747" lon="34.963588">
      <ele>143.7</ele>
      <time>2010-01-01T00:22:20Z</time>
    </trkpt>
    <trkpt lat="31.950718" lon="34.963603">
      <ele>143.9</ele>
      <time>2010-01-01T00:22:21Z</time>
    </trkpt>
    <trkpt lat="31.950689" lon="34.96362">
      <ele>144.0</ele>
      <time>2010-01-01T00:22:23Z</time>
    </trkpt>
    <trkpt lat="31.950659" lon="34.963641">
      <ele>144.2</ele>
      <time>2010-01-01T00:22:24Z</time>
    </trkpt>
    <trkpt lat="31.950625" lon="34.963652">
      <ele>144.5</ele>
      <time>2010-01-01T00:22:25Z</time>
    </trkpt>
    <trkpt lat="31.950585" lon="34.963681">
      <ele>144.7</ele>
      <time>2010-01-01T00:22:27Z</time>
    </trkpt>
    <trkpt lat="31.950559" lon="34.963693">
      <ele>144.9</ele>
      <time>2010-01-01T00:22:28Z</time>
    </trkpt>
    <trkpt lat="31.950529" lon="34.963705">
      <ele>145.1</ele>
      <time>2010-01-01T00:22:30Z</time>
    </trkpt>
    <trkpt lat="31.9505" lon="34.963717">
      <ele>145.3</ele>
      <time>2010-01-01T00:22:31Z</time>
    </trkpt>
    <trkpt lat="31.950473" lon="34.963743">
      <ele>145.4</ele>
      <time>2010-01-01T00:22:32Z</time>
    </trkpt>
    <trkpt lat="31.950444" lon="34.963761">
      <ele>145.6</ele>
      <time>2010-01-01T00:22:34Z</time>
    </trkpt>
    <trkpt lat="31.950414" lon="34.963789">
      <ele>145.7</ele>
      <time>2010-01-01T00:22:35Z</time>
    </trkpt>
    <trkpt lat="31.950386" lon="34.963817">
      <ele>145.8</ele>
      <time>2010-01-01T00:22:37Z</time>
    </trkpt>
    <trkpt lat="31.950359" lon="34.963841">
      <ele>145.9</ele>
      <time>2010-01-01T00:22:38Z</time>
    </trkpt>
    <trkpt lat="31.950325" lon="34.963862">
      <ele>146.1</ele>
      <time>2010-01-01T00:22:39Z</time>
    </trkpt>
    <trkpt lat="31.950283" lon="34.96388">
      <ele>146.3</ele>
      <time>2010-01-01T00:22:41Z</time>
    </trkpt>
    <trkpt lat="31.950235" lon="34.963897">
      <ele>146.7</ele>
      <time>2010-01-01T00:22:43Z</time>
    </trkpt>
    <trkpt lat="31.950198" lon="34.963914">
      <ele>146.9</ele>
      <time>2010-01-01T00:22:45Z</time>
    </trkpt>
    <trkpt lat="31.950158" lon="34.963934">
      <ele>147.2</ele>
      <time>2010-01-01T00:22:47Z</time>
    </trkpt>
    <trkpt lat="31.950134" lon="34.963965">
      <ele>147.2</ele>
      <time>2010-01-01T00:22:48Z</time>
    </trkpt>
    <trkpt lat="31.950101" lon="34.963987">
      <ele>147.3</ele>
      <time>2010-01-01T00:22:50Z</time>
    </trkpt>
    <trkpt lat="31.950073" lon="34.96401">
      <ele>147.4</ele>
      <time>2010-01-01T00:22:51Z</time>
    </trkpt>
    <trkpt lat="31.950047" lon="34.964044">
      <ele>147.4</ele>
      <time>2010-01-01T00:22:52Z</time>
    </trkpt>
    <trkpt lat="31.950024" lon="34.96407">
      <ele>147.5</ele>
      <time>2010-01-01T00:22:54Z</time>
    </trkpt>
    <trkpt lat="31.949997" lon="34.9641">
      <ele>147.5</ele>
      <time>2010-01-01T00:22:55Z</time>
    </trkpt>
    <trkpt lat="31.949969" lon="34.964137">
      <ele>147.5</ele>
      <time>2010-01-01T00:22:57Z</time>
    </trkpt>
    <trkpt lat="31.949942" lon="34.964175">
      <ele>147.5</ele>
      <time>2010-01-01T00:22:59Z</time>
    </trkpt>
    <trkpt lat="31.949914" lon="34.964211">
      <ele>147.5</ele>
      <time>2010-01-01T00:23:00Z</time>
    </trkpt>
    <trkpt lat="31.949893" lon="34.964253">
      <ele>147.4</ele>
      <time>2010-01-01T00:23:02Z</time>
    </trkpt>
    <trkpt lat="31.949877" lon="34.964303">
      <ele>147.2</ele>
      <time>2010-01-01T00:23:04Z</time>
    </trkpt>
    <trkpt lat="31.94986" lon="34.964342">
      <ele>147.1</ele>
      <time>2010-01-01T00:23:05Z</time>
    </trkpt>
    <trkpt lat="31.949831" lon="34.964375">
      <ele>147.1</ele>
      <time>2010-01-01T00:23:07Z</time>
    </trkpt>
    <trkpt lat="31.949813" lon="34.964405">
      <ele>147.1</ele>
      <time>2010-01-01T00:23:08Z</time>
    </trkpt>
    <trkpt lat="31.949803" lon="34.964445">
      <ele>146.9</ele>
      <time>2010-01-01T00:23:09Z</time>
    </trkpt>
    <trkpt lat="31.949796" lon="34.964476">
      <ele>146.7</ele>
      <time>2010-01-01T00:23:11Z</time>
    </trkpt>
    <trkpt lat="31.94979" lon="34.964509">
      <ele>146.6</ele>
      <time>2010-01-01T00:23:12Z</time>
    </trkpt>
    <trkpt lat="31.949757" lon="34.964529">
      <ele>146.7</ele>
      <time>2010-01-01T00:23:13Z</time>
    </trkpt>
    <trkpt lat="31.949721" lon="34.96453">
      <ele>147.1</ele>
      <time>2010-01-01T00:23:15Z</time>
    </trkpt>
    <trkpt lat="31.949675" lon="34.964561">
      <ele>147.3</ele>
      <time>2010-01-01T00:23:17Z</time>
    </trkpt>
    <trkpt lat="31.94964" lon="34.964597">
      <ele>147.5</ele>
      <time>2010-01-01T00:23:19Z</time>
    </trkpt>
    <trkpt lat="31.949618" lon="34.964617">
      <ele>147.7</ele>
      <time>2010-01-01T00:23:20Z</time>
    </trkpt>
    <trkpt lat="31.94958" lon="34.964639">
      <ele>148.0</ele>
      <time>2010-01-01T00:23:21Z</time>
    </trkpt>
    <trkpt lat="31.949528" lon="34.964659">
      <ele>148.6</ele>
      <time>2010-01-01T00:23:24Z</time>
    </trkpt>
    <trkpt lat="31.949502" lon="34.96467">
      <ele>148.9</ele>
      <time>2010-01-01T00:23:25Z</time>
    </trkpt>
    <trkpt lat="31.949465" lon="34.964718">
      <ele>149.4</ele>
      <time>2010-01-01T00:23:27Z</time>
    </trkpt>
    <trkpt lat="31.949442" lon="34.964739">
      <ele>149.6</ele>
      <time>2010-01-01T00:23:28Z</time>
    </trkpt>
    <trkpt lat="31.949424" lon="34.964768">
      <ele>149.8</ele>
      <time>2010-01-01T00:23:29Z</time>
    </trkpt>
    <trkpt lat="31.949407" lon="34.964799">
      <ele>150.0</ele>
      <time>2010-01-01T00:23:31Z</time>
    </trkpt>
    <trkpt lat="31.949384" lon="34.964823">
      <ele>150.2</ele>
      <time>2010-01-01T00:23:32Z</time>
    </trkpt>
    <trkpt lat="31.949363" lon="34.964851">
      <ele>150.4</ele>
      <time>2010-01-01T00:23:33Z</time>
    </trkpt>
    <trkpt lat="31.94934" lon="34.964877">
      <ele>150.6</ele>
      <time>2010-01-01T00:23:34Z</time>
    </trkpt>
    <trkpt lat="31.94931" lon="34.964908">
      <ele>150.9</ele>
      <time>2010-01-01T00:23:36Z</time>
    </trkpt>
    <trkpt lat="31.949262" lon="34.96494">
      <ele>151.4</ele>
      <time>2010-01-01T00:23:38Z</time>
    </trkpt>
    <trkpt lat="31.94923" lon="34.964947">
      <ele>151.7</ele>
      <time>2010-01-01T00:23:39Z</time>
    </trkpt>
    <trkpt lat="31.949183" lon="34.964975">
      <ele>152.1</ele>
      <time>2010-01-01T00:23:42Z</time>
    </trkpt>
    <trkpt lat="31.94915" lon="34.964993">
      <ele>152.4</ele>
      <time>2010-01-01T00:23:43Z</time>
    </trkpt>
    <trkpt lat="31.949122" lon="34.965002">
      <ele>152.7</ele>
      <time>2010-01-01T00:23:44Z</time>
    </trkpt>
    <trkpt lat="31.94908" lon="34.965031">
      <ele>153.1</ele>
      <time>2010-01-01T00:23:46Z</time>
    </trkpt>
    <trkpt lat="31.949055" lon="34.965066">
      <ele>153.2</ele>
      <time>2010-01-01T00:23:48Z</time>
    </trkpt>
    <trkpt lat="31.949065" lon="34.965107">
      <ele>153.0</ele>
      <time>2010-01-01T00:23:49Z</time>
    </trkpt>
    <trkpt lat="31.949075" lon="34.965155">
      <ele>152.8</ele>
      <time>2010-01-01T00:23:51Z</time>
    </trkpt>
    <trkpt lat="31.949112" lon="34.965182">
      <ele>152.4</ele>
      <time>2010-01-01T00:23:53Z</time>
    </trkpt>
    <trkpt lat="31.949127" lon="34.965222">
      <ele>152.2</ele>
      <time>2010-01-01T00:23:54Z</time>
    </trkpt>
    <trkpt lat="31.949139" lon="34.965257">
      <ele>152.0</ele>
      <time>2010-01-01T00:23:55Z</time>
    </trkpt>
    <trkpt lat="31.949162" lon="34.965288">
      <ele>151.8</ele>
      <time>2010-01-01T00:23:57Z</time>
    </trkpt>
    <trkpt lat="31.949187" lon="34.965325">
      <ele>151.5</ele>
      <time>2010-01-01T00:23:58Z</time>
    </trkpt>
    <trkpt lat="31.949235" lon="34.965374">
      <ele>151.0</ele>
      <time>2010-01-01T00:24:01Z</time>
    </trkpt>
    <trkpt lat="31.949263" lon="34.965423">
      <ele>150.8</ele>
      <time>2010-01-01T00:24:03Z</time>
    </trkpt>
    <trkpt lat="31.949293" lon="34.96546">
      <ele>150.9</ele>
      <time>2010-01-01T00:24:05Z</time>
    </trkpt>
    <trkpt lat="31.949302" lon="34.965505">
      <ele>151.3</ele>
      <time>2010-01-01T00:24:06Z</time>
    </trkpt>
    <trkpt lat="31.949301" lon="34.965542">
      <ele>151.7</ele>
      <time>2010-01-01T00:24:07Z</time>
    </trkpt>
    <trkpt lat="31.949284" lon="34.965571">
      <ele>152.1</ele>
      <time>2010-01-01T00:24:09Z</time>
    </trkpt>
    <trkpt lat="31.949231" lon="34.965587">
      <ele>152.7</ele>
      <time>2010-01-01T00:24:11Z</time>
    </trkpt>
    <trkpt lat="31.949199" lon="34.965577">
      <ele>152.9</ele>
      <time>2010-01-01T00:24:12Z</time>
    </trkpt>
    <trkpt lat="31.949169" lon="34.965566">
      <ele>153.0</ele>
      <time>2010-01-01T00:24:13Z</time>
    </trkpt>
    <trkpt lat="31.949134" lon="34.965548">
      <ele>153.1</ele>
      <time>2010-01-01T00:24:15Z</time>
    </trkpt>
    <trkpt lat="31.949102" lon="34.965539">
      <ele>153.3</ele>
      <time>2010-01-01T00:24:16Z</time>
    </trkpt>
    <trkpt lat="31.949069" lon="34.965527">
      <ele>153.4</ele>
      <time>2010-01-01T00:24:18Z</time>
    </trkpt>
    <trkpt lat="31.949036" lon="34.965518">
      <ele>153.6</ele>
      <time>2010-01-01T00:24:19Z</time>
    </trkpt>
    <trkpt lat="31.949004" lon="34.965512">
      <ele>153.8</ele>
      <time>2010-01-01T00:24:20Z</time>
    </trkpt>
    <trkpt lat="31.948941" lon="34.965494">
      <ele>154.2</ele>
      <time>2010-01-01T00:24:23Z</time>
    </trkpt>
    <trkpt lat="31.948903" lon="34.965487">
      <ele>154.4</ele>
      <time>2010-01-01T00:24:24Z</time>
    </trkpt>
    <trkpt lat="31.948875" lon="34.965488">
      <ele>154.6</ele>
      <time>2010-01-01T00:24:26Z</time>
    </trkpt>
    <trkpt lat="31.948841" lon="34.965482">
      <ele>154.9</ele>
      <time>2010-01-01T00:24:27Z</time>
    </trkpt>
    <trkpt lat="31.94883" lon="34.965448">
      <ele>154.6</ele>
      <time>2010-01-01T00:24:28Z</time>
    </trkpt>
    <trkpt lat="31.948799" lon="34.965422">
      <ele>154.6</ele>
      <time>2010-01-01T00:24:30Z</time>
    </trkpt>
    <trkpt lat="31.948786" lon="34.965368">
      <ele>154.9</ele>
      <time>2010-01-01T00:24:32Z</time>
    </trkpt>
    <trkpt lat="31.948771" lon="34.96533">
      <ele>155.1</ele>
      <time>2010-01-01T00:24:33Z</time>
    </trkpt>
    <trkpt lat="31.948732" lon="34.965316">
      <ele>155.5</ele>
      <time>2010-01-01T00:24:35Z</time>
    </trkpt>
    <trkpt lat="31.948694" lon="34.965303">
      <ele>155.9</ele>
      <time>2010-01-01T00:24:36Z</time>
    </trkpt>
    <trkpt lat="31.948667" lon="34.965312">
      <ele>156.1</ele>
      <time>2010-01-01T00:24:37Z</time>
    </trkpt>
    <trkpt lat="31.948631" lon="34.965306">
      <ele>156.4</ele>
      <time>2010-01-01T00:24:39Z</time>
    </trkpt>
    <trkpt lat="31.948588" lon="34.965311">
      <ele>156.7</ele>
      <time>2010-01-01T00:24:40Z</time>
    </trkpt>
    <trkpt lat="31.948543" lon="34.965319">
      <ele>157.1</ele>
      <time>2010-01-01T00:24:42Z</time>
    </trkpt>
    <trkpt lat="31.94851" lon="34.965346">
      <ele>157.3</ele>
      <time>2010-01-01T00:24:44Z</time>
    </trkpt>
    <trkpt lat="31.948469" lon="34.965356">
      <ele>157.6</ele>
      <time>2010-01-01T00:24:46Z</time>
    </trkpt>
    <trkpt lat="31.948439" lon="34.965381">
      <ele>157.7</ele>
      <time>2010-01-01T00:24:47Z</time>
    </trkpt>
    <trkpt lat="31.948404" lon="34.965409">
      <ele>157.9</ele>
      <time>2010-01-01T00:24:49Z</time>
    </trkpt>
    <trkpt lat="31.948355" lon="34.965437">
      <ele>158.5</ele>
      <time>2010-01-01T00:24:51Z</time>
    </trkpt>
    <trkpt lat="31.94832" lon="34.965467">
      <ele>158.9</ele>
      <time>2010-01-01T00:24:53Z</time>
    </trkpt>
    <trkpt lat="31.948292" lon="34.965472">
      <ele>159.2</ele>
      <time>2010-01-01T00:24:54Z</time>
    </trkpt>
    <trkpt lat="31.94824" lon="34.965475">
      <ele>159.6</ele>
      <time>2010-01-01T00:24:56Z</time>
    </trkpt>
    <trkpt lat="31.948212" lon="34.965457">
      <ele>159.8</ele>
      <time>2010-01-01T00:24:57Z</time>
    </trkpt>
    <trkpt lat="31.948174" lon="34.965451">
      <ele>160.0</ele>
      <time>2010-01-01T00:24:59Z</time>
    </trkpt>
    <trkpt lat="31.948143" lon="34.965436">
      <ele>160.2</ele>
      <time>2010-01-01T00:25:00Z</time>
    </trkpt>
    <trkpt lat="31.948114" lon="34.96542">
      <ele>160.4</ele>
      <time>2010-01-01T00:25:01Z</time>
    </trkpt>
    <trkpt lat="31.948078" lon="34.965403">
      <ele>160.7</ele>
      <time>2010-01-01T00:25:03Z</time>
    </trkpt>
    <trkpt lat="31.948047" lon="34.96539">
      <ele>161.0</ele>
      <time>2010-01-01T00:25:04Z</time>
    </trkpt>
    <trkpt lat="31.947999" lon="34.965353">
      <ele>161.5</ele>
      <time>2010-01-01T00:25:06Z</time>
    </trkpt>
    <trkpt lat="31.947973" lon="34.965339">
      <ele>161.8</ele>
      <time>2010-01-01T00:25:08Z</time>
    </trkpt>
    <trkpt lat="31.947943" lon="34.965335">
      <ele>162.1</ele>
      <time>2010-01-01T00:25:09Z</time>
    </trkpt>
    <trkpt lat="31.947905" lon="34.965342">
      <ele>162.3</ele>
      <time>2010-01-01T00:25:10Z</time>
    </trkpt>
    <trkpt lat="31.947874" lon="34.96534">
      <ele>162.6</ele>
      <time>2010-01-01T00:25:12Z</time>
    </trkpt>
    <trkpt lat="31.94784" lon="34.965329">
      <ele>162.8</ele>
      <time>2010-01-01T00:25:13Z</time>
    </trkpt>
    <trkpt lat="31.947812" lon="34.965336">
      <ele>163.0</ele>
      <time>2010-01-01T00:25:14Z</time>
    </trkpt>
    <trkpt lat="31.947749" lon="34.965354">
      <ele>163.3</ele>
      <time>2010-01-01T00:25:17Z</time>
    </trkpt>
    <trkpt lat="31.947723" lon="34.965362">
      <ele>163.4</ele>
      <time>2010-01-01T00:25:18Z</time>
    </trkpt>
    <trkpt lat="31.947691" lon="34.965377">
      <ele>163.5</ele>
      <time>2010-01-01T00:25:19Z</time>
    </trkpt>
    <trkpt lat="31.947663" lon="34.965386">
      <ele>163.7</ele>
      <time>2010-01-01T00:25:20Z</time>
    </trkpt>
    <trkpt lat="31.94763" lon="34.965387">
      <ele>163.9</ele>
      <time>2010-01-01T00:25:22Z</time>
    </trkpt>
    <trkpt lat="31.947606" lon="34.965403">
      <ele>163.9</ele>
      <time>2010-01-01T00:25:23Z</time>
    </trkpt>
    <trkpt lat="31.94757" lon="34.965407">
      <ele>164.1</ele>
      <time>2010-01-01T00:25:24Z</time>
    </trkpt>
    <trkpt lat="31.947544" lon="34.965419">
      <ele>164.2</ele>
      <time>2010-01-01T00:25:25Z</time>
    </trkpt>
    <trkpt lat="31.947515" lon="34.965413">
      <ele>164.4</ele>
      <time>2010-01-01T00:25:27Z</time>
    </trkpt>
    <trkpt lat="31.947468" lon="34.9654">
      <ele>164.8</ele>
      <time>2010-01-01T00:25:29Z</time>
    </trkpt>
    <trkpt lat="31.947438" lon="34.965381">
      <ele>165.1</ele>
      <time>2010-01-01T00:25:30Z</time>
    </trkpt>
    <trkpt lat="31.947402" lon="34.96537">
      <ele>165.4</ele>
      <time>2010-01-01T00:25:31Z</time>
    </trkpt>
    <trkpt lat="31.947373" lon="34.965372">
      <ele>165.6</ele>
      <time>2010-01-01T00:25:33Z</time>
    </trkpt>
    <trkpt lat="31.947316" lon="34.965381">
      <ele>165.9</ele>
      <time>2010-01-01T00:25:35Z</time>
    </trkpt>
    <trkpt lat="31.947289" lon="34.965397">
      <ele>165.9</ele>
      <time>2010-01-01T00:25:36Z</time>
    </trkpt>
    <trkpt lat="31.947265" lon="34.965413">
      <ele>165.9</ele>
      <time>2010-01-01T00:25:37Z</time>
    </trkpt>
    <trkpt lat="31.947243" lon="34.965445">
      <ele>166.0</ele>
      <time>2010-01-01T00:25:39Z</time>
    </trkpt>
    <trkpt lat="31.947202" lon="34.965477">
      <ele>166.2</ele>
      <time>2010-01-01T00:25:41Z</time>
    </trkpt>
    <trkpt lat="31.947174" lon="34.965519">
      <ele>166.3</ele>
      <time>2010-01-01T00:25:42Z</time>
    </trkpt>
    <trkpt lat="31.947141" lon="34.965562">
      <ele>166.4</ele>
      <time>2010-01-01T00:25:44Z</time>
    </trkpt>
    <trkpt lat="31.947109" lon="34.965602">
      <ele>166.4</ele>
      <time>2010-01-01T00:25:46Z</time>
    </trkpt>
    <trkpt lat="31.947087" lon="34.965623">
      <ele>166.5</ele>
      <time>2010-01-01T00:25:47Z</time>
    </trkpt>
    <trkpt lat="31.947058" lon="34.965662">
      <ele>166.5</ele>
      <time>2010-01-01T00:25:49Z</time>
    </trkpt>
    <trkpt lat="31.947029" lon="34.965693">
      <ele>166.6</ele>
      <time>2010-01-01T00:25:51Z</time>
    </trkpt>
    <trkpt lat="31.947013" lon="34.965739">
      <ele>166.6</ele>
      <time>2010-01-01T00:25:52Z</time>
    </trkpt>
    <trkpt lat="31.946999" lon="34.965783">
      <ele>166.5</ele>
      <time>2010-01-01T00:25:54Z</time>
    </trkpt>
    <trkpt lat="31.947" lon="34.965831">
      <ele>166.4</ele>
      <time>2010-01-01T00:25:56Z</time>
    </trkpt>
    <trkpt lat="31.947011" lon="34.965887">
      <ele>166.1</ele>
      <time>2010-01-01T00:25:57Z</time>
    </trkpt>
    <trkpt lat="31.946973" lon="34.965903">
      <ele>166.2</ele>
      <time>2010-01-01T00:25:59Z</time>
    </trkpt>
    <trkpt lat="31.946956" lon="34.965941">
      <ele>166.2</ele>
      <time>2010-01-01T00:26:01Z</time>
    </trkpt>
    <trkpt lat="31.946924" lon="34.965982">
      <ele>166.1</ele>
      <time>2010-01-01T00:26:02Z</time>
    </trkpt>
    <trkpt lat="31.946891" lon="34.966012">
      <ele>166.1</ele>
      <time>2010-01-01T00:26:04Z</time>
    </trkpt>
    <trkpt lat="31.946863" lon="34.966045">
      <ele>166.1</ele>
      <time>2010-01-01T00:26:06Z</time>
    </trkpt>
    <trkpt lat="31.946831" lon="34.966086">
      <ele>166.0</ele>
      <time>2010-01-01T00:26:08Z</time>
    </trkpt>
    <trkpt lat="31.946808" lon="34.966125">
      <ele>165.9</ele>
      <time>2010-01-01T00:26:09Z</time>
    </trkpt>
    <trkpt lat="31.946791" lon="34.966166">
      <ele>165.7</ele>
      <time>2010-01-01T00:26:11Z</time>
    </trkpt>
    <trkpt lat="31.946769" lon="34.966196">
      <ele>165.6</ele>
      <time>2010-01-01T00:26:12Z</time>
    </trkpt>
    <trkpt lat="31.946743" lon="34.966213">
      <ele>165.6</ele>
      <time>2010-01-01T00:26:13Z</time>
    </trkpt>
    <trkpt lat="31.946733" lon="34.966268">
      <ele>165.5</ele>
      <time>2010-01-01T00:26:15Z</time>
    </trkpt>
    <trkpt lat="31.946736" lon="34.966316">
      <ele>165.8</ele>
      <time>2010-01-01T00:26:17Z</time>
    </trkpt>
    <trkpt lat="31.946723" lon="34.966375">
      <ele>166.1</ele>
      <time>2010-01-01T00:26:19Z</time>
    </trkpt>
    <trkpt lat="31.946709" lon="34.966426">
      <ele>166.4</ele>
      <time>2010-01-01T00:26:21Z</time>
    </trkpt>
    <trkpt lat="31.946698" lon="34.966483">
      <ele>166.8</ele>
      <time>2010-01-01T00:26:23Z</time>
    </trkpt>
    <trkpt lat="31.946691" lon="34.96655">
      <ele>167.1</ele>
      <time>2010-01-01T00:26:25Z</time>
    </trkpt>
    <trkpt lat="31.946685" lon="34.96659">
      <ele>167.3</ele>
      <time>2010-01-01T00:26:26Z</time>
    </trkpt>
    <trkpt lat="31.946676" lon="34.966628">
      <ele>167.5</ele>
      <time>2010-01-01T00:26:28Z</time>
    </trkpt>
    <trkpt lat="31.946665" lon="34.966661">
      <ele>167.7</ele>
      <time>2010-01-01T00:26:29Z</time>
    </trkpt>
    <trkpt lat="31.946656" lon="34.966696">
      <ele>167.9</ele>
      <time>2010-01-01T00:26:30Z</time>
    </trkpt>
    <trkpt lat="31.946661" lon="34.966754">
      <ele>168.2</ele>
      <time>2010-01-01T00:26:32Z</time>
    </trkpt>
    <trkpt lat="31.946653" lon="34.966811">
      <ele>168.5</ele>
      <time>2010-01-01T00:26:34Z</time>
    </trkpt>
    <trkpt lat="31.946645" lon="34.966865">
      <ele>168.8</ele>
      <time>2010-01-01T00:26:36Z</time>
    </trkpt>
    <trkpt lat="31.946635" lon="34.966918">
      <ele>169.1</ele>
      <time>2010-01-01T00:26:38Z</time>
    </trkpt>
    <trkpt lat="31.946615" lon="34.966965">
      <ele>169.3</ele>
      <time>2010-01-01T00:26:40Z</time>
    </trkpt>
    <trkpt lat="31.946603" lon="34.967027">
      <ele>169.6</ele>
      <time>2010-01-01T00:26:42Z</time>
    </trkpt>
    <trkpt lat="31.946606" lon="34.967066">
      <ele>169.8</ele>
      <time>2010-01-01T00:26:43Z</time>
    </trkpt>
    <trkpt lat="31.946598" lon="34.967126">
      <ele>170.2</ele>
      <time>2010-01-01T00:26:45Z</time>
    </trkpt>
    <trkpt lat="31.946596" lon="34.967165">
      <ele>170.5</ele>
      <time>2010-01-01T00:26:46Z</time>
    </trkpt>
    <trkpt lat="31.946581" lon="34.96723">
      <ele>170.9</ele>
      <time>2010-01-01T00:26:49Z</time>
    </trkpt>
    <trkpt lat="31.94656" lon="34.967287">
      <ele>171.3</ele>
      <time>2010-01-01T00:26:51Z</time>
    </trkpt>
    <trkpt lat="31.946545" lon="34.967344">
      <ele>171.7</ele>
      <time>2010-01-01T00:26:53Z</time>
    </trkpt>
    <trkpt lat="31.94654" lon="34.96738">
      <ele>172.0</ele>
      <time>2010-01-01T00:26:54Z</time>
    </trkpt>
    <trkpt lat="31.946535" lon="34.967412">
      <ele>172.2</ele>
      <time>2010-01-01T00:26:55Z</time>
    </trkpt>
    <trkpt lat="31.946521" lon="34.967463">
      <ele>172.5</ele>
      <time>2010-01-01T00:26:57Z</time>
    </trkpt>
    <trkpt lat="31.946513" lon="34.967496">
      <ele>172.8</ele>
      <time>2010-01-01T00:26:58Z</time>
    </trkpt>
    <trkpt lat="31.946502" lon="34.967561">
      <ele>173.2</ele>
      <time>2010-01-01T00:27:00Z</time>
    </trkpt>
    <trkpt lat="31.946491" lon="34.967621">
      <ele>173.6</ele>
      <time>2010-01-01T00:27:03Z</time>
    </trkpt>
    <trkpt lat="31.946492" lon="34.967655">
      <ele>173.9</ele>
      <time>2010-01-01T00:27:04Z</time>
    </trkpt>
    <trkpt lat="31.946495" lon="34.967694">
      <ele>174.2</ele>
      <time>2010-01-01T00:27:05Z</time>
    </trkpt>
    <trkpt lat="31.946486" lon="34.967765">
      <ele>174.7</ele>
      <time>2010-01-01T00:27:08Z</time>
    </trkpt>
    <trkpt lat="31.946482" lon="34.967832">
      <ele>175.2</ele>
      <time>2010-01-01T00:27:10Z</time>
    </trkpt>
    <trkpt lat="31.946473" lon="34.967863">
      <ele>175.4</ele>
      <time>2010-01-01T00:27:11Z</time>
    </trkpt>
    <trkpt lat="31.946466" lon="34.967894">
      <ele>175.6</ele>
      <time>2010-01-01T00:27:12Z</time>
    </trkpt>
    <trkpt lat="31.94646" lon="34.967956">
      <ele>176.1</ele>
      <time>2010-01-01T00:27:14Z</time>
    </trkpt>
    <trkpt lat="31.946454" lon="34.967993">
      <ele>176.4</ele>
      <time>2010-01-01T00:27:15Z</time>
    </trkpt>
    <trkpt lat="31.946451" lon="34.968048">
      <ele>176.9</ele>
      <time>2010-01-01T00:27:17Z</time>
    </trkpt>
    <trkpt lat="31.946438" lon="34.968114">
      <ele>177.4</ele>
      <time>2010-01-01T00:27:20Z</time>
    </trkpt>
    <trkpt lat="31.946435" lon="34.968149">
      <ele>177.7</ele>
      <time>2010-01-01T00:27:21Z</time>
    </trkpt>
    <trkpt lat="31.946428" lon="34.968218">
      <ele>178.3</ele>
      <time>2010-01-01T00:27:23Z</time>
    </trkpt>
    <trkpt lat="31.946414" lon="34.968271">
      <ele>178.7</ele>
      <time>2010-01-01T00:27:25Z</time>
    </trkpt>
    <trkpt lat="31.946417" lon="34.968307">
      <ele>179.1</ele>
      <time>2010-01-01T00:27:26Z</time>
    </trkpt>
    <trkpt lat="31.946421" lon="34.968341">
      <ele>179.4</ele>
      <time>2010-01-01T00:27:27Z</time>
    </trkpt>
    <trkpt lat="31.946423" lon="34.968377">
      <ele>179.7</ele>
      <time>2010-01-01T00:27:29Z</time>
    </trkpt>
    <trkpt lat="31.946435" lon="34.968423">
      <ele>180.1</ele>
      <time>2010-01-01T00:27:30Z</time>
    </trkpt>
    <trkpt lat="31.946441" lon="34.968486">
      <ele>180.7</ele>
      <time>2010-01-01T00:27:32Z</time>
    </trkpt>
    <trkpt lat="31.946454" lon="34.968517">
      <ele>181.0</ele>
      <time>2010-01-01T00:27:34Z</time>
    </trkpt>
    <trkpt lat="31.946469" lon="34.968584">
      <ele>181.6</ele>
      <time>2010-01-01T00:27:36Z</time>
    </trkpt>
    <trkpt lat="31.946479" lon="34.968615">
      <ele>181.8</ele>
      <time>2010-01-01T00:27:37Z</time>
    </trkpt>
    <trkpt lat="31.946508" lon="34.968666">
      <ele>182.3</ele>
      <time>2010-01-01T00:27:39Z</time>
    </trkpt>
    <trkpt lat="31.946519" lon="34.968721">
      <ele>182.8</ele>
      <time>2010-01-01T00:27:41Z</time>
    </trkpt>
    <trkpt lat="31.946539" lon="34.968767">
      <ele>183.1</ele>
      <time>2010-01-01T00:27:43Z</time>
    </trkpt>
    <trkpt lat="31.946546" lon="34.968823">
      <ele>183.4</ele>
      <time>2010-01-01T00:27:45Z</time>
    </trkpt>
    <trkpt lat="31.946555" lon="34.968853">
      <ele>183.5</ele>
      <time>2010-01-01T00:27:46Z</time>
    </trkpt>
    <trkpt lat="31.946559" lon="34.968886">
      <ele>183.7</ele>
      <time>2010-01-01T00:27:47Z</time>
    </trkpt>
    <trkpt lat="31.946561" lon="34.968923">
      <ele>183.9</ele>
      <time>2010-01-01T00:27:48Z</time>
    </trkpt>
    <trkpt lat="31.946556" lon="34.968978">
      <ele>184.2</ele>
      <time>2010-01-01T00:27:50Z</time>
    </trkpt>
    <trkpt lat="31.94655" lon="34.969041">
      <ele>184.5</ele>
      <time>2010-01-01T00:27:52Z</time>
    </trkpt>
    <trkpt lat="31.946551" lon="34.969075">
      <ele>184.7</ele>
      <time>2010-01-01T00:27:53Z</time>
    </trkpt>
    <trkpt lat="31.946546" lon="34.969115">
      <ele>184.9</ele>
      <time>2010-01-01T00:27:55Z</time>
    </trkpt>
    <trkpt lat="31.946549" lon="34.969153">
      <ele>185.1</ele>
      <time>2010-01-01T00:27:56Z</time>
    </trkpt>
    <trkpt lat="31.946542" lon="34.969187">
      <ele>185.3</ele>
      <time>2010-01-01T00:27:57Z</time>
    </trkpt>
    <trkpt lat="31.946537" lon="34.969233">
      <ele>185.5</ele>
      <time>2010-01-01T00:27:59Z</time>
    </trkpt>
    <trkpt lat="31.946534" lon="34.969274">
      <ele>185.7</ele>
      <time>2010-01-01T00:28:00Z</time>
    </trkpt>
    <trkpt lat="31.946533" lon="34.969322">
      <ele>186.0</ele>
      <time>2010-01-01T00:28:02Z</time>
    </trkpt>
    <trkpt lat="31.946533" lon="34.969364">
      <ele>186.2</ele>
      <time>2010-01-01T00:28:03Z</time>
    </trkpt>
    <trkpt lat="31.946531" lon="34.969409">
      <ele>186.4</ele>
      <time>2010-01-01T00:28:05Z</time>
    </trkpt>
    <trkpt lat="31.946529" lon="34.969451">
      <ele>186.6</ele>
      <time>2010-01-01T00:28:06Z</time>
    </trkpt>
    <trkpt lat="31.946524" lon="34.969491">
      <ele>186.9</ele>
      <time>2010-01-01T00:28:08Z</time>
    </trkpt>
    <trkpt lat="31.946519" lon="34.969544">
      <ele>187.1</ele>
      <time>2010-01-01T00:28:09Z</time>
    </trkpt>
    <trkpt lat="31.946506" lon="34.969612">
      <ele>187.5</ele>
      <time>2010-01-01T00:28:12Z</time>
    </trkpt>
    <trkpt lat="31.946497" lon="34.969654">
      <ele>187.7</ele>
      <time>2010-01-01T00:28:13Z</time>
    </trkpt>
    <trkpt lat="31.946503" lon="34.969699">
      <ele>187.9</ele>
      <time>2010-01-01T00:28:15Z</time>
    </trkpt>
    <trkpt lat="31.946502" lon="34.969741">
      <ele>188.1</ele>
      <time>2010-01-01T00:28:16Z</time>
    </trkpt>
    <trkpt lat="31.946496" lon="34.969781">
      <ele>188.3</ele>
      <time>2010-01-01T00:28:18Z</time>
    </trkpt>
    <trkpt lat="31.946498" lon="34.969824">
      <ele>188.5</ele>
      <time>2010-01-01T00:28:19Z</time>
    </trkpt>
    <trkpt lat="31.946497" lon="34.969869">
      <ele>188.7</ele>
      <time>2010-01-01T00:28:21Z</time>
    </trkpt>
    <trkpt lat="31.946485" lon="34.969917">
      <ele>189.0</ele>
      <time>2010-01-01T00:28:22Z</time>
    </trkpt>
    <trkpt lat="31.946477" lon="34.969956">
      <ele>189.2</ele>
      <time>2010-01-01T00:28:24Z</time>
    </trkpt>
    <trkpt lat="31.94647" lon="34.969999">
      <ele>189.4</ele>
      <time>2010-01-01T00:28:25Z</time>
    </trkpt>
    <trkpt lat="31.946461" lon="34.970038">
      <ele>189.7</ele>
      <time>2010-01-01T00:28:27Z</time>
    </trkpt>
    <trkpt lat="31.946453" lon="34.970073">
      <ele>189.9</ele>
      <time>2010-01-01T00:28:28Z</time>
    </trkpt>
    <trkpt lat="31.946452" lon="34.970116">
      <ele>190.1</ele>
      <time>2010-01-01T00:28:29Z</time>
    </trkpt>
    <trkpt lat="31.946452" lon="34.970162">
      <ele>190.3</ele>
      <time>2010-01-01T00:28:31Z</time>
    </trkpt>
    <trkpt lat="31.946467" lon="34.970208">
      <ele>190.4</ele>
      <time>2010-01-01T00:28:32Z</time>
    </trkpt>
    <trkpt lat="31.946469" lon="34.970252">
      <ele>190.6</ele>
      <time>2010-01-01T00:28:34Z</time>
    </trkpt>
    <trkpt lat="31.946449" lon="34.970285">
      <ele>190.9</ele>
      <time>2010-01-01T00:28:35Z</time>
    </trkpt>
    <trkpt lat="31.946436" lon="34.970322">
      <ele>191.2</ele>
      <time>2010-01-01T00:28:37Z</time>
    </trkpt>
    <trkpt lat="31.946434" lon="34.970362">
      <ele>191.4</ele>
      <time>2010-01-01T00:28:38Z</time>
    </trkpt>
    <trkpt lat="31.946448" lon="34.970401">
      <ele>191.5</ele>
      <time>2010-01-01T00:28:40Z</time>
    </trkpt>
    <trkpt lat="31.946456" lon="34.970445">
      <ele>191.5</ele>
      <time>2010-01-01T00:28:41Z</time>
    </trkpt>
    <trkpt lat="31.946463" lon="34.970489">
      <ele>191.4</ele>
      <time>2010-01-01T00:28:43Z</time>
    </trkpt>
    <trkpt lat="31.946449" lon="34.970532">
      <ele>191.4</ele>
      <time>2010-01-01T00:28:44Z</time>
    </trkpt>
    <trkpt lat="31.946439" lon="34.970579">
      <ele>191.4</ele>
      <time>2010-01-01T00:28:46Z</time>
    </trkpt>
    <trkpt lat="31.946432" lon="34.970624">
      <ele>191.4</ele>
      <time>2010-01-01T00:28:47Z</time>
    </trkpt>
    <trkpt lat="31.946422" lon="34.970669">
      <ele>191.4</ele>
      <time>2010-01-01T00:28:49Z</time>
    </trkpt>
    <trkpt lat="31.946412" lon="34.970731">
      <ele>191.4</ele>
      <time>2010-01-01T00:28:51Z</time>
    </trkpt>
    <trkpt lat="31.946405" lon="34.970782">
      <ele>191.4</ele>
      <time>2010-01-01T00:28:53Z</time>
    </trkpt>
    <trkpt lat="31.946404" lon="34.970831">
      <ele>191.3</ele>
      <time>2010-01-01T00:28:54Z</time>
    </trkpt>
    <trkpt lat="31.946399" lon="34.970881">
      <ele>191.3</ele>
      <time>2010-01-01T00:28:56Z</time>
    </trkpt>
    <trkpt lat="31.946397" lon="34.970939">
      <ele>191.2</ele>
      <time>2010-01-01T00:28:58Z</time>
    </trkpt>
    <trkpt lat="31.946389" lon="34.970986">
      <ele>191.2</ele>
      <time>2010-01-01T00:29:00Z</time>
    </trkpt>
    <trkpt lat="31.946379" lon="34.97103">
      <ele>191.2</ele>
      <time>2010-01-01T00:29:01Z</time>
    </trkpt>
    <trkpt lat="31.946371" lon="34.971075">
      <ele>191.2</ele>
      <time>2010-01-01T00:29:03Z</time>
    </trkpt>
    <trkpt lat="31.946363" lon="34.971122">
      <ele>191.2</ele>
      <time>2010-01-01T00:29:05Z</time>
    </trkpt>
    <trkpt lat="31.946349" lon="34.971168">
      <ele>191.3</ele>
      <time>2010-01-01T00:29:06Z</time>
    </trkpt>
    <trkpt lat="31.946338" lon="34.971212">
      <ele>191.3</ele>
      <time>2010-01-01T00:29:08Z</time>
    </trkpt>
    <trkpt lat="31.946332" lon="34.971259">
      <ele>191.3</ele>
      <time>2010-01-01T00:29:09Z</time>
    </trkpt>
    <trkpt lat="31.946319" lon="34.971298">
      <ele>191.4</ele>
      <time>2010-01-01T00:29:11Z</time>
    </trkpt>
    <trkpt lat="31.946305" lon="34.971342">
      <ele>191.4</ele>
      <time>2010-01-01T00:29:12Z</time>
    </trkpt>
    <trkpt lat="31.946293" lon="34.97139">
      <ele>191.5</ele>
      <time>2010-01-01T00:29:14Z</time>
    </trkpt>
    <trkpt lat="31.946277" lon="34.971434">
      <ele>191.5</ele>
      <time>2010-01-01T00:29:16Z</time>
    </trkpt>
    <trkpt lat="31.94627" lon="34.971483">
      <ele>191.5</ele>
      <time>2010-01-01T00:29:17Z</time>
    </trkpt>
    <trkpt lat="31.946263" lon="34.971527">
      <ele>191.6</ele>
      <time>2010-01-01T00:29:19Z</time>
    </trkpt>
    <trkpt lat="31.946268" lon="34.971558">
      <ele>191.5</ele>
      <time>2010-01-01T00:29:20Z</time>
    </trkpt>
    <trkpt lat="31.946275" lon="34.971602">
      <ele>191.4</ele>
      <time>2010-01-01T00:29:21Z</time>
    </trkpt>
    <trkpt lat="31.946254" lon="34.971628">
      <ele>191.5</ele>
      <time>2010-01-01T00:29:23Z</time>
    </trkpt>
    <trkpt lat="31.946229" lon="34.971647">
      <ele>191.8</ele>
      <time>2010-01-01T00:29:24Z</time>
    </trkpt>
    <trkpt lat="31.946198" lon="34.971657">
      <ele>192.2</ele>
      <time>2010-01-01T00:29:25Z</time>
    </trkpt>
    <trkpt lat="31.94618" lon="34.971682">
      <ele>192.4</ele>
      <time>2010-01-01T00:29:26Z</time>
    </trkpt>
    <trkpt lat="31.946141" lon="34.971715">
      <ele>192.9</ele>
      <time>2010-01-01T00:29:28Z</time>
    </trkpt>
    <trkpt lat="31.94611" lon="34.971768">
      <ele>193.3</ele>
      <time>2010-01-01T00:29:30Z</time>
    </trkpt>
    <trkpt lat="31.946096" lon="34.971798">
      <ele>193.4</ele>
      <time>2010-01-01T00:29:32Z</time>
    </trkpt>
    <trkpt lat="31.946091" lon="34.971832">
      <ele>193.5</ele>
      <time>2010-01-01T00:29:33Z</time>
    </trkpt>
    <trkpt lat="31.946083" lon="34.971863">
      <ele>193.6</ele>
      <time>2010-01-01T00:29:34Z</time>
    </trkpt>
    <trkpt lat="31.946081" lon="34.971901">
      <ele>193.6</ele>
      <time>2010-01-01T00:29:35Z</time>
    </trkpt>
    <trkpt lat="31.946052" lon="34.971947">
      <ele>193.9</ele>
      <time>2010-01-01T00:29:37Z</time>
    </trkpt>
    <trkpt lat="31.946035" lon="34.971984">
      <ele>194.2</ele>
      <time>2010-01-01T00:29:39Z</time>
    </trkpt>
    <trkpt lat="31.946024" lon="34.972044">
      <ele>194.3</ele>
      <time>2010-01-01T00:29:41Z</time>
    </trkpt>
    <trkpt lat="31.946" lon="34.972097">
      <ele>194.6</ele>
      <time>2010-01-01T00:29:43Z</time>
    </trkpt>
    <trkpt lat="31.94598" lon="34.972129">
      <ele>194.9</ele>
      <time>2010-01-01T00:29:44Z</time>
    </trkpt>
    <trkpt lat="31.945973" lon="34.97217">
      <ele>195.0</ele>
      <time>2010-01-01T00:29:45Z</time>
    </trkpt>
    <trkpt lat="31.945953" lon="34.972235">
      <ele>195.3</ele>
      <time>2010-01-01T00:29:48Z</time>
    </trkpt>
    <trkpt lat="31.945941" lon="34.972266">
      <ele>195.4</ele>
      <time>2010-01-01T00:29:49Z</time>
    </trkpt>
    <trkpt lat="31.94593" lon="34.972303">
      <ele>195.5</ele>
      <time>2010-01-01T00:29:50Z</time>
    </trkpt>
    <trkpt lat="31.945919" lon="34.972344">
      <ele>195.6</ele>
      <time>2010-01-01T00:29:52Z</time>
    </trkpt>
    <trkpt lat="31.945912" lon="34.972391">
      <ele>195.7</ele>
      <time>2010-01-01T00:29:53Z</time>
    </trkpt>
    <trkpt lat="31.945893" lon="34.972422">
      <ele>195.9</ele>
      <time>2010-01-01T00:29:55Z</time>
    </trkpt>
    <trkpt lat="31.945885" lon="34.972463">
      <ele>196.0</ele>
      <time>2010-01-01T00:29:56Z</time>
    </trkpt>
    <trkpt lat="31.945873" lon="34.972505">
      <ele>196.1</ele>
      <time>2010-01-01T00:29:58Z</time>
    </trkpt>
    <trkpt lat="31.945856" lon="34.972545">
      <ele>196.2</ele>
      <time>2010-01-01T00:29:59Z</time>
    </trkpt>
    <trkpt lat="31.945843" lon="34.972585">
      <ele>196.3</ele>
      <time>2010-01-01T00:30:01Z</time>
    </trkpt>
    <trkpt lat="31.945825" lon="34.972626">
      <ele>196.4</ele>
      <time>2010-01-01T00:30:02Z</time>
    </trkpt>
    <trkpt lat="31.945815" lon="34.972667">
      <ele>196.5</ele>
      <time>2010-01-01T00:30:04Z</time>
    </trkpt>
    <trkpt lat="31.945831" lon="34.972703">
      <ele>196.3</ele>
      <time>2010-01-01T00:30:05Z</time>
    </trkpt>
    <trkpt lat="31.945826" lon="34.972745">
      <ele>196.3</ele>
      <time>2010-01-01T00:30:06Z</time>
    </trkpt>
    <trkpt lat="31.945812" lon="34.972782">
      <ele>196.3</ele>
      <time>2010-01-01T00:30:08Z</time>
    </trkpt>
    <trkpt lat="31.945803" lon="34.972826">
      <ele>196.4</ele>
      <time>2010-01-01T00:30:09Z</time>
    </trkpt>
    <trkpt lat="31.945781" lon="34.972859">
      <ele>196.5</ele>
      <time>2010-01-01T00:30:11Z</time>
    </trkpt>
    <trkpt lat="31.945786" lon="34.972901">
      <ele>196.4</ele>
      <time>2010-01-01T00:30:12Z</time>
    </trkpt>
    <trkpt lat="31.945778" lon="34.972942">
      <ele>196.3</ele>
      <time>2010-01-01T00:30:14Z</time>
    </trkpt>
    <trkpt lat="31.945772" lon="34.972982">
      <ele>196.3</ele>
      <time>2010-01-01T00:30:15Z</time>
    </trkpt>
    <trkpt lat="31.945774" lon="34.97303">
      <ele>196.2</ele>
      <time>2010-01-01T00:30:17Z</time>
    </trkpt>
    <trkpt lat="31.94576" lon="34.973069">
      <ele>196.2</ele>
      <time>2010-01-01T00:30:18Z</time>
    </trkpt>
    <trkpt lat="31.945746" lon="34.97311">
      <ele>196.2</ele>
      <time>2010-01-01T00:30:20Z</time>
    </trkpt>
    <trkpt lat="31.945739" lon="34.973161">
      <ele>196.1</ele>
      <time>2010-01-01T00:30:21Z</time>
    </trkpt>
    <trkpt lat="31.945731" lon="34.973216">
      <ele>195.9</ele>
      <time>2010-01-01T00:30:23Z</time>
    </trkpt>
    <trkpt lat="31.945728" lon="34.973275">
      <ele>195.8</ele>
      <time>2010-01-01T00:30:25Z</time>
    </trkpt>
    <trkpt lat="31.945713" lon="34.973315">
      <ele>195.7</ele>
      <time>2010-01-01T00:30:27Z</time>
    </trkpt>
    <trkpt lat="31.945701" lon="34.973352">
      <ele>195.6</ele>
      <time>2010-01-01T00:30:28Z</time>
    </trkpt>
    <trkpt lat="31.94569" lon="34.973396">
      <ele>195.5</ele>
      <time>2010-01-01T00:30:30Z</time>
    </trkpt>
    <trkpt lat="31.945675" lon="34.973442">
      <ele>195.3</ele>
      <time>2010-01-01T00:30:31Z</time>
    </trkpt>
    <trkpt lat="31.945666" lon="34.973495">
      <ele>195.1</ele>
      <time>2010-01-01T00:30:33Z</time>
    </trkpt>
    <trkpt lat="31.945664" lon="34.973542">
      <ele>194.9</ele>
      <time>2010-01-01T00:30:35Z</time>
    </trkpt>
    <trkpt lat="31.945644" lon="34.973608">
      <ele>194.6</ele>
      <time>2010-01-01T00:30:37Z</time>
    </trkpt>
    <trkpt lat="31.94564" lon="34.97364">
      <ele>194.5</ele>
      <time>2010-01-01T00:30:38Z</time>
    </trkpt>
    <trkpt lat="31.945636" lon="34.973679">
      <ele>194.3</ele>
      <time>2010-01-01T00:30:40Z</time>
    </trkpt>
    <trkpt lat="31.945634" lon="34.973723">
      <ele>194.2</ele>
      <time>2010-01-01T00:30:41Z</time>
    </trkpt>
    <trkpt lat="31.945626" lon="34.973758">
      <ele>194.0</ele>
      <time>2010-01-01T00:30:42Z</time>
    </trkpt>
    <trkpt lat="31.945619" lon="34.973796">
      <ele>194.1</ele>
      <time>2010-01-01T00:30:44Z</time>
    </trkpt>
    <trkpt lat="31.945609" lon="34.973836">
      <ele>194.1</ele>
      <time>2010-01-01T00:30:45Z</time>
    </trkpt>
    <trkpt lat="31.9456" lon="34.973874">
      <ele>194.1</ele>
      <time>2010-01-01T00:30:46Z</time>
    </trkpt>
    <trkpt lat="31.945596" lon="34.973918">
      <ele>194.2</ele>
      <time>2010-01-01T00:30:48Z</time>
    </trkpt>
    <trkpt lat="31.945584" lon="34.973961">
      <ele>194.2</ele>
      <time>2010-01-01T00:30:49Z</time>
    </trkpt>
    <trkpt lat="31.945559" lon="34.974">
      <ele>194.1</ele>
      <time>2010-01-01T00:30:51Z</time>
    </trkpt>
    <trkpt lat="31.945537" lon="34.974039">
      <ele>194.1</ele>
      <time>2010-01-01T00:30:53Z</time>
    </trkpt>
    <trkpt lat="31.945516" lon="34.974084">
      <ele>194.0</ele>
      <time>2010-01-01T00:30:54Z</time>
    </trkpt>
    <trkpt lat="31.945497" lon="34.97412">
      <ele>194.0</ele>
      <time>2010-01-01T00:30:56Z</time>
    </trkpt>
    <trkpt lat="31.945485" lon="34.97416">
      <ele>193.9</ele>
      <time>2010-01-01T00:30:57Z</time>
    </trkpt>
    <trkpt lat="31.945475" lon="34.974211">
      <ele>193.9</ele>
      <time>2010-01-01T00:30:59Z</time>
    </trkpt>
    <trkpt lat="31.945462" lon="34.974249">
      <ele>193.9</ele>
      <time>2010-01-01T00:31:00Z</time>
    </trkpt>
    <trkpt lat="31.945449" lon="34.974281">
      <ele>193.9</ele>
      <time>2010-01-01T00:31:02Z</time>
    </trkpt>
    <trkpt lat="31.945434" lon="34.974314">
      <ele>193.8</ele>
      <time>2010-01-01T00:31:03Z</time>
    </trkpt>
    <trkpt lat="31.945421" lon="34.974366">
      <ele>193.8</ele>
      <time>2010-01-01T00:31:05Z</time>
    </trkpt>
    <trkpt lat="31.94541" lon="34.974404">
      <ele>193.7</ele>
      <time>2010-01-01T00:31:06Z</time>
    </trkpt>
    <trkpt lat="31.945393" lon="34.974441">
      <ele>193.6</ele>
      <time>2010-01-01T00:31:08Z</time>
    </trkpt>
    <trkpt lat="31.945375" lon="34.974478">
      <ele>193.4</ele>
      <time>2010-01-01T00:31:09Z</time>
    </trkpt>
    <trkpt lat="31.94536" lon="34.974524">
      <ele>193.3</ele>
      <time>2010-01-01T00:31:11Z</time>
    </trkpt>
    <trkpt lat="31.945346" lon="34.974563">
      <ele>193.2</ele>
      <time>2010-01-01T00:31:12Z</time>
    </trkpt>
    <trkpt lat="31.945329" lon="34.974597">
      <ele>193.1</ele>
      <time>2010-01-01T00:31:13Z</time>
    </trkpt>
    <trkpt lat="31.945316" lon="34.974634">
      <ele>193.2</ele>
      <time>2010-01-01T00:31:15Z</time>
    </trkpt>
    <trkpt lat="31.945307" lon="34.974682">
      <ele>193.5</ele>
      <time>2010-01-01T00:31:16Z</time>
    </trkpt>
    <trkpt lat="31.945292" lon="34.974725">
      <ele>193.6</ele>
      <time>2010-01-01T00:31:18Z</time>
    </trkpt>
    <trkpt lat="31.945276" lon="34.974758">
      <ele>193.7</ele>
      <time>2010-01-01T00:31:19Z</time>
    </trkpt>
    <trkpt lat="31.945264" lon="34.974801">
      <ele>193.8</ele>
      <time>2010-01-01T00:31:21Z</time>
    </trkpt>
    <trkpt lat="31.945255" lon="34.974834">
      <ele>194.0</ele>
      <time>2010-01-01T00:31:22Z</time>
    </trkpt>
    <trkpt lat="31.945248" lon="34.974882">
      <ele>194.3</ele>
      <time>2010-01-01T00:31:24Z</time>
    </trkpt>
    <trkpt lat="31.94524" lon="34.974924">
      <ele>194.5</ele>
      <time>2010-01-01T00:31:25Z</time>
    </trkpt>
    <trkpt lat="31.945229" lon="34.974959">
      <ele>194.6</ele>
      <time>2010-01-01T00:31:26Z</time>
    </trkpt>
    <trkpt lat="31.945223" lon="34.974994">
      <ele>194.8</ele>
      <time>2010-01-01T00:31:28Z</time>
    </trkpt>
    <trkpt lat="31.945201" lon="34.975028">
      <ele>194.9</ele>
      <time>2010-01-01T00:31:29Z</time>
    </trkpt>
    <trkpt lat="31.945187" lon="34.975069">
      <ele>195.1</ele>
      <time>2010-01-01T00:31:31Z</time>
    </trkpt>
    <trkpt lat="31.945173" lon="34.975109">
      <ele>195.3</ele>
      <time>2010-01-01T00:31:32Z</time>
    </trkpt>
    <trkpt lat="31.945152" lon="34.975142">
      <ele>195.3</ele>
      <time>2010-01-01T00:31:33Z</time>
    </trkpt>
    <trkpt lat="31.945145" lon="34.975187">
      <ele>195.6</ele>
      <time>2010-01-01T00:31:35Z</time>
    </trkpt>
    <trkpt lat="31.94513" lon="34.975228">
      <ele>195.8</ele>
      <time>2010-01-01T00:31:37Z</time>
    </trkpt>
    <trkpt lat="31.945121" lon="34.975267">
      <ele>196.1</ele>
      <time>2010-01-01T00:31:38Z</time>
    </trkpt>
    <trkpt lat="31.945102" lon="34.975308">
      <ele>196.3</ele>
      <time>2010-01-01T00:31:39Z</time>
    </trkpt>
    <trkpt lat="31.945082" lon="34.975341">
      <ele>196.4</ele>
      <time>2010-01-01T00:31:41Z</time>
    </trkpt>
    <trkpt lat="31.945074" lon="34.97538">
      <ele>196.7</ele>
      <time>2010-01-01T00:31:42Z</time>
    </trkpt>
    <trkpt lat="31.945063" lon="34.975422">
      <ele>196.9</ele>
      <time>2010-01-01T00:31:44Z</time>
    </trkpt>
    <trkpt lat="31.945056" lon="34.975468">
      <ele>197.0</ele>
      <time>2010-01-01T00:31:45Z</time>
    </trkpt>
    <trkpt lat="31.945045" lon="34.975511">
      <ele>197.1</ele>
      <time>2010-01-01T00:31:47Z</time>
    </trkpt>
    <trkpt lat="31.945036" lon="34.975554">
      <ele>197.2</ele>
      <time>2010-01-01T00:31:48Z</time>
    </trkpt>
    <trkpt lat="31.945025" lon="34.975596">
      <ele>197.3</ele>
      <time>2010-01-01T00:31:50Z</time>
    </trkpt>
    <trkpt lat="31.945012" lon="34.975635">
      <ele>197.4</ele>
      <time>2010-01-01T00:31:51Z</time>
    </trkpt>
    <trkpt lat="31.945002" lon="34.975676">
      <ele>197.4</ele>
      <time>2010-01-01T00:31:53Z</time>
    </trkpt>
    <trkpt lat="31.944992" lon="34.975726">
      <ele>197.6</ele>
      <time>2010-01-01T00:31:54Z</time>
    </trkpt>
    <trkpt lat="31.944985" lon="34.975772">
      <ele>197.7</ele>
      <time>2010-01-01T00:31:56Z</time>
    </trkpt>
    <trkpt lat="31.944978" lon="34.975822">
      <ele>197.8</ele>
      <time>2010-01-01T00:31:58Z</time>
    </trkpt>
    <trkpt lat="31.94497" lon="34.975857">
      <ele>197.9</ele>
      <time>2010-01-01T00:31:59Z</time>
    </trkpt>
    <trkpt lat="31.944958" lon="34.975895">
      <ele>198.0</ele>
      <time>2010-01-01T00:32:00Z</time>
    </trkpt>
    <trkpt lat="31.944948" lon="34.975936">
      <ele>198.1</ele>
      <time>2010-01-01T00:32:02Z</time>
    </trkpt>
    <trkpt lat="31.94494" lon="34.975971">
      <ele>198.1</ele>
      <time>2010-01-01T00:32:03Z</time>
    </trkpt>
    <trkpt lat="31.944912" lon="34.976019">
      <ele>198.1</ele>
      <time>2010-01-01T00:32:05Z</time>
    </trkpt>
    <trkpt lat="31.944901" lon="34.976053">
      <ele>198.2</ele>
      <time>2010-01-01T00:32:06Z</time>
    </trkpt>
    <trkpt lat="31.944894" lon="34.976093">
      <ele>198.3</ele>
      <time>2010-01-01T00:32:08Z</time>
    </trkpt>
    <trkpt lat="31.944885" lon="34.976133">
      <ele>198.4</ele>
      <time>2010-01-01T00:32:09Z</time>
    </trkpt>
    <trkpt lat="31.944868" lon="34.976171">
      <ele>198.4</ele>
      <time>2010-01-01T00:32:11Z</time>
    </trkpt>
    <trkpt lat="31.944863" lon="34.976213">
      <ele>198.5</ele>
      <time>2010-01-01T00:32:12Z</time>
    </trkpt>
    <trkpt lat="31.944876" lon="34.976249">
      <ele>198.8</ele>
      <time>2010-01-01T00:32:13Z</time>
    </trkpt>
    <trkpt lat="31.944915" lon="34.976269">
      <ele>199.0</ele>
      <time>2010-01-01T00:32:15Z</time>
    </trkpt>
    <trkpt lat="31.944951" lon="34.976273">
      <ele>199.2</ele>
      <time>2010-01-01T00:32:16Z</time>
    </trkpt>
    <trkpt lat="31.945006" lon="34.976266">
      <ele>199.5</ele>
      <time>2010-01-01T00:32:19Z</time>
    </trkpt>
    <trkpt lat="31.945033" lon="34.976275">
      <ele>199.7</ele>
      <time>2010-01-01T00:32:20Z</time>
    </trkpt>
    <trkpt lat="31.945062" lon="34.976289">
      <ele>199.9</ele>
      <time>2010-01-01T00:32:21Z</time>
    </trkpt>
    <trkpt lat="31.945118" lon="34.976307">
      <ele>200.2</ele>
      <time>2010-01-01T00:32:23Z</time>
    </trkpt>
    <trkpt lat="31.945158" lon="34.976332">
      <ele>200.5</ele>
      <time>2010-01-01T00:32:25Z</time>
    </trkpt>
    <trkpt lat="31.945196" lon="34.976342">
      <ele>200.8</ele>
      <time>2010-01-01T00:32:27Z</time>
    </trkpt>
    <trkpt lat="31.945228" lon="34.976346">
      <ele>201.0</ele>
      <time>2010-01-01T00:32:28Z</time>
    </trkpt>
    <trkpt lat="31.945248" lon="34.976323">
      <ele>201.1</ele>
      <time>2010-01-01T00:32:29Z</time>
    </trkpt>
    <trkpt lat="31.945269" lon="34.976298">
      <ele>201.2</ele>
      <time>2010-01-01T00:32:30Z</time>
    </trkpt>
    <trkpt lat="31.945286" lon="34.976265">
      <ele>201.2</ele>
      <time>2010-01-01T00:32:32Z</time>
    </trkpt>
    <trkpt lat="31.945292" lon="34.976234">
      <ele>201.2</ele>
      <time>2010-01-01T00:32:33Z</time>
    </trkpt>
    <trkpt lat="31.945312" lon="34.976211">
      <ele>201.2</ele>
      <time>2010-01-01T00:32:34Z</time>
    </trkpt>
    <trkpt lat="31.945336" lon="34.976238">
      <ele>201.5</ele>
      <time>2010-01-01T00:32:35Z</time>
    </trkpt>
    <trkpt lat="31.945343" lon="34.976287">
      <ele>201.6</ele>
      <time>2010-01-01T00:32:37Z</time>
    </trkpt>
    <trkpt lat="31.945357" lon="34.976327">
      <ele>201.8</ele>
      <time>2010-01-01T00:32:38Z</time>
    </trkpt>
    <trkpt lat="31.945381" lon="34.976366">
      <ele>202.0</ele>
      <time>2010-01-01T00:32:40Z</time>
    </trkpt>
    <trkpt lat="31.9454" lon="34.976394">
      <ele>202.2</ele>
      <time>2010-01-01T00:32:41Z</time>
    </trkpt>
    <trkpt lat="31.945413" lon="34.976425">
      <ele>202.4</ele>
      <time>2010-01-01T00:32:42Z</time>
    </trkpt>
    <trkpt lat="31.945458" lon="34.976454">
      <ele>202.7</ele>
      <time>2010-01-01T00:32:44Z</time>
    </trkpt>
    <trkpt lat="31.945503" lon="34.976463">
      <ele>202.9</ele>
      <time>2010-01-01T00:32:46Z</time>
    </trkpt>
    <trkpt lat="31.945547" lon="34.976478">
      <ele>203.2</ele>
      <time>2010-01-01T00:32:48Z</time>
    </trkpt>
    <trkpt lat="31.945589" lon="34.976486">
      <ele>203.4</ele>
      <time>2010-01-01T00:32:50Z</time>
    </trkpt>
    <trkpt lat="31.94563" lon="34.976492">
      <ele>203.6</ele>
      <time>2010-01-01T00:32:51Z</time>
    </trkpt>
    <trkpt lat="31.945665" lon="34.976498">
      <ele>203.8</ele>
      <time>2010-01-01T00:32:53Z</time>
    </trkpt>
    <trkpt lat="31.9457" lon="34.976502">
      <ele>204.0</ele>
      <time>2010-01-01T00:32:54Z</time>
    </trkpt>
    <trkpt lat="31.945736" lon="34.976504">
      <ele>204.2</ele>
      <time>2010-01-01T00:32:56Z</time>
    </trkpt>
    <trkpt lat="31.945775" lon="34.976511">
      <ele>204.4</ele>
      <time>2010-01-01T00:32:57Z</time>
    </trkpt>
    <trkpt lat="31.945817" lon="34.976515">
      <ele>204.6</ele>
      <time>2010-01-01T00:32:59Z</time>
    </trkpt>
    <trkpt lat="31.945857" lon="34.976512">
      <ele>204.8</ele>
      <time>2010-01-01T00:33:01Z</time>
    </trkpt>
    <trkpt lat="31.945899" lon="34.976512">
      <ele>205.0</ele>
      <time>2010-01-01T00:33:02Z</time>
    </trkpt>
    <trkpt lat="31.945946" lon="34.97651">
      <ele>205.2</ele>
      <time>2010-01-01T00:33:04Z</time>
    </trkpt>
    <trkpt lat="31.945991" lon="34.976509">
      <ele>205.4</ele>
      <time>2010-01-01T00:33:06Z</time>
    </trkpt>
    <trkpt lat="31.946037" lon="34.976505">
      <ele>205.7</ele>
      <time>2010-01-01T00:33:08Z</time>
    </trkpt>
    <trkpt lat="31.946086" lon="34.976502">
      <ele>205.9</ele>
      <time>2010-01-01T00:33:10Z</time>
    </trkpt>
    <trkpt lat="31.946131" lon="34.9765">
      <ele>206.1</ele>
      <time>2010-01-01T00:33:12Z</time>
    </trkpt>
    <trkpt lat="31.946182" lon="34.976508">
      <ele>206.4</ele>
      <time>2010-01-01T00:33:14Z</time>
    </trkpt>
    <trkpt lat="31.946225" lon="34.976518">
      <ele>206.6</ele>
      <time>2010-01-01T00:33:15Z</time>
    </trkpt>
    <trkpt lat="31.946275" lon="34.976534">
      <ele>206.5</ele>
      <time>2010-01-01T00:33:17Z</time>
    </trkpt>
    <trkpt lat="31.946323" lon="34.976559">
      <ele>206.1</ele>
      <time>2010-01-01T00:33:20Z</time>
    </trkpt>
    <trkpt lat="31.946368" lon="34.976582">
      <ele>205.7</ele>
      <time>2010-01-01T00:33:21Z</time>
    </trkpt>
    <trkpt lat="31.946413" lon="34.976612">
      <ele>205.2</ele>
      <time>2010-01-01T00:33:24Z</time>
    </trkpt>
    <trkpt lat="31.946457" lon="34.976614">
      <ele>204.9</ele>
      <time>2010-01-01T00:33:25Z</time>
    </trkpt>
    <trkpt lat="31.946505" lon="34.976609">
      <ele>204.5</ele>
      <time>2010-01-01T00:33:27Z</time>
    </trkpt>
    <trkpt lat="31.946549" lon="34.976588">
      <ele>204.2</ele>
      <time>2010-01-01T00:33:29Z</time>
    </trkpt>
    <trkpt lat="31.946587" lon="34.976556">
      <ele>204.0</ele>
      <time>2010-01-01T00:33:31Z</time>
    </trkpt>
    <trkpt lat="31.94662" lon="34.976519">
      <ele>203.9</ele>
      <time>2010-01-01T00:33:33Z</time>
    </trkpt>
    <trkpt lat="31.946663" lon="34.976488">
      <ele>203.7</ele>
      <time>2010-01-01T00:33:35Z</time>
    </trkpt>
    <trkpt lat="31.946707" lon="34.976464">
      <ele>203.4</ele>
      <time>2010-01-01T00:33:37Z</time>
    </trkpt>
    <trkpt lat="31.946758" lon="34.976449">
      <ele>203.1</ele>
      <time>2010-01-01T00:33:39Z</time>
    </trkpt>
    <trkpt lat="31.94681" lon="34.976442">
      <ele>202.8</ele>
      <time>2010-01-01T00:33:41Z</time>
    </trkpt>
    <trkpt lat="31.94686" lon="34.976434">
      <ele>202.5</ele>
      <time>2010-01-01T00:33:43Z</time>
    </trkpt>
    <trkpt lat="31.946913" lon="34.976437">
      <ele>202.1</ele>
      <time>2010-01-01T00:33:45Z</time>
    </trkpt>
    <trkpt lat="31.946965" lon="34.976439">
      <ele>201.7</ele>
      <time>2010-01-01T00:33:47Z</time>
    </trkpt>
    <trkpt lat="31.947013" lon="34.976442">
      <ele>201.3</ele>
      <time>2010-01-01T00:33:49Z</time>
    </trkpt>
    <trkpt lat="31.947068" lon="34.976437">
      <ele>201.0</ele>
      <time>2010-01-01T00:33:51Z</time>
    </trkpt>
    <trkpt lat="31.94711" lon="34.97642">
      <ele>200.6</ele>
      <time>2010-01-01T00:33:53Z</time>
    </trkpt>
    <trkpt lat="31.947141" lon="34.976381">
      <ele>200.5</ele>
      <time>2010-01-01T00:33:55Z</time>
    </trkpt>
    <trkpt lat="31.947168" lon="34.976335">
      <ele>200.4</ele>
      <time>2010-01-01T00:33:57Z</time>
    </trkpt>
    <trkpt lat="31.94719" lon="34.976292">
      <ele>200.3</ele>
      <time>2010-01-01T00:33:59Z</time>
    </trkpt>
    <trkpt lat="31.947211" lon="34.976247">
      <ele>200.3</ele>
      <time>2010-01-01T00:34:00Z</time>
    </trkpt>
    <trkpt lat="31.947239" lon="34.976202">
      <ele>200.3</ele>
      <time>2010-01-01T00:34:02Z</time>
    </trkpt>
    <trkpt lat="31.947252" lon="34.976161">
      <ele>200.4</ele>
      <time>2010-01-01T00:34:04Z</time>
    </trkpt>
    <trkpt lat="31.947269" lon="34.976118">
      <ele>200.4</ele>
      <time>2010-01-01T00:34:05Z</time>
    </trkpt>
    <trkpt lat="31.947287" lon="34.976079">
      <ele>200.4</ele>
      <time>2010-01-01T00:34:07Z</time>
    </trkpt>
    <trkpt lat="31.947304" lon="34.976048">
      <ele>200.4</ele>
      <time>2010-01-01T00:34:08Z</time>
    </trkpt>
    <trkpt lat="31.947328" lon="34.976009">
      <ele>200.4</ele>
      <time>2010-01-01T00:34:10Z</time>
    </trkpt>
    <trkpt lat="31.947347" lon="34.975973">
      <ele>200.4</ele>
      <time>2010-01-01T00:34:11Z</time>
    </trkpt>
    <trkpt lat="31.947371" lon="34.97594">
      <ele>200.3</ele>
      <time>2010-01-01T00:34:13Z</time>
    </trkpt>
    <trkpt lat="31.94741" lon="34.975909">
      <ele>200.1</ele>
      <time>2010-01-01T00:34:14Z</time>
    </trkpt>
    <trkpt lat="31.947445" lon="34.975886">
      <ele>199.8</ele>
      <time>2010-01-01T00:34:16Z</time>
    </trkpt>
    <trkpt lat="31.947483" lon="34.97586">
      <ele>199.5</ele>
      <time>2010-01-01T00:34:18Z</time>
    </trkpt>
    <trkpt lat="31.947515" lon="34.975828">
      <ele>199.4</ele>
      <time>2010-01-01T00:34:20Z</time>
    </trkpt>
    <trkpt lat="31.947555" lon="34.975811">
      <ele>199.0</ele>
      <time>2010-01-01T00:34:21Z</time>
    </trkpt>
    <trkpt lat="31.947596" lon="34.975802">
      <ele>198.6</ele>
      <time>2010-01-01T00:34:23Z</time>
    </trkpt>
    <trkpt lat="31.947638" lon="34.975778">
      <ele>198.3</ele>
      <time>2010-01-01T00:34:25Z</time>
    </trkpt>
    <trkpt lat="31.947673" lon="34.975734">
      <ele>198.2</ele>
      <time>2010-01-01T00:34:27Z</time>
    </trkpt>
    <trkpt lat="31.947726" lon="34.975712">
      <ele>197.7</ele>
      <time>2010-01-01T00:34:29Z</time>
    </trkpt>
    <trkpt lat="31.947766" lon="34.975679">
      <ele>197.5</ele>
      <time>2010-01-01T00:34:31Z</time>
    </trkpt>
    <trkpt lat="31.947804" lon="34.975648">
      <ele>197.3</ele>
      <time>2010-01-01T00:34:33Z</time>
    </trkpt>
    <trkpt lat="31.947839" lon="34.975582">
      <ele>197.5</ele>
      <time>2010-01-01T00:34:36Z</time>
    </trkpt>
    <trkpt lat="31.947865" lon="34.975526">
      <ele>197.7</ele>
      <time>2010-01-01T00:34:38Z</time>
    </trkpt>
    <trkpt lat="31.94789" lon="34.975476">
      <ele>197.8</ele>
      <time>2010-01-01T00:34:40Z</time>
    </trkpt>
    <trkpt lat="31.947894" lon="34.975419">
      <ele>198.2</ele>
      <time>2010-01-01T00:34:42Z</time>
    </trkpt>
    <trkpt lat="31.947887" lon="34.975368">
      <ele>198.4</ele>
      <time>2010-01-01T00:34:43Z</time>
    </trkpt>
    <trkpt lat="31.947881" lon="34.975323">
      <ele>198.5</ele>
      <time>2010-01-01T00:34:45Z</time>
    </trkpt>
    <trkpt lat="31.947872" lon="34.975275">
      <ele>198.6</ele>
      <time>2010-01-01T00:34:47Z</time>
    </trkpt>
    <trkpt lat="31.947863" lon="34.975232">
      <ele>198.8</ele>
      <time>2010-01-01T00:34:48Z</time>
    </trkpt>
    <trkpt lat="31.94784" lon="34.975206">
      <ele>199.0</ele>
      <time>2010-01-01T00:34:49Z</time>
    </trkpt>
    <trkpt lat="31.94782" lon="34.975171">
      <ele>199.3</ele>
      <time>2010-01-01T00:34:51Z</time>
    </trkpt>
    <trkpt lat="31.947808" lon="34.975139">
      <ele>199.4</ele>
      <time>2010-01-01T00:34:52Z</time>
    </trkpt>
    <trkpt lat="31.947791" lon="34.975091">
      <ele>199.6</ele>
      <time>2010-01-01T00:34:54Z</time>
    </trkpt>
    <trkpt lat="31.947771" lon="34.975055">
      <ele>199.9</ele>
      <time>2010-01-01T00:34:55Z</time>
    </trkpt>
    <trkpt lat="31.947757" lon="34.974998">
      <ele>200.0</ele>
      <time>2010-01-01T00:34:57Z</time>
    </trkpt>
    <trkpt lat="31.947749" lon="34.974966">
      <ele>200.1</ele>
      <time>2010-01-01T00:34:58Z</time>
    </trkpt>
    <trkpt lat="31.947744" lon="34.974933">
      <ele>200.2</ele>
      <time>2010-01-01T00:34:59Z</time>
    </trkpt>
    <trkpt lat="31.947733" lon="34.974898">
      <ele>200.3</ele>
      <time>2010-01-01T00:35:01Z</time>
    </trkpt>
    <trkpt lat="31.947741" lon="34.974851">
      <ele>200.3</ele>
      <time>2010-01-01T00:35:02Z</time>
    </trkpt>
    <trkpt lat="31.947785" lon="34.974826">
      <ele>199.9</ele>
      <time>2010-01-01T00:35:04Z</time>
    </trkpt>
    <trkpt lat="31.947817" lon="34.97483">
      <ele>199.6</ele>
      <time>2010-01-01T00:35:06Z</time>
    </trkpt>
    <trkpt lat="31.947854" lon="34.974832">
      <ele>199.3</ele>
      <time>2010-01-01T00:35:07Z</time>
    </trkpt>
    <trkpt lat="31.947895" lon="34.974847">
      <ele>198.9</ele>
      <time>2010-01-01T00:35:09Z</time>
    </trkpt>
    <trkpt lat="31.947933" lon="34.974843">
      <ele>198.6</ele>
      <time>2010-01-01T00:35:10Z</time>
    </trkpt>
    <trkpt lat="31.947965" lon="34.974824">
      <ele>198.6</ele>
      <time>2010-01-01T00:35:12Z</time>
    </trkpt>
    <trkpt lat="31.947993" lon="34.974796">
      <ele>198.5</ele>
      <time>2010-01-01T00:35:13Z</time>
    </trkpt>
    <trkpt lat="31.948011" lon="34.974764">
      <ele>198.6</ele>
      <time>2010-01-01T00:35:15Z</time>
    </trkpt>
    <trkpt lat="31.948039" lon="34.974742">
      <ele>198.6</ele>
      <time>2010-01-01T00:35:16Z</time>
    </trkpt>
    <trkpt lat="31.948065" lon="34.974723">
      <ele>198.6</ele>
      <time>2010-01-01T00:35:17Z</time>
    </trkpt>
    <trkpt lat="31.948096" lon="34.97471">
      <ele>198.6</ele>
      <time>2010-01-01T00:35:18Z</time>
    </trkpt>
    <trkpt lat="31.94813" lon="34.974698">
      <ele>198.5</ele>
      <time>2010-01-01T00:35:20Z</time>
    </trkpt>
    <trkpt lat="31.948167" lon="34.974687">
      <ele>198.5</ele>
      <time>2010-01-01T00:35:21Z</time>
    </trkpt>
    <trkpt lat="31.948198" lon="34.974668">
      <ele>198.6</ele>
      <time>2010-01-01T00:35:23Z</time>
    </trkpt>
    <trkpt lat="31.94823" lon="34.974646">
      <ele>198.7</ele>
      <time>2010-01-01T00:35:24Z</time>
    </trkpt>
    <trkpt lat="31.948256" lon="34.974633">
      <ele>198.7</ele>
      <time>2010-01-01T00:35:25Z</time>
    </trkpt>
    <trkpt lat="31.948309" lon="34.974609">
      <ele>198.8</ele>
      <time>2010-01-01T00:35:28Z</time>
    </trkpt>
    <trkpt lat="31.94836" lon="34.974585">
      <ele>199.0</ele>
      <time>2010-01-01T00:35:30Z</time>
    </trkpt>
    <trkpt lat="31.948387" lon="34.974574">
      <ele>199.0</ele>
      <time>2010-01-01T00:35:31Z</time>
    </trkpt>
    <trkpt lat="31.948423" lon="34.974572">
      <ele>199.0</ele>
      <time>2010-01-01T00:35:32Z</time>
    </trkpt>
    <trkpt lat="31.948458" lon="34.974577">
      <ele>199.0</ele>
      <time>2010-01-01T00:35:34Z</time>
    </trkpt>
    <trkpt lat="31.948494" lon="34.974587">
      <ele>199.0</ele>
      <time>2010-01-01T00:35:35Z</time>
    </trkpt>
    <trkpt lat="31.948529" lon="34.974597">
      <ele>198.9</ele>
      <time>2010-01-01T00:35:37Z</time>
    </trkpt>
    <trkpt lat="31.948562" lon="34.974593">
      <ele>198.9</ele>
      <time>2010-01-01T00:35:38Z</time>
    </trkpt>
    <trkpt lat="31.948598" lon="34.974578">
      <ele>199.0</ele>
      <time>2010-01-01T00:35:40Z</time>
    </trkpt>
    <trkpt lat="31.948628" lon="34.974559">
      <ele>199.0</ele>
      <time>2010-01-01T00:35:41Z</time>
    </trkpt>
    <trkpt lat="31.948646" lon="34.974528">
      <ele>199.0</ele>
      <time>2010-01-01T00:35:42Z</time>
    </trkpt>
    <trkpt lat="31.948669" lon="34.9745">
      <ele>199.0</ele>
      <time>2010-01-01T00:35:44Z</time>
    </trkpt>
    <trkpt lat="31.948701" lon="34.974487">
      <ele>199.0</ele>
      <time>2010-01-01T00:35:45Z</time>
    </trkpt>
    <trkpt lat="31.948731" lon="34.974484">
      <ele>199.0</ele>
      <time>2010-01-01T00:35:46Z</time>
    </trkpt>
    <trkpt lat="31.948764" lon="34.974494">
      <ele>199.0</ele>
      <time>2010-01-01T00:35:48Z</time>
    </trkpt>
    <trkpt lat="31.948796" lon="34.974497">
      <ele>199.0</ele>
      <time>2010-01-01T00:35:49Z</time>
    </trkpt>
    <trkpt lat="31.948831" lon="34.974495">
      <ele>199.0</ele>
      <time>2010-01-01T00:35:50Z</time>
    </trkpt>
    <trkpt lat="31.948859" lon="34.974468">
      <ele>199.0</ele>
      <time>2010-01-01T00:35:52Z</time>
    </trkpt>
    <trkpt lat="31.948889" lon="34.974458">
      <ele>199.0</ele>
      <time>2010-01-01T00:35:53Z</time>
    </trkpt>
    <trkpt lat="31.948927" lon="34.974459">
      <ele>198.9</ele>
      <time>2010-01-01T00:35:54Z</time>
    </trkpt>
    <trkpt lat="31.948957" lon="34.974462">
      <ele>198.9</ele>
      <time>2010-01-01T00:35:56Z</time>
    </trkpt>
    <trkpt lat="31.948987" lon="34.974464">
      <ele>198.9</ele>
      <time>2010-01-01T00:35:57Z</time>
    </trkpt>
    <trkpt lat="31.949026" lon="34.974464">
      <ele>198.9</ele>
      <time>2010-01-01T00:35:58Z</time>
    </trkpt>
    <trkpt lat="31.949078" lon="34.974474">
      <ele>198.9</ele>
      <time>2010-01-01T00:36:01Z</time>
    </trkpt>
    <trkpt lat="31.949124" lon="34.974466">
      <ele>198.9</ele>
      <time>2010-01-01T00:36:02Z</time>
    </trkpt>
    <trkpt lat="31.949172" lon="34.974474">
      <ele>198.8</ele>
      <time>2010-01-01T00:36:04Z</time>
    </trkpt>
    <trkpt lat="31.94922" lon="34.974484">
      <ele>198.8</ele>
      <time>2010-01-01T00:36:06Z</time>
    </trkpt>
    <trkpt lat="31.949266" lon="34.974511">
      <ele>198.6</ele>
      <time>2010-01-01T00:36:08Z</time>
    </trkpt>
    <trkpt lat="31.949315" lon="34.974513">
      <ele>198.6</ele>
      <time>2010-01-01T00:36:10Z</time>
    </trkpt>
    <trkpt lat="31.949376" lon="34.974511">
      <ele>198.6</ele>
      <time>2010-01-01T00:36:13Z</time>
    </trkpt>
    <trkpt lat="31.94943" lon="34.974505">
      <ele>198.6</ele>
      <time>2010-01-01T00:36:15Z</time>
    </trkpt>
    <trkpt lat="31.949486" lon="34.974515">
      <ele>198.5</ele>
      <time>2010-01-01T00:36:17Z</time>
    </trkpt>
    <trkpt lat="31.949528" lon="34.974513">
      <ele>198.5</ele>
      <time>2010-01-01T00:36:19Z</time>
    </trkpt>
    <trkpt lat="31.949578" lon="34.974519">
      <ele>198.4</ele>
      <time>2010-01-01T00:36:21Z</time>
    </trkpt>
    <trkpt lat="31.949625" lon="34.974521">
      <ele>198.2</ele>
      <time>2010-01-01T00:36:23Z</time>
    </trkpt>
    <trkpt lat="31.949678" lon="34.974517">
      <ele>198.1</ele>
      <time>2010-01-01T00:36:25Z</time>
    </trkpt>
    <trkpt lat="31.949735" lon="34.974502">
      <ele>198.0</ele>
      <time>2010-01-01T00:36:27Z</time>
    </trkpt>
    <trkpt lat="31.949785" lon="34.97448">
      <ele>198.0</ele>
      <time>2010-01-01T00:36:29Z</time>
    </trkpt>
    <trkpt lat="31.949831" lon="34.974478">
      <ele>197.8</ele>
      <time>2010-01-01T00:36:31Z</time>
    </trkpt>
    <trkpt lat="31.949876" lon="34.974479">
      <ele>197.7</ele>
      <time>2010-01-01T00:36:33Z</time>
    </trkpt>
    <trkpt lat="31.949937" lon="34.974488">
      <ele>197.4</ele>
      <time>2010-01-01T00:36:35Z</time>
    </trkpt>
    <trkpt lat="31.949988" lon="34.974484">
      <ele>197.3</ele>
      <time>2010-01-01T00:36:38Z</time>
    </trkpt>
    <trkpt lat="31.950037" lon="34.974481">
      <ele>197.1</ele>
      <time>2010-01-01T00:36:39Z</time>
    </trkpt>
    <trkpt lat="31.950077" lon="34.974447">
      <ele>197.2</ele>
      <time>2010-01-01T00:36:41Z</time>
    </trkpt>
    <trkpt lat="31.950111" lon="34.974404">
      <ele>197.4</ele>
      <time>2010-01-01T00:36:43Z</time>
    </trkpt>
    <trkpt lat="31.950135" lon="34.974354">
      <ele>197.8</ele>
      <time>2010-01-01T00:36:45Z</time>
    </trkpt>
    <trkpt lat="31.95016" lon="34.97431">
      <ele>198.0</ele>
      <time>2010-01-01T00:36:47Z</time>
    </trkpt>
    <trkpt lat="31.950195" lon="34.974281">
      <ele>198.1</ele>
      <time>2010-01-01T00:36:49Z</time>
    </trkpt>
    <trkpt lat="31.950216" lon="34.974255">
      <ele>198.3</ele>
      <time>2010-01-01T00:36:50Z</time>
    </trkpt>
    <trkpt lat="31.950223" lon="34.974221">
      <ele>198.5</ele>
      <time>2010-01-01T00:36:51Z</time>
    </trkpt>
    <trkpt lat="31.950241" lon="34.974169">
      <ele>198.9</ele>
      <time>2010-01-01T00:36:53Z</time>
    </trkpt>
    <trkpt lat="31.950252" lon="34.974128">
      <ele>199.2</ele>
      <time>2010-01-01T00:36:55Z</time>
    </trkpt>
    <trkpt lat="31.950279" lon="34.974115">
      <ele>199.2</ele>
      <time>2010-01-01T00:36:56Z</time>
    </trkpt>
    <trkpt lat="31.950317" lon="34.974104">
      <ele>199.2</ele>
      <time>2010-01-01T00:36:57Z</time>
    </trkpt>
    <trkpt lat="31.950344" lon="34.97409">
      <ele>199.3</ele>
      <time>2010-01-01T00:36:59Z</time>
    </trkpt>
    <trkpt lat="31.950371" lon="34.974077">
      <ele>199.4</ele>
      <time>2010-01-01T00:37:00Z</time>
    </trkpt>
    <trkpt lat="31.950369" lon="34.974038">
      <ele>199.7</ele>
      <time>2010-01-01T00:37:01Z</time>
    </trkpt>
    <trkpt lat="31.950322" lon="34.97401">
      <ele>200.0</ele>
      <time>2010-01-01T00:37:03Z</time>
    </trkpt>
    <trkpt lat="31.950332" lon="34.973961">
      <ele>200.4</ele>
      <time>2010-01-01T00:37:05Z</time>
    </trkpt>
    <trkpt lat="31.95039" lon="34.973954">
      <ele>200.3</ele>
      <time>2010-01-01T00:37:07Z</time>
    </trkpt>
    <trkpt lat="31.950417" lon="34.973935">
      <ele>200.4</ele>
      <time>2010-01-01T00:37:08Z</time>
    </trkpt>
    <trkpt lat="31.95045" lon="34.973917">
      <ele>200.4</ele>
      <time>2010-01-01T00:37:10Z</time>
    </trkpt>
    <trkpt lat="31.950509" lon="34.973866">
      <ele>200.5</ele>
      <time>2010-01-01T00:37:13Z</time>
    </trkpt>
    <trkpt lat="31.950541" lon="34.97385">
      <ele>200.4</ele>
      <time>2010-01-01T00:37:14Z</time>
    </trkpt>
    <trkpt lat="31.950579" lon="34.973822">
      <ele>200.4</ele>
      <time>2010-01-01T00:37:16Z</time>
    </trkpt>
    <trkpt lat="31.950611" lon="34.973804">
      <ele>200.4</ele>
      <time>2010-01-01T00:37:17Z</time>
    </trkpt>
    <trkpt lat="31.950662" lon="34.97379">
      <ele>200.2</ele>
      <time>2010-01-01T00:37:20Z</time>
    </trkpt>
    <trkpt lat="31.950699" lon="34.973763">
      <ele>200.2</ele>
      <time>2010-01-01T00:37:21Z</time>
    </trkpt>
    <trkpt lat="31.950733" lon="34.973741">
      <ele>200.1</ele>
      <time>2010-01-01T00:37:23Z</time>
    </trkpt>
    <trkpt lat="31.950775" lon="34.973746">
      <ele>199.8</ele>
      <time>2010-01-01T00:37:25Z</time>
    </trkpt>
    <trkpt lat="31.950817" lon="34.973754">
      <ele>199.6</ele>
      <time>2010-01-01T00:37:26Z</time>
    </trkpt>
    <trkpt lat="31.950863" lon="34.973775">
      <ele>199.1</ele>
      <time>2010-01-01T00:37:28Z</time>
    </trkpt>
    <trkpt lat="31.950924" lon="34.973772">
      <ele>198.8</ele>
      <time>2010-01-01T00:37:31Z</time>
    </trkpt>
    <trkpt lat="31.950973" lon="34.97376">
      <ele>198.6</ele>
      <time>2010-01-01T00:37:33Z</time>
    </trkpt>
    <trkpt lat="31.951017" lon="34.973747">
      <ele>198.4</ele>
      <time>2010-01-01T00:37:35Z</time>
    </trkpt>
    <trkpt lat="31.951058" lon="34.973736">
      <ele>198.1</ele>
      <time>2010-01-01T00:37:36Z</time>
    </trkpt>
    <trkpt lat="31.951105" lon="34.973755">
      <ele>197.8</ele>
      <time>2010-01-01T00:37:38Z</time>
    </trkpt>
    <trkpt lat="31.951147" lon="34.97377">
      <ele>197.4</ele>
      <time>2010-01-01T00:37:40Z</time>
    </trkpt>
    <trkpt lat="31.951185" lon="34.973787">
      <ele>197.0</ele>
      <time>2010-01-01T00:37:42Z</time>
    </trkpt>
    <trkpt lat="31.951215" lon="34.973818">
      <ele>196.6</ele>
      <time>2010-01-01T00:37:43Z</time>
    </trkpt>
    <trkpt lat="31.951239" lon="34.973857">
      <ele>196.0</ele>
      <time>2010-01-01T00:37:45Z</time>
    </trkpt>
    <trkpt lat="31.951264" lon="34.973904">
      <ele>195.4</ele>
      <time>2010-01-01T00:37:47Z</time>
    </trkpt>
    <trkpt lat="31.951288" lon="34.973935">
      <ele>194.9</ele>
      <time>2010-01-01T00:37:48Z</time>
    </trkpt>
    <trkpt lat="31.951319" lon="34.973941">
      <ele>194.6</ele>
      <time>2010-01-01T00:37:49Z</time>
    </trkpt>
    <trkpt lat="31.951356" lon="34.973949">
      <ele>194.2</ele>
      <time>2010-01-01T00:37:51Z</time>
    </trkpt>
    <trkpt lat="31.951385" lon="34.973961">
      <ele>193.8</ele>
      <time>2010-01-01T00:37:52Z</time>
    </trkpt>
    <trkpt lat="31.951414" lon="34.973979">
      <ele>193.4</ele>
      <time>2010-01-01T00:37:53Z</time>
    </trkpt>
    <trkpt lat="31.951446" lon="34.973983">
      <ele>193.1</ele>
      <time>2010-01-01T00:37:55Z</time>
    </trkpt>
    <trkpt lat="31.951483" lon="34.973982">
      <ele>192.8</ele>
      <time>2010-01-01T00:37:56Z</time>
    </trkpt>
    <trkpt lat="31.951511" lon="34.973979">
      <ele>192.6</ele>
      <time>2010-01-01T00:37:57Z</time>
    </trkpt>
    <trkpt lat="31.951532" lon="34.973931">
      <ele>192.8</ele>
      <time>2010-01-01T00:37:59Z</time>
    </trkpt>
    <trkpt lat="31.951553" lon="34.973895">
      <ele>193.0</ele>
      <time>2010-01-01T00:38:01Z</time>
    </trkpt>
    <trkpt lat="31.951586" lon="34.973862">
      <ele>192.9</ele>
      <time>2010-01-01T00:38:02Z</time>
    </trkpt>
    <trkpt lat="31.951613" lon="34.97383">
      <ele>192.9</ele>
      <time>2010-01-01T00:38:04Z</time>
    </trkpt>
    <trkpt lat="31.951637" lon="34.973801">
      <ele>192.9</ele>
      <time>2010-01-01T00:38:05Z</time>
    </trkpt>
    <trkpt lat="31.951659" lon="34.973771">
      <ele>192.9</ele>
      <time>2010-01-01T00:38:07Z</time>
    </trkpt>
    <trkpt lat="31.95168" lon="34.973741">
      <ele>192.9</ele>
      <time>2010-01-01T00:38:08Z</time>
    </trkpt>
    <trkpt lat="31.951711" lon="34.973712">
      <ele>192.5</ele>
      <time>2010-01-01T00:38:10Z</time>
    </trkpt>
    <trkpt lat="31.951727" lon="34.973677">
      <ele>192.2</ele>
      <time>2010-01-01T00:38:11Z</time>
    </trkpt>
    <trkpt lat="31.951741" lon="34.973637">
      <ele>192.0</ele>
      <time>2010-01-01T00:38:12Z</time>
    </trkpt>
    <trkpt lat="31.951755" lon="34.973604">
      <ele>191.8</ele>
      <time>2010-01-01T00:38:14Z</time>
    </trkpt>
    <trkpt lat="31.951769" lon="34.973566">
      <ele>191.5</ele>
      <time>2010-01-01T00:38:15Z</time>
    </trkpt>
    <trkpt lat="31.95178" lon="34.973526">
      <ele>191.3</ele>
      <time>2010-01-01T00:38:16Z</time>
    </trkpt>
    <trkpt lat="31.951793" lon="34.973486">
      <ele>191.1</ele>
      <time>2010-01-01T00:38:18Z</time>
    </trkpt>
    <trkpt lat="31.95181" lon="34.973438">
      <ele>190.7</ele>
      <time>2010-01-01T00:38:20Z</time>
    </trkpt>
    <trkpt lat="31.951826" lon="34.973396">
      <ele>190.5</ele>
      <time>2010-01-01T00:38:21Z</time>
    </trkpt>
    <trkpt lat="31.951834" lon="34.973346">
      <ele>190.2</ele>
      <time>2010-01-01T00:38:23Z</time>
    </trkpt>
    <trkpt lat="31.951837" lon="34.973294">
      <ele>190.0</ele>
      <time>2010-01-01T00:38:25Z</time>
    </trkpt>
    <trkpt lat="31.95184" lon="34.973238">
      <ele>189.9</ele>
      <time>2010-01-01T00:38:27Z</time>
    </trkpt>
    <trkpt lat="31.951851" lon="34.973182">
      <ele>189.6</ele>
      <time>2010-01-01T00:38:29Z</time>
    </trkpt>
    <trkpt lat="31.95185" lon="34.973125">
      <ele>189.4</ele>
      <time>2010-01-01T00:38:31Z</time>
    </trkpt>
    <trkpt lat="31.951852" lon="34.973073">
      <ele>189.2</ele>
      <time>2010-01-01T00:38:32Z</time>
    </trkpt>
    <trkpt lat="31.951848" lon="34.973026">
      <ele>189.1</ele>
      <time>2010-01-01T00:38:34Z</time>
    </trkpt>
    <trkpt lat="31.951823" lon="34.972957">
      <ele>189.2</ele>
      <time>2010-01-01T00:38:36Z</time>
    </trkpt>
    <trkpt lat="31.951811" lon="34.972904">
      <ele>189.2</ele>
      <time>2010-01-01T00:38:38Z</time>
    </trkpt>
    <trkpt lat="31.951804" lon="34.972863">
      <ele>189.1</ele>
      <time>2010-01-01T00:38:40Z</time>
    </trkpt>
    <trkpt lat="31.951791" lon="34.972824">
      <ele>189.1</ele>
      <time>2010-01-01T00:38:41Z</time>
    </trkpt>
    <trkpt lat="31.95177" lon="34.972779">
      <ele>189.2</ele>
      <time>2010-01-01T00:38:43Z</time>
    </trkpt>
    <trkpt lat="31.951753" lon="34.972754">
      <ele>189.3</ele>
      <time>2010-01-01T00:38:44Z</time>
    </trkpt>
    <trkpt lat="31.951729" lon="34.972704">
      <ele>189.4</ele>
      <time>2010-01-01T00:38:46Z</time>
    </trkpt>
    <trkpt lat="31.951712" lon="34.972668">
      <ele>189.4</ele>
      <time>2010-01-01T00:38:47Z</time>
    </trkpt>
    <trkpt lat="31.951702" lon="34.97263">
      <ele>189.4</ele>
      <time>2010-01-01T00:38:49Z</time>
    </trkpt>
    <trkpt lat="31.95169" lon="34.972584">
      <ele>189.3</ele>
      <time>2010-01-01T00:38:50Z</time>
    </trkpt>
    <trkpt lat="31.951701" lon="34.972539">
      <ele>189.0</ele>
      <time>2010-01-01T00:38:52Z</time>
    </trkpt>
    <trkpt lat="31.951715" lon="34.972499">
      <ele>188.7</ele>
      <time>2010-01-01T00:38:53Z</time>
    </trkpt>
    <trkpt lat="31.951708" lon="34.972465">
      <ele>188.6</ele>
      <time>2010-01-01T00:38:55Z</time>
    </trkpt>
    <trkpt lat="31.951708" lon="34.972427">
      <ele>188.5</ele>
      <time>2010-01-01T00:38:56Z</time>
    </trkpt>
    <trkpt lat="31.951689" lon="34.972373">
      <ele>188.5</ele>
      <time>2010-01-01T00:38:58Z</time>
    </trkpt>
    <trkpt lat="31.951675" lon="34.972327">
      <ele>188.4</ele>
      <time>2010-01-01T00:38:59Z</time>
    </trkpt>
    <trkpt lat="31.951657" lon="34.972281">
      <ele>188.4</ele>
      <time>2010-01-01T00:39:01Z</time>
    </trkpt>
    <trkpt lat="31.951643" lon="34.97224">
      <ele>188.4</ele>
      <time>2010-01-01T00:39:03Z</time>
    </trkpt>
    <trkpt lat="31.951635" lon="34.972188">
      <ele>188.3</ele>
      <time>2010-01-01T00:39:05Z</time>
    </trkpt>
    <trkpt lat="31.951633" lon="34.97213">
      <ele>188.1</ele>
      <time>2010-01-01T00:39:06Z</time>
    </trkpt>
    <trkpt lat="31.951634" lon="34.972074">
      <ele>187.8</ele>
      <time>2010-01-01T00:39:08Z</time>
    </trkpt>
    <trkpt lat="31.951634" lon="34.972015">
      <ele>187.6</ele>
      <time>2010-01-01T00:39:10Z</time>
    </trkpt>
    <trkpt lat="31.951639" lon="34.971952">
      <ele>187.3</ele>
      <time>2010-01-01T00:39:13Z</time>
    </trkpt>
    <trkpt lat="31.951655" lon="34.971901">
      <ele>187.0</ele>
      <time>2010-01-01T00:39:14Z</time>
    </trkpt>
    <trkpt lat="31.951664" lon="34.971851">
      <ele>186.7</ele>
      <time>2010-01-01T00:39:16Z</time>
    </trkpt>
    <trkpt lat="31.95168" lon="34.971803">
      <ele>186.3</ele>
      <time>2010-01-01T00:39:18Z</time>
    </trkpt>
    <trkpt lat="31.951689" lon="34.971745">
      <ele>186.0</ele>
      <time>2010-01-01T00:39:20Z</time>
    </trkpt>
    <trkpt lat="31.951701" lon="34.971708">
      <ele>185.8</ele>
      <time>2010-01-01T00:39:21Z</time>
    </trkpt>
    <trkpt lat="31.951709" lon="34.971674">
      <ele>185.6</ele>
      <time>2010-01-01T00:39:22Z</time>
    </trkpt>
    <trkpt lat="31.951752" lon="34.971636">
      <ele>185.0</ele>
      <time>2010-01-01T00:39:25Z</time>
    </trkpt>
    <trkpt lat="31.95179" lon="34.97163">
      <ele>184.5</ele>
      <time>2010-01-01T00:39:26Z</time>
    </trkpt>
    <trkpt lat="31.951842" lon="34.971636">
      <ele>184.0</ele>
      <time>2010-01-01T00:39:28Z</time>
    </trkpt>
    <trkpt lat="31.951889" lon="34.971653">
      <ele>183.5</ele>
      <time>2010-01-01T00:39:30Z</time>
    </trkpt>
    <trkpt lat="31.951935" lon="34.971666">
      <ele>183.1</ele>
      <time>2010-01-01T00:39:32Z</time>
    </trkpt>
    <trkpt lat="31.951968" lon="34.971704">
      <ele>182.9</ele>
      <time>2010-01-01T00:39:34Z</time>
    </trkpt>
    <trkpt lat="31.952003" lon="34.971718">
      <ele>182.6</ele>
      <time>2010-01-01T00:39:35Z</time>
    </trkpt>
    <trkpt lat="31.952032" lon="34.971716">
      <ele>182.2</ele>
      <time>2010-01-01T00:39:37Z</time>
    </trkpt>
    <trkpt lat="31.952063" lon="34.971701">
      <ele>181.8</ele>
      <time>2010-01-01T00:39:38Z</time>
    </trkpt>
    <trkpt lat="31.952102" lon="34.971678">
      <ele>181.3</ele>
      <time>2010-01-01T00:39:40Z</time>
    </trkpt>
    <trkpt lat="31.95214" lon="34.971666">
      <ele>180.7</ele>
      <time>2010-01-01T00:39:41Z</time>
    </trkpt>
    <trkpt lat="31.952169" lon="34.97168">
      <ele>180.4</ele>
      <time>2010-01-01T00:39:42Z</time>
    </trkpt>
    <trkpt lat="31.952206" lon="34.971712">
      <ele>179.9</ele>
      <time>2010-01-01T00:39:44Z</time>
    </trkpt>
    <trkpt lat="31.952229" lon="34.971757">
      <ele>179.8</ele>
      <time>2010-01-01T00:39:46Z</time>
    </trkpt>
    <trkpt lat="31.952253" lon="34.971774">
      <ele>179.5</ele>
      <time>2010-01-01T00:39:47Z</time>
    </trkpt>
    <trkpt lat="31.952284" lon="34.971776">
      <ele>179.0</ele>
      <time>2010-01-01T00:39:48Z</time>
    </trkpt>
    <trkpt lat="31.952317" lon="34.97177">
      <ele>178.5</ele>
      <time>2010-01-01T00:39:50Z</time>
    </trkpt>
    <trkpt lat="31.952348" lon="34.971759">
      <ele>178.1</ele>
      <time>2010-01-01T00:39:51Z</time>
    </trkpt>
    <trkpt lat="31.952382" lon="34.971755">
      <ele>177.6</ele>
      <time>2010-01-01T00:39:52Z</time>
    </trkpt>
    <trkpt lat="31.952419" lon="34.971752">
      <ele>177.1</ele>
      <time>2010-01-01T00:39:54Z</time>
    </trkpt>
    <trkpt lat="31.952464" lon="34.971753">
      <ele>176.4</ele>
      <time>2010-01-01T00:39:56Z</time>
    </trkpt>
    <trkpt lat="31.95251" lon="34.971767">
      <ele>175.8</ele>
      <time>2010-01-01T00:39:58Z</time>
    </trkpt>
    <trkpt lat="31.952563" lon="34.971784">
      <ele>175.1</ele>
      <time>2010-01-01T00:40:00Z</time>
    </trkpt>
    <trkpt lat="31.952619" lon="34.971815">
      <ele>174.3</ele>
      <time>2010-01-01T00:40:02Z</time>
    </trkpt>
    <trkpt lat="31.952676" lon="34.971849">
      <ele>173.5</ele>
      <time>2010-01-01T00:40:05Z</time>
    </trkpt>
    <trkpt lat="31.95273" lon="34.971889">
      <ele>172.8</ele>
      <time>2010-01-01T00:40:07Z</time>
    </trkpt>
    <trkpt lat="31.952792" lon="34.971928">
      <ele>171.9</ele>
      <time>2010-01-01T00:40:10Z</time>
    </trkpt>
    <trkpt lat="31.952829" lon="34.971993">
      <ele>171.3</ele>
      <time>2010-01-01T00:40:13Z</time>
    </trkpt>
    <trkpt lat="31.952865" lon="34.972055">
      <ele>170.8</ele>
      <time>2010-01-01T00:40:15Z</time>
    </trkpt>
    <trkpt lat="31.952889" lon="34.972116">
      <ele>170.7</ele>
      <time>2010-01-01T00:40:18Z</time>
    </trkpt>
    <trkpt lat="31.952907" lon="34.972169">
      <ele>170.8</ele>
      <time>2010-01-01T00:40:20Z</time>
    </trkpt>
    <trkpt lat="31.952927" lon="34.972214">
      <ele>170.8</ele>
      <time>2010-01-01T00:40:21Z</time>
    </trkpt>
    <trkpt lat="31.95295" lon="34.972239">
      <ele>170.8</ele>
      <time>2010-01-01T00:40:23Z</time>
    </trkpt>
    <trkpt lat="31.95297" lon="34.972262">
      <ele>170.7</ele>
      <time>2010-01-01T00:40:24Z</time>
    </trkpt>
    <trkpt lat="31.953007" lon="34.972301">
      <ele>170.6</ele>
      <time>2010-01-01T00:40:26Z</time>
    </trkpt>
    <trkpt lat="31.953038" lon="34.972332">
      <ele>170.6</ele>
      <time>2010-01-01T00:40:27Z</time>
    </trkpt>
    <trkpt lat="31.953037" lon="34.972365">
      <ele>170.8</ele>
      <time>2010-01-01T00:40:28Z</time>
    </trkpt>
    <trkpt lat="31.953067" lon="34.972382">
      <ele>170.7</ele>
      <time>2010-01-01T00:40:30Z</time>
    </trkpt>
    <trkpt lat="31.953036" lon="34.972361">
      <ele>170.8</ele>
      <time>2010-01-01T00:40:31Z</time>
    </trkpt>
    <trkpt lat="31.952991" lon="34.972324">
      <ele>171.0</ele>
      <time>2010-01-01T00:40:33Z</time>
    </trkpt>
    <trkpt lat="31.952948" lon="34.972277">
      <ele>171.1</ele>
      <time>2010-01-01T00:40:36Z</time>
    </trkpt>
    <trkpt lat="31.952929" lon="34.972248">
      <ele>171.1</ele>
      <time>2010-01-01T00:40:37Z</time>
    </trkpt>
    <trkpt lat="31.952906" lon="34.972186">
      <ele>170.9</ele>
      <time>2010-01-01T00:40:39Z</time>
    </trkpt>
    <trkpt lat="31.952892" lon="34.972153">
      <ele>170.9</ele>
      <time>2010-01-01T00:40:41Z</time>
    </trkpt>
    <trkpt lat="31.952868" lon="34.97209">
      <ele>170.8</ele>
      <time>2010-01-01T00:40:43Z</time>
    </trkpt>
    <trkpt lat="31.952851" lon="34.97204">
      <ele>171.0</ele>
      <time>2010-01-01T00:40:45Z</time>
    </trkpt>
    <trkpt lat="31.952832" lon="34.971991">
      <ele>171.3</ele>
      <time>2010-01-01T00:40:47Z</time>
    </trkpt>
    <trkpt lat="31.952811" lon="34.971953">
      <ele>171.6</ele>
      <time>2010-01-01T00:40:48Z</time>
    </trkpt>
    <trkpt lat="31.952781" lon="34.971916">
      <ele>172.0</ele>
      <time>2010-01-01T00:40:50Z</time>
    </trkpt>
    <trkpt lat="31.952758" lon="34.971882">
      <ele>172.3</ele>
      <time>2010-01-01T00:40:51Z</time>
    </trkpt>
    <trkpt lat="31.952722" lon="34.971859">
      <ele>172.8</ele>
      <time>2010-01-01T00:40:53Z</time>
    </trkpt>
    <trkpt lat="31.952696" lon="34.971822">
      <ele>173.2</ele>
      <time>2010-01-01T00:40:55Z</time>
    </trkpt>
    <trkpt lat="31.952662" lon="34.971804">
      <ele>173.7</ele>
      <time>2010-01-01T00:40:56Z</time>
    </trkpt>
    <trkpt lat="31.952632" lon="34.971787">
      <ele>174.1</ele>
      <time>2010-01-01T00:40:57Z</time>
    </trkpt>
    <trkpt lat="31.952601" lon="34.971767">
      <ele>174.5</ele>
      <time>2010-01-01T00:40:59Z</time>
    </trkpt>
    <trkpt lat="31.952568" lon="34.971746">
      <ele>174.9</ele>
      <time>2010-01-01T00:41:00Z</time>
    </trkpt>
    <trkpt lat="31.952545" lon="34.971726">
      <ele>175.2</ele>
      <time>2010-01-01T00:41:02Z</time>
    </trkpt>
    <trkpt lat="31.952505" lon="34.971708">
      <ele>175.8</ele>
      <time>2010-01-01T00:41:03Z</time>
    </trkpt>
    <trkpt lat="31.95248" lon="34.971682">
      <ele>176.1</ele>
      <time>2010-01-01T00:41:05Z</time>
    </trkpt>
    <trkpt lat="31.952483" lon="34.971625">
      <ele>175.9</ele>
      <time>2010-01-01T00:41:07Z</time>
    </trkpt>
    <trkpt lat="31.952515" lon="34.971597">
      <ele>175.4</ele>
      <time>2010-01-01T00:41:08Z</time>
    </trkpt>
    <trkpt lat="31.952553" lon="34.971565">
      <ele>174.9</ele>
      <time>2010-01-01T00:41:10Z</time>
    </trkpt>
    <trkpt lat="31.952593" lon="34.971541">
      <ele>174.3</ele>
      <time>2010-01-01T00:41:12Z</time>
    </trkpt>
    <trkpt lat="31.952641" lon="34.97153">
      <ele>173.6</ele>
      <time>2010-01-01T00:41:14Z</time>
    </trkpt>
    <trkpt lat="31.952702" lon="34.971526">
      <ele>172.8</ele>
      <time>2010-01-01T00:41:16Z</time>
    </trkpt>
    <trkpt lat="31.952765" lon="34.971529">
      <ele>172.0</ele>
      <time>2010-01-01T00:41:19Z</time>
    </trkpt>
    <trkpt lat="31.952813" lon="34.971515">
      <ele>171.4</ele>
      <time>2010-01-01T00:41:21Z</time>
    </trkpt>
    <trkpt lat="31.952871" lon="34.971512">
      <ele>170.6</ele>
      <time>2010-01-01T00:41:23Z</time>
    </trkpt>
    <trkpt lat="31.952919" lon="34.971513">
      <ele>170.0</ele>
      <time>2010-01-01T00:41:25Z</time>
    </trkpt>
    <trkpt lat="31.952958" lon="34.971513">
      <ele>169.6</ele>
      <time>2010-01-01T00:41:26Z</time>
    </trkpt>
    <trkpt lat="31.952991" lon="34.971501">
      <ele>169.2</ele>
      <time>2010-01-01T00:41:28Z</time>
    </trkpt>
    <trkpt lat="31.953027" lon="34.971501">
      <ele>168.8</ele>
      <time>2010-01-01T00:41:29Z</time>
    </trkpt>
    <trkpt lat="31.953058" lon="34.971493">
      <ele>168.5</ele>
      <time>2010-01-01T00:41:31Z</time>
    </trkpt>
    <trkpt lat="31.953101" lon="34.971501">
      <ele>168.0</ele>
      <time>2010-01-01T00:41:32Z</time>
    </trkpt>
    <trkpt lat="31.953142" lon="34.971521">
      <ele>167.6</ele>
      <time>2010-01-01T00:41:34Z</time>
    </trkpt>
    <trkpt lat="31.953188" lon="34.971549">
      <ele>167.1</ele>
      <time>2010-01-01T00:41:36Z</time>
    </trkpt>
    <trkpt lat="31.953234" lon="34.971563">
      <ele>166.6</ele>
      <time>2010-01-01T00:41:38Z</time>
    </trkpt>
    <trkpt lat="31.953282" lon="34.971567">
      <ele>166.1</ele>
      <time>2010-01-01T00:41:40Z</time>
    </trkpt>
    <trkpt lat="31.953334" lon="34.971571">
      <ele>165.5</ele>
      <time>2010-01-01T00:41:42Z</time>
    </trkpt>
    <trkpt lat="31.953406" lon="34.971571">
      <ele>164.7</ele>
      <time>2010-01-01T00:41:45Z</time>
    </trkpt>
    <trkpt lat="31.953474" lon="34.97158">
      <ele>164.0</ele>
      <time>2010-01-01T00:41:48Z</time>
    </trkpt>
    <trkpt lat="31.953539" lon="34.971581">
      <ele>163.3</ele>
      <time>2010-01-01T00:41:50Z</time>
    </trkpt>
    <trkpt lat="31.953599" lon="34.971576">
      <ele>162.6</ele>
      <time>2010-01-01T00:41:53Z</time>
    </trkpt>
    <trkpt lat="31.953731" lon="34.971559">
      <ele>161.2</ele>
      <time>2010-01-01T00:41:58Z</time>
    </trkpt>
    <trkpt lat="31.953783" lon="34.971547">
      <ele>160.6</ele>
      <time>2010-01-01T00:42:00Z</time>
    </trkpt>
    <trkpt lat="31.953837" lon="34.971524">
      <ele>160.1</ele>
      <time>2010-01-01T00:42:02Z</time>
    </trkpt>
    <trkpt lat="31.953906" lon="34.971508">
      <ele>159.3</ele>
      <time>2010-01-01T00:42:05Z</time>
    </trkpt>
    <trkpt lat="31.953971" lon="34.971494">
      <ele>158.5</ele>
      <time>2010-01-01T00:42:08Z</time>
    </trkpt>
    <trkpt lat="31.95404" lon="34.971488">
      <ele>157.8</ele>
      <time>2010-01-01T00:42:11Z</time>
    </trkpt>
    <trkpt lat="31.954108" lon="34.971471">
      <ele>157.0</ele>
      <time>2010-01-01T00:42:13Z</time>
    </trkpt>
    <trkpt lat="31.954177" lon="34.971451">
      <ele>156.1</ele>
      <time>2010-01-01T00:42:16Z</time>
    </trkpt>
    <trkpt lat="31.954248" lon="34.971427">
      <ele>155.2</ele>
      <time>2010-01-01T00:42:19Z</time>
    </trkpt>
    <trkpt lat="31.954322" lon="34.971413">
      <ele>154.3</ele>
      <time>2010-01-01T00:42:22Z</time>
    </trkpt>
    <trkpt lat="31.954401" lon="34.971396">
      <ele>153.2</ele>
      <time>2010-01-01T00:42:25Z</time>
    </trkpt>
    <trkpt lat="31.954491" lon="34.971376">
      <ele>152.0</ele>
      <time>2010-01-01T00:42:29Z</time>
    </trkpt>
    <trkpt lat="31.954573" lon="34.971363">
      <ele>150.9</ele>
      <time>2010-01-01T00:42:32Z</time>
    </trkpt>
    <trkpt lat="31.954652" lon="34.971355">
      <ele>150.1</ele>
      <time>2010-01-01T00:42:36Z</time>
    </trkpt>
    <trkpt lat="31.954737" lon="34.971345">
      <ele>149.1</ele>
      <time>2010-01-01T00:42:39Z</time>
    </trkpt>
    <trkpt lat="31.954824" lon="34.971337">
      <ele>148.1</ele>
      <time>2010-01-01T00:42:43Z</time>
    </trkpt>
    <trkpt lat="31.954904" lon="34.971328">
      <ele>147.2</ele>
      <time>2010-01-01T00:42:46Z</time>
    </trkpt>
    <trkpt lat="31.95499" lon="34.971333">
      <ele>146.4</ele>
      <time>2010-01-01T00:42:49Z</time>
    </trkpt>
    <trkpt lat="31.955065" lon="34.971333">
      <ele>145.6</ele>
      <time>2010-01-01T00:42:52Z</time>
    </trkpt>
    <trkpt lat="31.95515" lon="34.971331">
      <ele>144.7</ele>
      <time>2010-01-01T00:42:56Z</time>
    </trkpt>
    <trkpt lat="31.955222" lon="34.971328">
      <ele>144.0</ele>
      <time>2010-01-01T00:42:58Z</time>
    </trkpt>
    <trkpt lat="31.955284" lon="34.971338">
      <ele>143.4</ele>
      <time>2010-01-01T00:43:01Z</time>
    </trkpt>
    <trkpt lat="31.955338" lon="34.971354">
      <ele>143.1</ele>
      <time>2010-01-01T00:43:03Z</time>
    </trkpt>
    <trkpt lat="31.955381" lon="34.971371">
      <ele>142.8</ele>
      <time>2010-01-01T00:43:05Z</time>
    </trkpt>
    <trkpt lat="31.955426" lon="34.971395">
      <ele>142.7</ele>
      <time>2010-01-01T00:43:07Z</time>
    </trkpt>
    <trkpt lat="31.955465" lon="34.971422">
      <ele>142.7</ele>
      <time>2010-01-01T00:43:09Z</time>
    </trkpt>
    <trkpt lat="31.955485" lon="34.971475">
      <ele>143.1</ele>
      <time>2010-01-01T00:43:11Z</time>
    </trkpt>
    <trkpt lat="31.955515" lon="34.971527">
      <ele>143.5</ele>
      <time>2010-01-01T00:43:13Z</time>
    </trkpt>
    <trkpt lat="31.955543" lon="34.971576">
      <ele>143.8</ele>
      <time>2010-01-01T00:43:15Z</time>
    </trkpt>
    <trkpt lat="31.955563" lon="34.971634">
      <ele>144.2</ele>
      <time>2010-01-01T00:43:17Z</time>
    </trkpt>
    <trkpt lat="31.955582" lon="34.971687">
      <ele>144.6</ele>
      <time>2010-01-01T00:43:19Z</time>
    </trkpt>
    <trkpt lat="31.955574" lon="34.971742">
      <ele>145.3</ele>
      <time>2010-01-01T00:43:21Z</time>
    </trkpt>
    <trkpt lat="31.955578" lon="34.971799">
      <ele>145.9</ele>
      <time>2010-01-01T00:43:23Z</time>
    </trkpt>
    <trkpt lat="31.955565" lon="34.971849">
      <ele>146.6</ele>
      <time>2010-01-01T00:43:25Z</time>
    </trkpt>
    <trkpt lat="31.955556" lon="34.971899">
      <ele>147.3</ele>
      <time>2010-01-01T00:43:26Z</time>
    </trkpt>
    <trkpt lat="31.955539" lon="34.971943">
      <ele>147.9</ele>
      <time>2010-01-01T00:43:28Z</time>
    </trkpt>
    <trkpt lat="31.955528" lon="34.971997">
      <ele>148.7</ele>
      <time>2010-01-01T00:43:30Z</time>
    </trkpt>
    <trkpt lat="31.955516" lon="34.972047">
      <ele>149.4</ele>
      <time>2010-01-01T00:43:32Z</time>
    </trkpt>
    <trkpt lat="31.955505" lon="34.972099">
      <ele>150.0</ele>
      <time>2010-01-01T00:43:33Z</time>
    </trkpt>
    <trkpt lat="31.955497" lon="34.972142">
      <ele>150.2</ele>
      <time>2010-01-01T00:43:35Z</time>
    </trkpt>
    <trkpt lat="31.955486" lon="34.972191">
      <ele>150.5</ele>
      <time>2010-01-01T00:43:37Z</time>
    </trkpt>
    <trkpt lat="31.955477" lon="34.972254">
      <ele>150.9</ele>
      <time>2010-01-01T00:43:39Z</time>
    </trkpt>
    <trkpt lat="31.955468" lon="34.972312">
      <ele>151.2</ele>
      <time>2010-01-01T00:43:41Z</time>
    </trkpt>
    <trkpt lat="31.955455" lon="34.972362">
      <ele>151.7</ele>
      <time>2010-01-01T00:43:43Z</time>
    </trkpt>
    <trkpt lat="31.955435" lon="34.972418">
      <ele>152.3</ele>
      <time>2010-01-01T00:43:45Z</time>
    </trkpt>
    <trkpt lat="31.955425" lon="34.972475">
      <ele>152.7</ele>
      <time>2010-01-01T00:43:47Z</time>
    </trkpt>
    <trkpt lat="31.955412" lon="34.972533">
      <ele>153.2</ele>
      <time>2010-01-01T00:43:49Z</time>
    </trkpt>
    <trkpt lat="31.9554" lon="34.972581">
      <ele>153.5</ele>
      <time>2010-01-01T00:43:50Z</time>
    </trkpt>
    <trkpt lat="31.95538" lon="34.972635">
      <ele>154.0</ele>
      <time>2010-01-01T00:43:52Z</time>
    </trkpt>
    <trkpt lat="31.955358" lon="34.972682">
      <ele>154.5</ele>
      <time>2010-01-01T00:43:54Z</time>
    </trkpt>
    <trkpt lat="31.95534" lon="34.972735">
      <ele>154.9</ele>
      <time>2010-01-01T00:43:56Z</time>
    </trkpt>
    <trkpt lat="31.955315" lon="34.972792">
      <ele>155.5</ele>
      <time>2010-01-01T00:43:58Z</time>
    </trkpt>
    <trkpt lat="31.955296" lon="34.972848">
      <ele>156.1</ele>
      <time>2010-01-01T00:44:00Z</time>
    </trkpt>
    <trkpt lat="31.955276" lon="34.972897">
      <ele>156.6</ele>
      <time>2010-01-01T00:44:02Z</time>
    </trkpt>
    <trkpt lat="31.95527" lon="34.97295">
      <ele>156.7</ele>
      <time>2010-01-01T00:44:04Z</time>
    </trkpt>
    <trkpt lat="31.955256" lon="34.972996">
      <ele>156.9</ele>
      <time>2010-01-01T00:44:06Z</time>
    </trkpt>
    <trkpt lat="31.955249" lon="34.973037">
      <ele>156.9</ele>
      <time>2010-01-01T00:44:07Z</time>
    </trkpt>
    <trkpt lat="31.955255" lon="34.973079">
      <ele>156.8</ele>
      <time>2010-01-01T00:44:09Z</time>
    </trkpt>
    <trkpt lat="31.955257" lon="34.97313">
      <ele>156.8</ele>
      <time>2010-01-01T00:44:10Z</time>
    </trkpt>
    <trkpt lat="31.955252" lon="34.973181">
      <ele>156.8</ele>
      <time>2010-01-01T00:44:12Z</time>
    </trkpt>
    <trkpt lat="31.955247" lon="34.973231">
      <ele>156.8</ele>
      <time>2010-01-01T00:44:14Z</time>
    </trkpt>
    <trkpt lat="31.955247" lon="34.973282">
      <ele>156.8</ele>
      <time>2010-01-01T00:44:16Z</time>
    </trkpt>
    <trkpt lat="31.955239" lon="34.973341">
      <ele>156.8</ele>
      <time>2010-01-01T00:44:18Z</time>
    </trkpt>
    <trkpt lat="31.955232" lon="34.973384">
      <ele>156.9</ele>
      <time>2010-01-01T00:44:19Z</time>
    </trkpt>
    <trkpt lat="31.955219" lon="34.97343">
      <ele>157.0</ele>
      <time>2010-01-01T00:44:21Z</time>
    </trkpt>
    <trkpt lat="31.955204" lon="34.97348">
      <ele>157.2</ele>
      <time>2010-01-01T00:44:22Z</time>
    </trkpt>
    <trkpt lat="31.955181" lon="34.973532">
      <ele>157.5</ele>
      <time>2010-01-01T00:44:24Z</time>
    </trkpt>
    <trkpt lat="31.955161" lon="34.973577">
      <ele>157.8</ele>
      <time>2010-01-01T00:44:26Z</time>
    </trkpt>
    <trkpt lat="31.955146" lon="34.973627">
      <ele>157.9</ele>
      <time>2010-01-01T00:44:28Z</time>
    </trkpt>
    <trkpt lat="31.955138" lon="34.973681">
      <ele>158.0</ele>
      <time>2010-01-01T00:44:30Z</time>
    </trkpt>
    <trkpt lat="31.955104" lon="34.97375">
      <ele>158.5</ele>
      <time>2010-01-01T00:44:33Z</time>
    </trkpt>
    <trkpt lat="31.955095" lon="34.973807">
      <ele>158.1</ele>
      <time>2010-01-01T00:44:35Z</time>
    </trkpt>
    <trkpt lat="31.955074" lon="34.973851">
      <ele>157.9</ele>
      <time>2010-01-01T00:44:36Z</time>
    </trkpt>
    <trkpt lat="31.955053" lon="34.973914">
      <ele>157.6</ele>
      <time>2010-01-01T00:44:39Z</time>
    </trkpt>
    <trkpt lat="31.955034" lon="34.973969">
      <ele>157.3</ele>
      <time>2010-01-01T00:44:41Z</time>
    </trkpt>
    <trkpt lat="31.955018" lon="34.974023">
      <ele>157.0</ele>
      <time>2010-01-01T00:44:43Z</time>
    </trkpt>
    <trkpt lat="31.954986" lon="34.97407">
      <ele>156.9</ele>
      <time>2010-01-01T00:44:45Z</time>
    </trkpt>
    <trkpt lat="31.954965" lon="34.97412">
      <ele>156.7</ele>
      <time>2010-01-01T00:44:46Z</time>
    </trkpt>
    <trkpt lat="31.954935" lon="34.974177">
      <ele>156.5</ele>
      <time>2010-01-01T00:44:49Z</time>
    </trkpt>
    <trkpt lat="31.954904" lon="34.974229">
      <ele>156.4</ele>
      <time>2010-01-01T00:44:51Z</time>
    </trkpt>
    <trkpt lat="31.954873" lon="34.974277">
      <ele>156.4</ele>
      <time>2010-01-01T00:44:53Z</time>
    </trkpt>
    <trkpt lat="31.954826" lon="34.974306">
      <ele>156.7</ele>
      <time>2010-01-01T00:44:55Z</time>
    </trkpt>
    <trkpt lat="31.954789" lon="34.974347">
      <ele>156.8</ele>
      <time>2010-01-01T00:44:57Z</time>
    </trkpt>
    <trkpt lat="31.954748" lon="34.974378">
      <ele>157.0</ele>
      <time>2010-01-01T00:44:59Z</time>
    </trkpt>
    <trkpt lat="31.95471" lon="34.974394">
      <ele>157.3</ele>
      <time>2010-01-01T00:45:01Z</time>
    </trkpt>
    <trkpt lat="31.95467" lon="34.974414">
      <ele>157.7</ele>
      <time>2010-01-01T00:45:02Z</time>
    </trkpt>
    <trkpt lat="31.954632" lon="34.97442">
      <ele>158.1</ele>
      <time>2010-01-01T00:45:04Z</time>
    </trkpt>
    <trkpt lat="31.954583" lon="34.974435">
      <ele>158.6</ele>
      <time>2010-01-01T00:45:06Z</time>
    </trkpt>
    <trkpt lat="31.954537" lon="34.974444">
      <ele>158.8</ele>
      <time>2010-01-01T00:45:08Z</time>
    </trkpt>
    <trkpt lat="31.954493" lon="34.974457">
      <ele>158.9</ele>
      <time>2010-01-01T00:45:10Z</time>
    </trkpt>
    <trkpt lat="31.95445" lon="34.974469">
      <ele>159.0</ele>
      <time>2010-01-01T00:45:11Z</time>
    </trkpt>
    <trkpt lat="31.954394" lon="34.97449">
      <ele>159.0</ele>
      <time>2010-01-01T00:45:14Z</time>
    </trkpt>
    <trkpt lat="31.95435" lon="34.974503">
      <ele>159.1</ele>
      <time>2010-01-01T00:45:16Z</time>
    </trkpt>
    <trkpt lat="31.954316" lon="34.974516">
      <ele>159.1</ele>
      <time>2010-01-01T00:45:17Z</time>
    </trkpt>
    <trkpt lat="31.954029" lon="34.974689">
      <ele>158.1</ele>
      <time>2010-01-01T00:45:30Z</time>
    </trkpt>
    <trkpt lat="31.953989" lon="34.974711">
      <ele>158.0</ele>
      <time>2010-01-01T00:45:32Z</time>
    </trkpt>
    <trkpt lat="31.953957" lon="34.974729">
      <ele>157.9</ele>
      <time>2010-01-01T00:45:33Z</time>
    </trkpt>
    <trkpt lat="31.953929" lon="34.974733">
      <ele>158.0</ele>
      <time>2010-01-01T00:45:34Z</time>
    </trkpt>
    <trkpt lat="31.953888" lon="34.974747">
      <ele>158.0</ele>
      <time>2010-01-01T00:45:36Z</time>
    </trkpt>
    <trkpt lat="31.95383" lon="34.97477">
      <ele>158.1</ele>
      <time>2010-01-01T00:45:38Z</time>
    </trkpt>
    <trkpt lat="31.953785" lon="34.974781">
      <ele>158.2</ele>
      <time>2010-01-01T00:45:40Z</time>
    </trkpt>
    <trkpt lat="31.953753" lon="34.974799">
      <ele>158.1</ele>
      <time>2010-01-01T00:45:42Z</time>
    </trkpt>
    <trkpt lat="31.953706" lon="34.974815">
      <ele>158.5</ele>
      <time>2010-01-01T00:45:44Z</time>
    </trkpt>
    <trkpt lat="31.953637" lon="34.974842">
      <ele>159.0</ele>
      <time>2010-01-01T00:45:47Z</time>
    </trkpt>
    <trkpt lat="31.95359" lon="34.974842">
      <ele>159.6</ele>
      <time>2010-01-01T00:45:48Z</time>
    </trkpt>
    <trkpt lat="31.953545" lon="34.974866">
      <ele>159.8</ele>
      <time>2010-01-01T00:45:50Z</time>
    </trkpt>
    <trkpt lat="31.953507" lon="34.974868">
      <ele>160.3</ele>
      <time>2010-01-01T00:45:52Z</time>
    </trkpt>
    <trkpt lat="31.953464" lon="34.974884">
      <ele>160.6</ele>
      <time>2010-01-01T00:45:54Z</time>
    </trkpt>
    <trkpt lat="31.953429" lon="34.974899">
      <ele>160.9</ele>
      <time>2010-01-01T00:45:55Z</time>
    </trkpt>
    <trkpt lat="31.953384" lon="34.974927">
      <ele>161.1</ele>
      <time>2010-01-01T00:45:57Z</time>
    </trkpt>
    <trkpt lat="31.953347" lon="34.974947">
      <ele>161.4</ele>
      <time>2010-01-01T00:45:59Z</time>
    </trkpt>
    <trkpt lat="31.953313" lon="34.974968">
      <ele>161.6</ele>
      <time>2010-01-01T00:46:00Z</time>
    </trkpt>
    <trkpt lat="31.953278" lon="34.974984">
      <ele>161.9</ele>
      <time>2010-01-01T00:46:02Z</time>
    </trkpt>
    <trkpt lat="31.953259" lon="34.97501">
      <ele>161.9</ele>
      <time>2010-01-01T00:46:03Z</time>
    </trkpt>
    <trkpt lat="31.953234" lon="34.975028">
      <ele>162.0</ele>
      <time>2010-01-01T00:46:04Z</time>
    </trkpt>
    <trkpt lat="31.953235" lon="34.975063">
      <ele>161.7</ele>
      <time>2010-01-01T00:46:05Z</time>
    </trkpt>
    <trkpt lat="31.953228" lon="34.975097">
      <ele>161.4</ele>
      <time>2010-01-01T00:46:07Z</time>
    </trkpt>
    <trkpt lat="31.95322" lon="34.975129">
      <ele>161.2</ele>
      <time>2010-01-01T00:46:08Z</time>
    </trkpt>
    <trkpt lat="31.953233" lon="34.975167">
      <ele>160.6</ele>
      <time>2010-01-01T00:46:09Z</time>
    </trkpt>
    <trkpt lat="31.953242" lon="34.975214">
      <ele>160.0</ele>
      <time>2010-01-01T00:46:11Z</time>
    </trkpt>
    <trkpt lat="31.953253" lon="34.975258">
      <ele>159.4</ele>
      <time>2010-01-01T00:46:12Z</time>
    </trkpt>
    <trkpt lat="31.953268" lon="34.975301">
      <ele>158.7</ele>
      <time>2010-01-01T00:46:14Z</time>
    </trkpt>
    <trkpt lat="31.953279" lon="34.975343">
      <ele>158.1</ele>
      <time>2010-01-01T00:46:15Z</time>
    </trkpt>
    <trkpt lat="31.953282" lon="34.975389">
      <ele>157.6</ele>
      <time>2010-01-01T00:46:17Z</time>
    </trkpt>
    <trkpt lat="31.95329" lon="34.975431">
      <ele>157.2</ele>
      <time>2010-01-01T00:46:18Z</time>
    </trkpt>
    <trkpt lat="31.953302" lon="34.975464">
      <ele>156.9</ele>
      <time>2010-01-01T00:46:20Z</time>
    </trkpt>
    <trkpt lat="31.953303" lon="34.975518">
      <ele>156.8</ele>
      <time>2010-01-01T00:46:22Z</time>
    </trkpt>
    <trkpt lat="31.953317" lon="34.975576">
      <ele>156.5</ele>
      <time>2010-01-01T00:46:24Z</time>
    </trkpt>
    <trkpt lat="31.953328" lon="34.975624">
      <ele>156.2</ele>
      <time>2010-01-01T00:46:25Z</time>
    </trkpt>
    <trkpt lat="31.953341" lon="34.97567">
      <ele>155.9</ele>
      <time>2010-01-01T00:46:27Z</time>
    </trkpt>
    <trkpt lat="31.953354" lon="34.975714">
      <ele>155.6</ele>
      <time>2010-01-01T00:46:28Z</time>
    </trkpt>
    <trkpt lat="31.95336" lon="34.97577">
      <ele>155.4</ele>
      <time>2010-01-01T00:46:30Z</time>
    </trkpt>
    <trkpt lat="31.953369" lon="34.975807">
      <ele>155.2</ele>
      <time>2010-01-01T00:46:32Z</time>
    </trkpt>
    <trkpt lat="31.953386" lon="34.975863">
      <ele>154.8</ele>
      <time>2010-01-01T00:46:34Z</time>
    </trkpt>
    <trkpt lat="31.953408" lon="34.975917">
      <ele>154.3</ele>
      <time>2010-01-01T00:46:36Z</time>
    </trkpt>
    <trkpt lat="31.953431" lon="34.975969">
      <ele>153.7</ele>
      <time>2010-01-01T00:46:38Z</time>
    </trkpt>
    <trkpt lat="31.953446" lon="34.976026">
      <ele>153.3</ele>
      <time>2010-01-01T00:46:40Z</time>
    </trkpt>
    <trkpt lat="31.953457" lon="34.9761">
      <ele>153.0</ele>
      <time>2010-01-01T00:46:42Z</time>
    </trkpt>
    <trkpt lat="31.953449" lon="34.976167">
      <ele>153.0</ele>
      <time>2010-01-01T00:46:45Z</time>
    </trkpt>
    <trkpt lat="31.953453" lon="34.976232">
      <ele>152.7</ele>
      <time>2010-01-01T00:46:47Z</time>
    </trkpt>
    <trkpt lat="31.953471" lon="34.976291">
      <ele>152.2</ele>
      <time>2010-01-01T00:46:49Z</time>
    </trkpt>
    <trkpt lat="31.953468" lon="34.976343">
      <ele>152.0</ele>
      <time>2010-01-01T00:46:51Z</time>
    </trkpt>
    <trkpt lat="31.953462" lon="34.976394">
      <ele>151.9</ele>
      <time>2010-01-01T00:46:52Z</time>
    </trkpt>
    <trkpt lat="31.953443" lon="34.976442">
      <ele>152.0</ele>
      <time>2010-01-01T00:46:54Z</time>
    </trkpt>
    <trkpt lat="31.953425" lon="34.9765">
      <ele>152.1</ele>
      <time>2010-01-01T00:46:56Z</time>
    </trkpt>
    <trkpt lat="31.953401" lon="34.976552">
      <ele>152.3</ele>
      <time>2010-01-01T00:46:58Z</time>
    </trkpt>
    <trkpt lat="31.953372" lon="34.976598">
      <ele>152.6</ele>
      <time>2010-01-01T00:47:00Z</time>
    </trkpt>
    <trkpt lat="31.953341" lon="34.976642">
      <ele>153.0</ele>
      <time>2010-01-01T00:47:02Z</time>
    </trkpt>
    <trkpt lat="31.953302" lon="34.976671">
      <ele>153.5</ele>
      <time>2010-01-01T00:47:04Z</time>
    </trkpt>
    <trkpt lat="31.953257" lon="34.976711">
      <ele>154.2</ele>
      <time>2010-01-01T00:47:06Z</time>
    </trkpt>
    <trkpt lat="31.953223" lon="34.976753">
      <ele>154.5</ele>
      <time>2010-01-01T00:47:08Z</time>
    </trkpt>
    <trkpt lat="31.953189" lon="34.976801">
      <ele>154.9</ele>
      <time>2010-01-01T00:47:10Z</time>
    </trkpt>
    <trkpt lat="31.953156" lon="34.976837">
      <ele>155.3</ele>
      <time>2010-01-01T00:47:12Z</time>
    </trkpt>
    <trkpt lat="31.953123" lon="34.976872">
      <ele>155.7</ele>
      <time>2010-01-01T00:47:14Z</time>
    </trkpt>
    <trkpt lat="31.953094" lon="34.976893">
      <ele>156.1</ele>
      <time>2010-01-01T00:47:15Z</time>
    </trkpt>
    <trkpt lat="31.953067" lon="34.97691">
      <ele>156.4</ele>
      <time>2010-01-01T00:47:17Z</time>
    </trkpt>
    <trkpt lat="31.953038" lon="34.97694">
      <ele>156.8</ele>
      <time>2010-01-01T00:47:18Z</time>
    </trkpt>
    <trkpt lat="31.953014" lon="34.976966">
      <ele>157.0</ele>
      <time>2010-01-01T00:47:19Z</time>
    </trkpt>
    <trkpt lat="31.952984" lon="34.976997">
      <ele>157.4</ele>
      <time>2010-01-01T00:47:21Z</time>
    </trkpt>
    <trkpt lat="31.952949" lon="34.977031">
      <ele>157.8</ele>
      <time>2010-01-01T00:47:23Z</time>
    </trkpt>
    <trkpt lat="31.952922" lon="34.977063">
      <ele>158.0</ele>
      <time>2010-01-01T00:47:24Z</time>
    </trkpt>
    <trkpt lat="31.952886" lon="34.977093">
      <ele>157.9</ele>
      <time>2010-01-01T00:47:26Z</time>
    </trkpt>
    <trkpt lat="31.952845" lon="34.977119">
      <ele>157.6</ele>
      <time>2010-01-01T00:47:28Z</time>
    </trkpt>
    <trkpt lat="31.952814" lon="34.977142">
      <ele>157.3</ele>
      <time>2010-01-01T00:47:30Z</time>
    </trkpt>
    <trkpt lat="31.95278" lon="34.977165">
      <ele>157.0</ele>
      <time>2010-01-01T00:47:31Z</time>
    </trkpt>
    <trkpt lat="31.952744" lon="34.977183">
      <ele>156.8</ele>
      <time>2010-01-01T00:47:33Z</time>
    </trkpt>
    <trkpt lat="31.952706" lon="34.977206">
      <ele>156.6</ele>
      <time>2010-01-01T00:47:34Z</time>
    </trkpt>
    <trkpt lat="31.95267" lon="34.977251">
      <ele>156.1</ele>
      <time>2010-01-01T00:47:36Z</time>
    </trkpt>
    <trkpt lat="31.952639" lon="34.977301">
      <ele>155.6</ele>
      <time>2010-01-01T00:47:39Z</time>
    </trkpt>
    <trkpt lat="31.952603" lon="34.977341">
      <ele>155.3</ele>
      <time>2010-01-01T00:47:41Z</time>
    </trkpt>
    <trkpt lat="31.952563" lon="34.977381">
      <ele>155.0</ele>
      <time>2010-01-01T00:47:43Z</time>
    </trkpt>
    <trkpt lat="31.952518" lon="34.977416">
      <ele>154.8</ele>
      <time>2010-01-01T00:47:45Z</time>
    </trkpt>
    <trkpt lat="31.95247" lon="34.977451">
      <ele>154.6</ele>
      <time>2010-01-01T00:47:47Z</time>
    </trkpt>
    <trkpt lat="31.95241" lon="34.977478">
      <ele>154.5</ele>
      <time>2010-01-01T00:47:50Z</time>
    </trkpt>
    <trkpt lat="31.952345" lon="34.97749">
      <ele>154.6</ele>
      <time>2010-01-01T00:47:52Z</time>
    </trkpt>
    <trkpt lat="31.952286" lon="34.977498">
      <ele>154.8</ele>
      <time>2010-01-01T00:47:55Z</time>
    </trkpt>
    <trkpt lat="31.952244" lon="34.977486">
      <ele>155.0</ele>
      <time>2010-01-01T00:47:56Z</time>
    </trkpt>
    <trkpt lat="31.952211" lon="34.977472">
      <ele>155.2</ele>
      <time>2010-01-01T00:47:58Z</time>
    </trkpt>
    <trkpt lat="31.952184" lon="34.97746">
      <ele>155.4</ele>
      <time>2010-01-01T00:47:59Z</time>
    </trkpt>
    <trkpt lat="31.952158" lon="34.977442">
      <ele>155.6</ele>
      <time>2010-01-01T00:48:00Z</time>
    </trkpt>
    <trkpt lat="31.952133" lon="34.977426">
      <ele>155.8</ele>
      <time>2010-01-01T00:48:01Z</time>
    </trkpt>
    <trkpt lat="31.952106" lon="34.977416">
      <ele>155.9</ele>
      <time>2010-01-01T00:48:02Z</time>
    </trkpt>
    <trkpt lat="31.952077" lon="34.977406">
      <ele>156.1</ele>
      <time>2010-01-01T00:48:04Z</time>
    </trkpt>
    <trkpt lat="31.952049" lon="34.977399">
      <ele>156.4</ele>
      <time>2010-01-01T00:48:05Z</time>
    </trkpt>
    <trkpt lat="31.952004" lon="34.977404">
      <ele>156.7</ele>
      <time>2010-01-01T00:48:07Z</time>
    </trkpt>
    <trkpt lat="31.95196" lon="34.977411">
      <ele>157.1</ele>
      <time>2010-01-01T00:48:08Z</time>
    </trkpt>
    <trkpt lat="31.951932" lon="34.977435">
      <ele>157.2</ele>
      <time>2010-01-01T00:48:10Z</time>
    </trkpt>
    <trkpt lat="31.951921" lon="34.977475">
      <ele>157.1</ele>
      <time>2010-01-01T00:48:11Z</time>
    </trkpt>
    <trkpt lat="31.951923" lon="34.97753">
      <ele>156.8</ele>
      <time>2010-01-01T00:48:13Z</time>
    </trkpt>
    <trkpt lat="31.951938" lon="34.977567">
      <ele>156.5</ele>
      <time>2010-01-01T00:48:14Z</time>
    </trkpt>
    <trkpt lat="31.951949" lon="34.9776">
      <ele>156.2</ele>
      <time>2010-01-01T00:48:16Z</time>
    </trkpt>
    <trkpt lat="31.951957" lon="34.977648">
      <ele>155.9</ele>
      <time>2010-01-01T00:48:17Z</time>
    </trkpt>
    <trkpt lat="31.95196" lon="34.977695">
      <ele>155.6</ele>
      <time>2010-01-01T00:48:19Z</time>
    </trkpt>
    <trkpt lat="31.951961" lon="34.977741">
      <ele>155.4</ele>
      <time>2010-01-01T00:48:20Z</time>
    </trkpt>
    <trkpt lat="31.95196" lon="34.977786">
      <ele>155.1</ele>
      <time>2010-01-01T00:48:22Z</time>
    </trkpt>
    <trkpt lat="31.951956" lon="34.977829">
      <ele>155.0</ele>
      <time>2010-01-01T00:48:23Z</time>
    </trkpt>
    <trkpt lat="31.951954" lon="34.977873">
      <ele>154.8</ele>
      <time>2010-01-01T00:48:25Z</time>
    </trkpt>
    <trkpt lat="31.951948" lon="34.977913">
      <ele>154.6</ele>
      <time>2010-01-01T00:48:26Z</time>
    </trkpt>
    <trkpt lat="31.951948" lon="34.97795">
      <ele>154.9</ele>
      <time>2010-01-01T00:48:28Z</time>
    </trkpt>
    <trkpt lat="31.951947" lon="34.977989">
      <ele>155.1</ele>
      <time>2010-01-01T00:48:29Z</time>
    </trkpt>
    <trkpt lat="31.951935" lon="34.978022">
      <ele>155.5</ele>
      <time>2010-01-01T00:48:30Z</time>
    </trkpt>
    <trkpt lat="31.951928" lon="34.978052">
      <ele>155.8</ele>
      <time>2010-01-01T00:48:31Z</time>
    </trkpt>
    <trkpt lat="31.951929" lon="34.978093">
      <ele>156.1</ele>
      <time>2010-01-01T00:48:33Z</time>
    </trkpt>
    <trkpt lat="31.951948" lon="34.978129">
      <ele>156.1</ele>
      <time>2010-01-01T00:48:34Z</time>
    </trkpt>
    <trkpt lat="31.951965" lon="34.978154">
      <ele>156.0</ele>
      <time>2010-01-01T00:48:35Z</time>
    </trkpt>
    <trkpt lat="31.95199" lon="34.978168">
      <ele>155.8</ele>
      <time>2010-01-01T00:48:36Z</time>
    </trkpt>
    <trkpt lat="31.952015" lon="34.978193">
      <ele>155.6</ele>
      <time>2010-01-01T00:48:38Z</time>
    </trkpt>
    <trkpt lat="31.952043" lon="34.978195">
      <ele>155.2</ele>
      <time>2010-01-01T00:48:39Z</time>
    </trkpt>
    <trkpt lat="31.952017" lon="34.978187">
      <ele>155.5</ele>
      <time>2010-01-01T00:48:40Z</time>
    </trkpt>
    <trkpt lat="31.951988" lon="34.978158">
      <ele>155.8</ele>
      <time>2010-01-01T00:48:41Z</time>
    </trkpt>
    <trkpt lat="31.951967" lon="34.978131">
      <ele>155.9</ele>
      <time>2010-01-01T00:48:43Z</time>
    </trkpt>
    <trkpt lat="31.951948" lon="34.978095">
      <ele>155.9</ele>
      <time>2010-01-01T00:48:44Z</time>
    </trkpt>
    <trkpt lat="31.95196" lon="34.978061">
      <ele>155.5</ele>
      <time>2010-01-01T00:48:45Z</time>
    </trkpt>
    <trkpt lat="31.951978" lon="34.978024">
      <ele>155.0</ele>
      <time>2010-01-01T00:48:47Z</time>
    </trkpt>
    <trkpt lat="31.951989" lon="34.977966">
      <ele>154.5</ele>
      <time>2010-01-01T00:48:49Z</time>
    </trkpt>
    <trkpt lat="31.951984" lon="34.977907">
      <ele>154.2</ele>
      <time>2010-01-01T00:48:51Z</time>
    </trkpt>
    <trkpt lat="31.951993" lon="34.977862">
      <ele>154.4</ele>
      <time>2010-01-01T00:48:52Z</time>
    </trkpt>
    <trkpt lat="31.951998" lon="34.977824">
      <ele>154.5</ele>
      <time>2010-01-01T00:48:54Z</time>
    </trkpt>
    <trkpt lat="31.952001" lon="34.977782">
      <ele>154.7</ele>
      <time>2010-01-01T00:48:55Z</time>
    </trkpt>
    <trkpt lat="31.952002" lon="34.977746">
      <ele>154.9</ele>
      <time>2010-01-01T00:48:56Z</time>
    </trkpt>
    <trkpt lat="31.952005" lon="34.977714">
      <ele>155.0</ele>
      <time>2010-01-01T00:48:57Z</time>
    </trkpt>
    <trkpt lat="31.951996" lon="34.977683">
      <ele>155.3</ele>
      <time>2010-01-01T00:48:58Z</time>
    </trkpt>
    <trkpt lat="31.951996" lon="34.977649">
      <ele>155.5</ele>
      <time>2010-01-01T00:49:00Z</time>
    </trkpt>
    <trkpt lat="31.951995" lon="34.977613">
      <ele>155.7</ele>
      <time>2010-01-01T00:49:01Z</time>
    </trkpt>
    <trkpt lat="31.951981" lon="34.977577">
      <ele>156.0</ele>
      <time>2010-01-01T00:49:02Z</time>
    </trkpt>
    <trkpt lat="31.951976" lon="34.97754">
      <ele>156.3</ele>
      <time>2010-01-01T00:49:03Z</time>
    </trkpt>
    <trkpt lat="31.951967" lon="34.977479">
      <ele>156.7</ele>
      <time>2010-01-01T00:49:06Z</time>
    </trkpt>
    <trkpt lat="31.951953" lon="34.977442">
      <ele>157.0</ele>
      <time>2010-01-01T00:49:07Z</time>
    </trkpt>
    <trkpt lat="31.951969" lon="34.977408">
      <ele>157.0</ele>
      <time>2010-01-01T00:49:08Z</time>
    </trkpt>
    <trkpt lat="31.952005" lon="34.977362">
      <ele>157.0</ele>
      <time>2010-01-01T00:49:10Z</time>
    </trkpt>
    <trkpt lat="31.952037" lon="34.977348">
      <ele>156.8</ele>
      <time>2010-01-01T00:49:12Z</time>
    </trkpt>
    <trkpt lat="31.952079" lon="34.97735">
      <ele>156.4</ele>
      <time>2010-01-01T00:49:13Z</time>
    </trkpt>
    <trkpt lat="31.952124" lon="34.977373">
      <ele>156.2</ele>
      <time>2010-01-01T00:49:15Z</time>
    </trkpt>
    <trkpt lat="31.952168" lon="34.977396">
      <ele>155.9</ele>
      <time>2010-01-01T00:49:17Z</time>
    </trkpt>
    <trkpt lat="31.952212" lon="34.977415">
      <ele>155.6</ele>
      <time>2010-01-01T00:49:19Z</time>
    </trkpt>
    <trkpt lat="31.952248" lon="34.977441">
      <ele>155.3</ele>
      <time>2010-01-01T00:49:21Z</time>
    </trkpt>
    <trkpt lat="31.952291" lon="34.977466">
      <ele>155.0</ele>
      <time>2010-01-01T00:49:23Z</time>
    </trkpt>
    <trkpt lat="31.952336" lon="34.97749">
      <ele>154.7</ele>
      <time>2010-01-01T00:49:25Z</time>
    </trkpt>
    <trkpt lat="31.952372" lon="34.977524">
      <ele>154.3</ele>
      <time>2010-01-01T00:49:27Z</time>
    </trkpt>
    <trkpt lat="31.952401" lon="34.977562">
      <ele>153.8</ele>
      <time>2010-01-01T00:49:28Z</time>
    </trkpt>
    <trkpt lat="31.952434" lon="34.977594">
      <ele>153.4</ele>
      <time>2010-01-01T00:49:30Z</time>
    </trkpt>
    <trkpt lat="31.952468" lon="34.977619">
      <ele>153.0</ele>
      <time>2010-01-01T00:49:32Z</time>
    </trkpt>
    <trkpt lat="31.952506" lon="34.977645">
      <ele>152.6</ele>
      <time>2010-01-01T00:49:33Z</time>
    </trkpt>
    <trkpt lat="31.952544" lon="34.977665">
      <ele>152.2</ele>
      <time>2010-01-01T00:49:35Z</time>
    </trkpt>
    <trkpt lat="31.952575" lon="34.977693">
      <ele>151.8</ele>
      <time>2010-01-01T00:49:37Z</time>
    </trkpt>
    <trkpt lat="31.952603" lon="34.977716">
      <ele>151.4</ele>
      <time>2010-01-01T00:49:38Z</time>
    </trkpt>
    <trkpt lat="31.95262" lon="34.977743">
      <ele>151.0</ele>
      <time>2010-01-01T00:49:39Z</time>
    </trkpt>
    <trkpt lat="31.952648" lon="34.977759">
      <ele>150.6</ele>
      <time>2010-01-01T00:49:40Z</time>
    </trkpt>
    <trkpt lat="31.952692" lon="34.977804">
      <ele>149.9</ele>
      <time>2010-01-01T00:49:43Z</time>
    </trkpt>
    <trkpt lat="31.952722" lon="34.977827">
      <ele>149.4</ele>
      <time>2010-01-01T00:49:44Z</time>
    </trkpt>
    <trkpt lat="31.952752" lon="34.97784">
      <ele>149.1</ele>
      <time>2010-01-01T00:49:45Z</time>
    </trkpt>
    <trkpt lat="31.952785" lon="34.977861">
      <ele>148.6</ele>
      <time>2010-01-01T00:49:47Z</time>
    </trkpt>
    <trkpt lat="31.952831" lon="34.977864">
      <ele>148.3</ele>
      <time>2010-01-01T00:49:49Z</time>
    </trkpt>
    <trkpt lat="31.952871" lon="34.977868">
      <ele>148.0</ele>
      <time>2010-01-01T00:49:50Z</time>
    </trkpt>
    <trkpt lat="31.952913" lon="34.977871">
      <ele>147.6</ele>
      <time>2010-01-01T00:49:52Z</time>
    </trkpt>
    <trkpt lat="31.952956" lon="34.977873">
      <ele>147.3</ele>
      <time>2010-01-01T00:49:54Z</time>
    </trkpt>
    <trkpt lat="31.953002" lon="34.977862">
      <ele>147.1</ele>
      <time>2010-01-01T00:49:56Z</time>
    </trkpt>
    <trkpt lat="31.953044" lon="34.977847">
      <ele>146.9</ele>
      <time>2010-01-01T00:49:57Z</time>
    </trkpt>
    <trkpt lat="31.95309" lon="34.977827">
      <ele>146.8</ele>
      <time>2010-01-01T00:49:59Z</time>
    </trkpt>
    <trkpt lat="31.953135" lon="34.977799">
      <ele>146.7</ele>
      <time>2010-01-01T00:50:01Z</time>
    </trkpt>
    <trkpt lat="31.953179" lon="34.977777">
      <ele>146.5</ele>
      <time>2010-01-01T00:50:03Z</time>
    </trkpt>
    <trkpt lat="31.953216" lon="34.977752">
      <ele>146.5</ele>
      <time>2010-01-01T00:50:05Z</time>
    </trkpt>
    <trkpt lat="31.953251" lon="34.977706">
      <ele>146.6</ele>
      <time>2010-01-01T00:50:07Z</time>
    </trkpt>
    <trkpt lat="31.953305" lon="34.977658">
      <ele>146.5</ele>
      <time>2010-01-01T00:50:10Z</time>
    </trkpt>
    <trkpt lat="31.953347" lon="34.977633">
      <ele>146.2</ele>
      <time>2010-01-01T00:50:12Z</time>
    </trkpt>
    <trkpt lat="31.953387" lon="34.977604">
      <ele>146.0</ele>
      <time>2010-01-01T00:50:14Z</time>
    </trkpt>
    <trkpt lat="31.953425" lon="34.97756">
      <ele>146.0</ele>
      <time>2010-01-01T00:50:16Z</time>
    </trkpt>
    <trkpt lat="31.953476" lon="34.977554">
      <ele>145.4</ele>
      <time>2010-01-01T00:50:18Z</time>
    </trkpt>
    <trkpt lat="31.953504" lon="34.97754">
      <ele>145.2</ele>
      <time>2010-01-01T00:50:19Z</time>
    </trkpt>
    <trkpt lat="31.953557" lon="34.977543">
      <ele>144.6</ele>
      <time>2010-01-01T00:50:21Z</time>
    </trkpt>
    <trkpt lat="31.953606" lon="34.977523">
      <ele>144.1</ele>
      <time>2010-01-01T00:50:23Z</time>
    </trkpt>
    <trkpt lat="31.953653" lon="34.977492">
      <ele>143.7</ele>
      <time>2010-01-01T00:50:25Z</time>
    </trkpt>
    <trkpt lat="31.953693" lon="34.977475">
      <ele>143.3</ele>
      <time>2010-01-01T00:50:27Z</time>
    </trkpt>
    <trkpt lat="31.953747" lon="34.977457">
      <ele>142.7</ele>
      <time>2010-01-01T00:50:29Z</time>
    </trkpt>
    <trkpt lat="31.953791" lon="34.977437">
      <ele>142.5</ele>
      <time>2010-01-01T00:50:31Z</time>
    </trkpt>
    <trkpt lat="31.953829" lon="34.977411">
      <ele>142.3</ele>
      <time>2010-01-01T00:50:33Z</time>
    </trkpt>
    <trkpt lat="31.953875" lon="34.977392">
      <ele>142.0</ele>
      <time>2010-01-01T00:50:35Z</time>
    </trkpt>
    <trkpt lat="31.953909" lon="34.977375">
      <ele>141.7</ele>
      <time>2010-01-01T00:50:36Z</time>
    </trkpt>
    <trkpt lat="31.953955" lon="34.977353">
      <ele>141.4</ele>
      <time>2010-01-01T00:50:38Z</time>
    </trkpt>
    <trkpt lat="31.954003" lon="34.977331">
      <ele>140.9</ele>
      <time>2010-01-01T00:50:40Z</time>
    </trkpt>
    <trkpt lat="31.954057" lon="34.977278">
      <ele>140.3</ele>
      <time>2010-01-01T00:50:43Z</time>
    </trkpt>
    <trkpt lat="31.95411" lon="34.977218">
      <ele>139.4</ele>
      <time>2010-01-01T00:50:46Z</time>
    </trkpt>
    <trkpt lat="31.954147" lon="34.977203">
      <ele>138.9</ele>
      <time>2010-01-01T00:50:48Z</time>
    </trkpt>
    <trkpt lat="31.954194" lon="34.977169">
      <ele>138.2</ele>
      <time>2010-01-01T00:50:50Z</time>
    </trkpt>
    <trkpt lat="31.954232" lon="34.977162">
      <ele>137.6</ele>
      <time>2010-01-01T00:50:52Z</time>
    </trkpt>
    <trkpt lat="31.954272" lon="34.977137">
      <ele>136.9</ele>
      <time>2010-01-01T00:50:53Z</time>
    </trkpt>
    <trkpt lat="31.954315" lon="34.977115">
      <ele>136.2</ele>
      <time>2010-01-01T00:50:55Z</time>
    </trkpt>
    <trkpt lat="31.954354" lon="34.977099">
      <ele>135.5</ele>
      <time>2010-01-01T00:50:57Z</time>
    </trkpt>
    <trkpt lat="31.954388" lon="34.977083">
      <ele>134.8</ele>
      <time>2010-01-01T00:50:58Z</time>
    </trkpt>
    <trkpt lat="31.954421" lon="34.977075">
      <ele>134.3</ele>
      <time>2010-01-01T00:51:00Z</time>
    </trkpt>
    <trkpt lat="31.954481" lon="34.977046">
      <ele>133.4</ele>
      <time>2010-01-01T00:51:02Z</time>
    </trkpt>
    <trkpt lat="31.954514" lon="34.977028">
      <ele>132.9</ele>
      <time>2010-01-01T00:51:04Z</time>
    </trkpt>
    <trkpt lat="31.954547" lon="34.976999">
      <ele>132.3</ele>
      <time>2010-01-01T00:51:05Z</time>
    </trkpt>
    <trkpt lat="31.95458" lon="34.976987">
      <ele>131.8</ele>
      <time>2010-01-01T00:51:07Z</time>
    </trkpt>
    <trkpt lat="31.95461" lon="34.976986">
      <ele>131.7</ele>
      <time>2010-01-01T00:51:08Z</time>
    </trkpt>
    <trkpt lat="31.954649" lon="34.976999">
      <ele>131.7</ele>
      <time>2010-01-01T00:51:10Z</time>
    </trkpt>
    <trkpt lat="31.954678" lon="34.977013">
      <ele>131.7</ele>
      <time>2010-01-01T00:51:11Z</time>
    </trkpt>
    <trkpt lat="31.954707" lon="34.977031">
      <ele>131.7</ele>
      <time>2010-01-01T00:51:12Z</time>
    </trkpt>
    <trkpt lat="31.954765" lon="34.977065">
      <ele>131.7</ele>
      <time>2010-01-01T00:51:15Z</time>
    </trkpt>
    <trkpt lat="31.954788" lon="34.977092">
      <ele>131.9</ele>
      <time>2010-01-01T00:51:16Z</time>
    </trkpt>
    <trkpt lat="31.954811" lon="34.97713">
      <ele>132.4</ele>
      <time>2010-01-01T00:51:18Z</time>
    </trkpt>
    <trkpt lat="31.954835" lon="34.977158">
      <ele>132.7</ele>
      <time>2010-01-01T00:51:19Z</time>
    </trkpt>
    <trkpt lat="31.954852" lon="34.977186">
      <ele>133.1</ele>
      <time>2010-01-01T00:51:20Z</time>
    </trkpt>
    <trkpt lat="31.954857" lon="34.97722">
      <ele>133.5</ele>
      <time>2010-01-01T00:51:21Z</time>
    </trkpt>
    <trkpt lat="31.95487" lon="34.977257">
      <ele>134.0</ele>
      <time>2010-01-01T00:51:23Z</time>
    </trkpt>
    <trkpt lat="31.954882" lon="34.9773">
      <ele>134.6</ele>
      <time>2010-01-01T00:51:24Z</time>
    </trkpt>
    <trkpt lat="31.95487" lon="34.977344">
      <ele>135.2</ele>
      <time>2010-01-01T00:51:26Z</time>
    </trkpt>
    <trkpt lat="31.954864" lon="34.977384">
      <ele>135.7</ele>
      <time>2010-01-01T00:51:27Z</time>
    </trkpt>
    <trkpt lat="31.954852" lon="34.977421">
      <ele>136.3</ele>
      <time>2010-01-01T00:51:29Z</time>
    </trkpt>
    <trkpt lat="31.954839" lon="34.97745">
      <ele>136.7</ele>
      <time>2010-01-01T00:51:30Z</time>
    </trkpt>
    <trkpt lat="31.954823" lon="34.977479">
      <ele>137.2</ele>
      <time>2010-01-01T00:51:31Z</time>
    </trkpt>
    <trkpt lat="31.954792" lon="34.977527">
      <ele>138.0</ele>
      <time>2010-01-01T00:51:33Z</time>
    </trkpt>
    <trkpt lat="31.954769" lon="34.977553">
      <ele>138.5</ele>
      <time>2010-01-01T00:51:34Z</time>
    </trkpt>
    <trkpt lat="31.954742" lon="34.977574">
      <ele>138.9</ele>
      <time>2010-01-01T00:51:35Z</time>
    </trkpt>
    <trkpt lat="31.954723" lon="34.977615">
      <ele>139.6</ele>
      <time>2010-01-01T00:51:37Z</time>
    </trkpt>
    <trkpt lat="31.954699" lon="34.977653">
      <ele>140.3</ele>
      <time>2010-01-01T00:51:39Z</time>
    </trkpt>
    <trkpt lat="31.954674" lon="34.977697">
      <ele>141.1</ele>
      <time>2010-01-01T00:51:40Z</time>
    </trkpt>
    <trkpt lat="31.954659" lon="34.977729">
      <ele>141.6</ele>
      <time>2010-01-01T00:51:42Z</time>
    </trkpt>
    <trkpt lat="31.954644" lon="34.97777">
      <ele>142.3</ele>
      <time>2010-01-01T00:51:43Z</time>
    </trkpt>
    <trkpt lat="31.954621" lon="34.977819">
      <ele>143.2</ele>
      <time>2010-01-01T00:51:45Z</time>
    </trkpt>
    <trkpt lat="31.954615" lon="34.977862">
      <ele>143.9</ele>
      <time>2010-01-01T00:51:47Z</time>
    </trkpt>
    <trkpt lat="31.95461" lon="34.977902">
      <ele>144.6</ele>
      <time>2010-01-01T00:51:48Z</time>
    </trkpt>
    <trkpt lat="31.954606" lon="34.977952">
      <ele>145.3</ele>
      <time>2010-01-01T00:51:50Z</time>
    </trkpt>
    <trkpt lat="31.954601" lon="34.977983">
      <ele>145.8</ele>
      <time>2010-01-01T00:51:51Z</time>
    </trkpt>
    <trkpt lat="31.954592" lon="34.978016">
      <ele>146.3</ele>
      <time>2010-01-01T00:51:52Z</time>
    </trkpt>
    <trkpt lat="31.954586" lon="34.978052">
      <ele>146.9</ele>
      <time>2010-01-01T00:51:53Z</time>
    </trkpt>
    <trkpt lat="31.95458" lon="34.978094">
      <ele>147.5</ele>
      <time>2010-01-01T00:51:55Z</time>
    </trkpt>
    <trkpt lat="31.954579" lon="34.978145">
      <ele>148.3</ele>
      <time>2010-01-01T00:51:56Z</time>
    </trkpt>
    <trkpt lat="31.95458" lon="34.978191">
      <ele>148.9</ele>
      <time>2010-01-01T00:51:58Z</time>
    </trkpt>
    <trkpt lat="31.954579" lon="34.978243">
      <ele>149.7</ele>
      <time>2010-01-01T00:52:00Z</time>
    </trkpt>
    <trkpt lat="31.954585" lon="34.978282">
      <ele>150.2</ele>
      <time>2010-01-01T00:52:01Z</time>
    </trkpt>
    <trkpt lat="31.954586" lon="34.978318">
      <ele>150.7</ele>
      <time>2010-01-01T00:52:02Z</time>
    </trkpt>
    <trkpt lat="31.954587" lon="34.978355">
      <ele>151.2</ele>
      <time>2010-01-01T00:52:03Z</time>
    </trkpt>
    <trkpt lat="31.954591" lon="34.978386">
      <ele>151.6</ele>
      <time>2010-01-01T00:52:05Z</time>
    </trkpt>
    <trkpt lat="31.954585" lon="34.978425">
      <ele>152.3</ele>
      <time>2010-01-01T00:52:06Z</time>
    </trkpt>
    <trkpt lat="31.954583" lon="34.978469">
      <ele>153.0</ele>
      <time>2010-01-01T00:52:07Z</time>
    </trkpt>
    <trkpt lat="31.954585" lon="34.978529">
      <ele>153.8</ele>
      <time>2010-01-01T00:52:09Z</time>
    </trkpt>
    <trkpt lat="31.954576" lon="34.978575">
      <ele>154.5</ele>
      <time>2010-01-01T00:52:11Z</time>
    </trkpt>
    <trkpt lat="31.954562" lon="34.978621">
      <ele>155.2</ele>
      <time>2010-01-01T00:52:13Z</time>
    </trkpt>
    <trkpt lat="31.954545" lon="34.978657">
      <ele>155.7</ele>
      <time>2010-01-01T00:52:14Z</time>
    </trkpt>
    <trkpt lat="31.954524" lon="34.978705">
      <ele>156.5</ele>
      <time>2010-01-01T00:52:16Z</time>
    </trkpt>
    <trkpt lat="31.954509" lon="34.978756">
      <ele>157.2</ele>
      <time>2010-01-01T00:52:18Z</time>
    </trkpt>
    <trkpt lat="31.954489" lon="34.97879">
      <ele>157.2</ele>
      <time>2010-01-01T00:52:19Z</time>
    </trkpt>
    <trkpt lat="31.954471" lon="34.978826">
      <ele>157.3</ele>
      <time>2010-01-01T00:52:21Z</time>
    </trkpt>
    <trkpt lat="31.954458" lon="34.978864">
      <ele>157.4</ele>
      <time>2010-01-01T00:52:22Z</time>
    </trkpt>
    <trkpt lat="31.954449" lon="34.978897">
      <ele>157.4</ele>
      <time>2010-01-01T00:52:23Z</time>
    </trkpt>
    <trkpt lat="31.954417" lon="34.978942">
      <ele>157.7</ele>
      <time>2010-01-01T00:52:25Z</time>
    </trkpt>
    <trkpt lat="31.954381" lon="34.978997">
      <ele>158.0</ele>
      <time>2010-01-01T00:52:27Z</time>
    </trkpt>
    <trkpt lat="31.95437" lon="34.979036">
      <ele>158.2</ele>
      <time>2010-01-01T00:52:29Z</time>
    </trkpt>
    <trkpt lat="31.954371" lon="34.979071">
      <ele>158.3</ele>
      <time>2010-01-01T00:52:30Z</time>
    </trkpt>
    <trkpt lat="31.954347" lon="34.979139">
      <ele>158.8</ele>
      <time>2010-01-01T00:52:33Z</time>
    </trkpt>
    <trkpt lat="31.954333" lon="34.979167">
      <ele>159.0</ele>
      <time>2010-01-01T00:52:34Z</time>
    </trkpt>
    <trkpt lat="31.954312" lon="34.979202">
      <ele>159.4</ele>
      <time>2010-01-01T00:52:35Z</time>
    </trkpt>
    <trkpt lat="31.954293" lon="34.979228">
      <ele>159.7</ele>
      <time>2010-01-01T00:52:36Z</time>
    </trkpt>
    <trkpt lat="31.954291" lon="34.979261">
      <ele>159.9</ele>
      <time>2010-01-01T00:52:37Z</time>
    </trkpt>
    <trkpt lat="31.954277" lon="34.9793">
      <ele>160.3</ele>
      <time>2010-01-01T00:52:39Z</time>
    </trkpt>
    <trkpt lat="31.954256" lon="34.979356">
      <ele>160.9</ele>
      <time>2010-01-01T00:52:41Z</time>
    </trkpt>
    <trkpt lat="31.95424" lon="34.979386">
      <ele>161.3</ele>
      <time>2010-01-01T00:52:42Z</time>
    </trkpt>
    <trkpt lat="31.954219" lon="34.979419">
      <ele>161.9</ele>
      <time>2010-01-01T00:52:44Z</time>
    </trkpt>
    <trkpt lat="31.954197" lon="34.979453">
      <ele>162.5</ele>
      <time>2010-01-01T00:52:45Z</time>
    </trkpt>
    <trkpt lat="31.954174" lon="34.979479">
      <ele>163.1</ele>
      <time>2010-01-01T00:52:46Z</time>
    </trkpt>
    <trkpt lat="31.954145" lon="34.979497">
      <ele>163.8</ele>
      <time>2010-01-01T00:52:48Z</time>
    </trkpt>
    <trkpt lat="31.954118" lon="34.979519">
      <ele>164.5</ele>
      <time>2010-01-01T00:52:49Z</time>
    </trkpt>
    <trkpt lat="31.9541" lon="34.979543">
      <ele>165.1</ele>
      <time>2010-01-01T00:52:50Z</time>
    </trkpt>
    <trkpt lat="31.954086" lon="34.979574">
      <ele>165.7</ele>
      <time>2010-01-01T00:52:51Z</time>
    </trkpt>
    <trkpt lat="31.954068" lon="34.97961">
      <ele>165.7</ele>
      <time>2010-01-01T00:52:53Z</time>
    </trkpt>
    <trkpt lat="31.954049" lon="34.979651">
      <ele>165.5</ele>
      <time>2010-01-01T00:52:54Z</time>
    </trkpt>
    <trkpt lat="31.954022" lon="34.979694">
      <ele>165.5</ele>
      <time>2010-01-01T00:52:56Z</time>
    </trkpt>
    <trkpt lat="31.953996" lon="34.979745">
      <ele>165.4</ele>
      <time>2010-01-01T00:52:58Z</time>
    </trkpt>
    <trkpt lat="31.95397" lon="34.979797">
      <ele>165.3</ele>
      <time>2010-01-01T00:53:00Z</time>
    </trkpt>
    <trkpt lat="31.953948" lon="34.979844">
      <ele>165.2</ele>
      <time>2010-01-01T00:53:02Z</time>
    </trkpt>
    <trkpt lat="31.953914" lon="34.97989">
      <ele>165.4</ele>
      <time>2010-01-01T00:53:04Z</time>
    </trkpt>
    <trkpt lat="31.953883" lon="34.979934">
      <ele>165.7</ele>
      <time>2010-01-01T00:53:06Z</time>
    </trkpt>
    <trkpt lat="31.953858" lon="34.979973">
      <ele>165.9</ele>
      <time>2010-01-01T00:53:08Z</time>
    </trkpt>
    <trkpt lat="31.953825" lon="34.98001">
      <ele>166.3</ele>
      <time>2010-01-01T00:53:09Z</time>
    </trkpt>
    <trkpt lat="31.953795" lon="34.980053">
      <ele>166.7</ele>
      <time>2010-01-01T00:53:11Z</time>
    </trkpt>
    <trkpt lat="31.953766" lon="34.980096">
      <ele>167.0</ele>
      <time>2010-01-01T00:53:13Z</time>
    </trkpt>
    <trkpt lat="31.953737" lon="34.980131">
      <ele>167.2</ele>
      <time>2010-01-01T00:53:15Z</time>
    </trkpt>
    <trkpt lat="31.953709" lon="34.980165">
      <ele>167.1</ele>
      <time>2010-01-01T00:53:16Z</time>
    </trkpt>
    <trkpt lat="31.953679" lon="34.980195">
      <ele>167.2</ele>
      <time>2010-01-01T00:53:18Z</time>
    </trkpt>
    <trkpt lat="31.953649" lon="34.980244">
      <ele>167.1</ele>
      <time>2010-01-01T00:53:20Z</time>
    </trkpt>
    <trkpt lat="31.95362" lon="34.980282">
      <ele>167.2</ele>
      <time>2010-01-01T00:53:22Z</time>
    </trkpt>
    <trkpt lat="31.95359" lon="34.980325">
      <ele>167.3</ele>
      <time>2010-01-01T00:53:24Z</time>
    </trkpt>
    <trkpt lat="31.953553" lon="34.980364">
      <ele>167.6</ele>
      <time>2010-01-01T00:53:26Z</time>
    </trkpt>
    <trkpt lat="31.953521" lon="34.9804">
      <ele>167.9</ele>
      <time>2010-01-01T00:53:27Z</time>
    </trkpt>
    <trkpt lat="31.95349" lon="34.980431">
      <ele>168.1</ele>
      <time>2010-01-01T00:53:29Z</time>
    </trkpt>
    <trkpt lat="31.953455" lon="34.980466">
      <ele>167.9</ele>
      <time>2010-01-01T00:53:31Z</time>
    </trkpt>
    <trkpt lat="31.953417" lon="34.980491">
      <ele>168.1</ele>
      <time>2010-01-01T00:53:33Z</time>
    </trkpt>
    <trkpt lat="31.953372" lon="34.98053">
      <ele>168.1</ele>
      <time>2010-01-01T00:53:35Z</time>
    </trkpt>
    <trkpt lat="31.953341" lon="34.980561">
      <ele>168.0</ele>
      <time>2010-01-01T00:53:37Z</time>
    </trkpt>
    <trkpt lat="31.953305" lon="34.980594">
      <ele>168.0</ele>
      <time>2010-01-01T00:53:38Z</time>
    </trkpt>
    <trkpt lat="31.953278" lon="34.980622">
      <ele>168.0</ele>
      <time>2010-01-01T00:53:40Z</time>
    </trkpt>
    <trkpt lat="31.953255" lon="34.980657">
      <ele>167.7</ele>
      <time>2010-01-01T00:53:41Z</time>
    </trkpt>
    <trkpt lat="31.953226" lon="34.980685">
      <ele>167.8</ele>
      <time>2010-01-01T00:53:43Z</time>
    </trkpt>
    <trkpt lat="31.953195" lon="34.980713">
      <ele>167.9</ele>
      <time>2010-01-01T00:53:44Z</time>
    </trkpt>
    <trkpt lat="31.953164" lon="34.980746">
      <ele>167.9</ele>
      <time>2010-01-01T00:53:46Z</time>
    </trkpt>
    <trkpt lat="31.953134" lon="34.980787">
      <ele>167.8</ele>
      <time>2010-01-01T00:53:48Z</time>
    </trkpt>
    <trkpt lat="31.953108" lon="34.980829">
      <ele>167.6</ele>
      <time>2010-01-01T00:53:50Z</time>
    </trkpt>
    <trkpt lat="31.953089" lon="34.980872">
      <ele>167.2</ele>
      <time>2010-01-01T00:53:51Z</time>
    </trkpt>
    <trkpt lat="31.953064" lon="34.98091">
      <ele>167.1</ele>
      <time>2010-01-01T00:53:53Z</time>
    </trkpt>
    <trkpt lat="31.95303" lon="34.980949">
      <ele>167.2</ele>
      <time>2010-01-01T00:53:55Z</time>
    </trkpt>
    <trkpt lat="31.953006" lon="34.980995">
      <ele>167.0</ele>
      <time>2010-01-01T00:53:57Z</time>
    </trkpt>
    <trkpt lat="31.95298" lon="34.981023">
      <ele>167.1</ele>
      <time>2010-01-01T00:53:58Z</time>
    </trkpt>
    <trkpt lat="31.952954" lon="34.981073">
      <ele>166.9</ele>
      <time>2010-01-01T00:54:00Z</time>
    </trkpt>
    <trkpt lat="31.95292" lon="34.981123">
      <ele>166.9</ele>
      <time>2010-01-01T00:54:02Z</time>
    </trkpt>
    <trkpt lat="31.952888" lon="34.981163">
      <ele>166.8</ele>
      <time>2010-01-01T00:54:04Z</time>
    </trkpt>
    <trkpt lat="31.952855" lon="34.981208">
      <ele>166.6</ele>
      <time>2010-01-01T00:54:06Z</time>
    </trkpt>
    <trkpt lat="31.952816" lon="34.981234">
      <ele>166.8</ele>
      <time>2010-01-01T00:54:08Z</time>
    </trkpt>
    <trkpt lat="31.952768" lon="34.981248">
      <ele>167.3</ele>
      <time>2010-01-01T00:54:10Z</time>
    </trkpt>
    <trkpt lat="31.952729" lon="34.981267">
      <ele>167.5</ele>
      <time>2010-01-01T00:54:12Z</time>
    </trkpt>
    <trkpt lat="31.952687" lon="34.981295">
      <ele>167.6</ele>
      <time>2010-01-01T00:54:13Z</time>
    </trkpt>
    <trkpt lat="31.952657" lon="34.981318">
      <ele>167.5</ele>
      <time>2010-01-01T00:54:15Z</time>
    </trkpt>
    <trkpt lat="31.952616" lon="34.98134">
      <ele>167.6</ele>
      <time>2010-01-01T00:54:17Z</time>
    </trkpt>
    <trkpt lat="31.95258" lon="34.981373">
      <ele>167.4</ele>
      <time>2010-01-01T00:54:19Z</time>
    </trkpt>
    <trkpt lat="31.952543" lon="34.981404">
      <ele>167.3</ele>
      <time>2010-01-01T00:54:20Z</time>
    </trkpt>
    <trkpt lat="31.952509" lon="34.981434">
      <ele>167.1</ele>
      <time>2010-01-01T00:54:22Z</time>
    </trkpt>
    <trkpt lat="31.952467" lon="34.981468">
      <ele>166.9</ele>
      <time>2010-01-01T00:54:24Z</time>
    </trkpt>
    <trkpt lat="31.952427" lon="34.981492">
      <ele>166.9</ele>
      <time>2010-01-01T00:54:26Z</time>
    </trkpt>
    <trkpt lat="31.952386" lon="34.981538">
      <ele>166.4</ele>
      <time>2010-01-01T00:54:28Z</time>
    </trkpt>
    <trkpt lat="31.952349" lon="34.981582">
      <ele>165.9</ele>
      <time>2010-01-01T00:54:30Z</time>
    </trkpt>
    <trkpt lat="31.952308" lon="34.98162">
      <ele>165.5</ele>
      <time>2010-01-01T00:54:32Z</time>
    </trkpt>
    <trkpt lat="31.952263" lon="34.981652">
      <ele>165.4</ele>
      <time>2010-01-01T00:54:34Z</time>
    </trkpt>
    <trkpt lat="31.95222" lon="34.981687">
      <ele>165.1</ele>
      <time>2010-01-01T00:54:37Z</time>
    </trkpt>
    <trkpt lat="31.952183" lon="34.981718">
      <ele>164.9</ele>
      <time>2010-01-01T00:54:38Z</time>
    </trkpt>
    <trkpt lat="31.952143" lon="34.981736">
      <ele>164.9</ele>
      <time>2010-01-01T00:54:40Z</time>
    </trkpt>
    <trkpt lat="31.952088" lon="34.981764">
      <ele>165.0</ele>
      <time>2010-01-01T00:54:42Z</time>
    </trkpt>
    <trkpt lat="31.952045" lon="34.981781">
      <ele>165.1</ele>
      <time>2010-01-01T00:54:44Z</time>
    </trkpt>
    <trkpt lat="31.952003" lon="34.981807">
      <ele>165.0</ele>
      <time>2010-01-01T00:54:46Z</time>
    </trkpt>
    <trkpt lat="31.951969" lon="34.981845">
      <ele>164.5</ele>
      <time>2010-01-01T00:54:48Z</time>
    </trkpt>
    <trkpt lat="31.951928" lon="34.981875">
      <ele>164.3</ele>
      <time>2010-01-01T00:54:50Z</time>
    </trkpt>
    <trkpt lat="31.951883" lon="34.981905">
      <ele>164.3</ele>
      <time>2010-01-01T00:54:52Z</time>
    </trkpt>
    <trkpt lat="31.951838" lon="34.98193">
      <ele>164.3</ele>
      <time>2010-01-01T00:54:54Z</time>
    </trkpt>
    <trkpt lat="31.951796" lon="34.981961">
      <ele>164.2</ele>
      <time>2010-01-01T00:54:56Z</time>
    </trkpt>
    <trkpt lat="31.95176" lon="34.981988">
      <ele>164.1</ele>
      <time>2010-01-01T00:54:58Z</time>
    </trkpt>
    <trkpt lat="31.951733" lon="34.982017">
      <ele>163.9</ele>
      <time>2010-01-01T00:54:59Z</time>
    </trkpt>
    <trkpt lat="31.951698" lon="34.982049">
      <ele>163.7</ele>
      <time>2010-01-01T00:55:01Z</time>
    </trkpt>
    <trkpt lat="31.951664" lon="34.982086">
      <ele>163.5</ele>
      <time>2010-01-01T00:55:03Z</time>
    </trkpt>
    <trkpt lat="31.951629" lon="34.982123">
      <ele>163.4</ele>
      <time>2010-01-01T00:55:05Z</time>
    </trkpt>
    <trkpt lat="31.9516" lon="34.98217">
      <ele>163.1</ele>
      <time>2010-01-01T00:55:07Z</time>
    </trkpt>
    <trkpt lat="31.951579" lon="34.982202">
      <ele>162.8</ele>
      <time>2010-01-01T00:55:08Z</time>
    </trkpt>
    <trkpt lat="31.95156" lon="34.982228">
      <ele>162.7</ele>
      <time>2010-01-01T00:55:09Z</time>
    </trkpt>
    <trkpt lat="31.951558" lon="34.982273">
      <ele>161.9</ele>
      <time>2010-01-01T00:55:11Z</time>
    </trkpt>
    <trkpt lat="31.951576" lon="34.982313">
      <ele>161.0</ele>
      <time>2010-01-01T00:55:12Z</time>
    </trkpt>
    <trkpt lat="31.951618" lon="34.982329">
      <ele>160.2</ele>
      <time>2010-01-01T00:55:14Z</time>
    </trkpt>
    <trkpt lat="31.951646" lon="34.982328">
      <ele>159.8</ele>
      <time>2010-01-01T00:55:15Z</time>
    </trkpt>
    <trkpt lat="31.951678" lon="34.982326">
      <ele>159.4</ele>
      <time>2010-01-01T00:55:16Z</time>
    </trkpt>
    <trkpt lat="31.951714" lon="34.982329">
      <ele>158.9</ele>
      <time>2010-01-01T00:55:18Z</time>
    </trkpt>
    <trkpt lat="31.95175" lon="34.982337">
      <ele>158.3</ele>
      <time>2010-01-01T00:55:19Z</time>
    </trkpt>
    <trkpt lat="31.951793" lon="34.982328">
      <ele>157.9</ele>
      <time>2010-01-01T00:55:21Z</time>
    </trkpt>
    <trkpt lat="31.95183" lon="34.982334">
      <ele>157.3</ele>
      <time>2010-01-01T00:55:23Z</time>
    </trkpt>
    <trkpt lat="31.951857" lon="34.982353">
      <ele>156.7</ele>
      <time>2010-01-01T00:55:24Z</time>
    </trkpt>
    <trkpt lat="31.951866" lon="34.982384">
      <ele>156.1</ele>
      <time>2010-01-01T00:55:25Z</time>
    </trkpt>
    <trkpt lat="31.95187" lon="34.982429">
      <ele>155.4</ele>
      <time>2010-01-01T00:55:27Z</time>
    </trkpt>
    <trkpt lat="31.951866" lon="34.982469">
      <ele>154.9</ele>
      <time>2010-01-01T00:55:28Z</time>
    </trkpt>
    <trkpt lat="31.951834" lon="34.982492">
      <ele>155.0</ele>
      <time>2010-01-01T00:55:29Z</time>
    </trkpt>
    <trkpt lat="31.951798" lon="34.98252">
      <ele>155.0</ele>
      <time>2010-01-01T00:55:31Z</time>
    </trkpt>
    <trkpt lat="31.951768" lon="34.982544">
      <ele>154.9</ele>
      <time>2010-01-01T00:55:33Z</time>
    </trkpt>
    <trkpt lat="31.951735" lon="34.982571">
      <ele>154.9</ele>
      <time>2010-01-01T00:55:34Z</time>
    </trkpt>
    <trkpt lat="31.951697" lon="34.982593">
      <ele>154.9</ele>
      <time>2010-01-01T00:55:36Z</time>
    </trkpt>
    <trkpt lat="31.951662" lon="34.982622">
      <ele>154.8</ele>
      <time>2010-01-01T00:55:38Z</time>
    </trkpt>
    <trkpt lat="31.951636" lon="34.982675">
      <ele>154.2</ele>
      <time>2010-01-01T00:55:40Z</time>
    </trkpt>
    <trkpt lat="31.95162" lon="34.982725">
      <ele>153.5</ele>
      <time>2010-01-01T00:55:42Z</time>
    </trkpt>
    <trkpt lat="31.951619" lon="34.982782">
      <ele>152.6</ele>
      <time>2010-01-01T00:55:43Z</time>
    </trkpt>
    <trkpt lat="31.951621" lon="34.982836">
      <ele>151.7</ele>
      <time>2010-01-01T00:55:45Z</time>
    </trkpt>
    <trkpt lat="31.951648" lon="34.982895">
      <ele>150.5</ele>
      <time>2010-01-01T00:55:48Z</time>
    </trkpt>
    <trkpt lat="31.951668" lon="34.98295">
      <ele>149.6</ele>
      <time>2010-01-01T00:55:50Z</time>
    </trkpt>
    <trkpt lat="31.951706" lon="34.98301">
      <ele>148.6</ele>
      <time>2010-01-01T00:55:52Z</time>
    </trkpt>
    <trkpt lat="31.951753" lon="34.983028">
      <ele>148.1</ele>
      <time>2010-01-01T00:55:54Z</time>
    </trkpt>
    <trkpt lat="31.951807" lon="34.983049">
      <ele>147.6</ele>
      <time>2010-01-01T00:55:56Z</time>
    </trkpt>
    <trkpt lat="31.951845" lon="34.983065">
      <ele>147.2</ele>
      <time>2010-01-01T00:55:58Z</time>
    </trkpt>
    <trkpt lat="31.951893" lon="34.983082">
      <ele>146.7</ele>
      <time>2010-01-01T00:56:00Z</time>
    </trkpt>
    <trkpt lat="31.951942" lon="34.98309">
      <ele>146.3</ele>
      <time>2010-01-01T00:56:02Z</time>
    </trkpt>
    <trkpt lat="31.951998" lon="34.98309">
      <ele>146.0</ele>
      <time>2010-01-01T00:56:04Z</time>
    </trkpt>
    <trkpt lat="31.952054" lon="34.983081">
      <ele>145.8</ele>
      <time>2010-01-01T00:56:07Z</time>
    </trkpt>
    <trkpt lat="31.952109" lon="34.983079">
      <ele>145.4</ele>
      <time>2010-01-01T00:56:09Z</time>
    </trkpt>
    <trkpt lat="31.952157" lon="34.983063">
      <ele>145.0</ele>
      <time>2010-01-01T00:56:11Z</time>
    </trkpt>
    <trkpt lat="31.952209" lon="34.983044">
      <ele>144.7</ele>
      <time>2010-01-01T00:56:13Z</time>
    </trkpt>
    <trkpt lat="31.952261" lon="34.983022">
      <ele>144.4</ele>
      <time>2010-01-01T00:56:15Z</time>
    </trkpt>
    <trkpt lat="31.952316" lon="34.982996">
      <ele>144.1</ele>
      <time>2010-01-01T00:56:17Z</time>
    </trkpt>
    <trkpt lat="31.952379" lon="34.982982">
      <ele>143.6</ele>
      <time>2010-01-01T00:56:20Z</time>
    </trkpt>
    <trkpt lat="31.952434" lon="34.98295">
      <ele>143.3</ele>
      <time>2010-01-01T00:56:22Z</time>
    </trkpt>
    <trkpt lat="31.95248" lon="34.982916">
      <ele>143.2</ele>
      <time>2010-01-01T00:56:25Z</time>
    </trkpt>
    <trkpt lat="31.95253" lon="34.98288">
      <ele>143.1</ele>
      <time>2010-01-01T00:56:27Z</time>
    </trkpt>
    <trkpt lat="31.952582" lon="34.98285">
      <ele>142.9</ele>
      <time>2010-01-01T00:56:29Z</time>
    </trkpt>
    <trkpt lat="31.952623" lon="34.982817">
      <ele>142.9</ele>
      <time>2010-01-01T00:56:31Z</time>
    </trkpt>
    <trkpt lat="31.952667" lon="34.982801">
      <ele>142.6</ele>
      <time>2010-01-01T00:56:33Z</time>
    </trkpt>
    <trkpt lat="31.952714" lon="34.982785">
      <ele>142.3</ele>
      <time>2010-01-01T00:56:35Z</time>
    </trkpt>
    <trkpt lat="31.952754" lon="34.98277">
      <ele>142.0</ele>
      <time>2010-01-01T00:56:37Z</time>
    </trkpt>
    <trkpt lat="31.952799" lon="34.982765">
      <ele>141.6</ele>
      <time>2010-01-01T00:56:39Z</time>
    </trkpt>
    <trkpt lat="31.952837" lon="34.982771">
      <ele>141.2</ele>
      <time>2010-01-01T00:56:40Z</time>
    </trkpt>
    <trkpt lat="31.952864" lon="34.982786">
      <ele>140.8</ele>
      <time>2010-01-01T00:56:41Z</time>
    </trkpt>
    <trkpt lat="31.952892" lon="34.982815">
      <ele>140.2</ele>
      <time>2010-01-01T00:56:43Z</time>
    </trkpt>
    <trkpt lat="31.952908" lon="34.982862">
      <ele>139.6</ele>
      <time>2010-01-01T00:56:45Z</time>
    </trkpt>
    <trkpt lat="31.952923" lon="34.982911">
      <ele>138.9</ele>
      <time>2010-01-01T00:56:46Z</time>
    </trkpt>
    <trkpt lat="31.952925" lon="34.982956">
      <ele>138.5</ele>
      <time>2010-01-01T00:56:48Z</time>
    </trkpt>
    <trkpt lat="31.952925" lon="34.983001">
      <ele>138.0</ele>
      <time>2010-01-01T00:56:49Z</time>
    </trkpt>
    <trkpt lat="31.952915" lon="34.983059">
      <ele>137.6</ele>
      <time>2010-01-01T00:56:51Z</time>
    </trkpt>
    <trkpt lat="31.952907" lon="34.983105">
      <ele>137.3</ele>
      <time>2010-01-01T00:56:53Z</time>
    </trkpt>
    <trkpt lat="31.952905" lon="34.98317">
      <ele>136.7</ele>
      <time>2010-01-01T00:56:55Z</time>
    </trkpt>
    <trkpt lat="31.9529" lon="34.983229">
      <ele>136.2</ele>
      <time>2010-01-01T00:56:57Z</time>
    </trkpt>
    <trkpt lat="31.952891" lon="34.983289">
      <ele>135.7</ele>
      <time>2010-01-01T00:56:59Z</time>
    </trkpt>
    <trkpt lat="31.952881" lon="34.983358">
      <ele>135.1</ele>
      <time>2010-01-01T00:57:02Z</time>
    </trkpt>
    <trkpt lat="31.952882" lon="34.983428">
      <ele>134.4</ele>
      <time>2010-01-01T00:57:04Z</time>
    </trkpt>
    <trkpt lat="31.952886" lon="34.983504">
      <ele>133.7</ele>
      <time>2010-01-01T00:57:07Z</time>
    </trkpt>
    <trkpt lat="31.952891" lon="34.983582">
      <ele>132.9</ele>
      <time>2010-01-01T00:57:09Z</time>
    </trkpt>
    <trkpt lat="31.952892" lon="34.983647">
      <ele>132.3</ele>
      <time>2010-01-01T00:57:11Z</time>
    </trkpt>
    <trkpt lat="31.952897" lon="34.983696">
      <ele>131.7</ele>
      <time>2010-01-01T00:57:13Z</time>
    </trkpt>
    <trkpt lat="31.952896" lon="34.983743">
      <ele>131.3</ele>
      <time>2010-01-01T00:57:15Z</time>
    </trkpt>
    <trkpt lat="31.952896" lon="34.983786">
      <ele>130.7</ele>
      <time>2010-01-01T00:57:16Z</time>
    </trkpt>
    <trkpt lat="31.952875" lon="34.983823">
      <ele>130.4</ele>
      <time>2010-01-01T00:57:18Z</time>
    </trkpt>
    <trkpt lat="31.952859" lon="34.98387">
      <ele>129.9</ele>
      <time>2010-01-01T00:57:19Z</time>
    </trkpt>
    <trkpt lat="31.952828" lon="34.983921">
      <ele>129.4</ele>
      <time>2010-01-01T00:57:22Z</time>
    </trkpt>
    <trkpt lat="31.952796" lon="34.983987">
      <ele>128.8</ele>
      <time>2010-01-01T00:57:24Z</time>
    </trkpt>
    <trkpt lat="31.952764" lon="34.984045">
      <ele>128.2</ele>
      <time>2010-01-01T00:57:27Z</time>
    </trkpt>
    <trkpt lat="31.952715" lon="34.984107">
      <ele>127.7</ele>
      <time>2010-01-01T00:57:29Z</time>
    </trkpt>
    <trkpt lat="31.952681" lon="34.98417">
      <ele>127.1</ele>
      <time>2010-01-01T00:57:32Z</time>
    </trkpt>
    <trkpt lat="31.952619" lon="34.984251">
      <ele>126.4</ele>
      <time>2010-01-01T00:57:36Z</time>
    </trkpt>
    <trkpt lat="31.952569" lon="34.984303">
      <ele>126.0</ele>
      <time>2010-01-01T00:57:38Z</time>
    </trkpt>
    <trkpt lat="31.952527" lon="34.984355">
      <ele>125.5</ele>
      <time>2010-01-01T00:57:41Z</time>
    </trkpt>
    <trkpt lat="31.952496" lon="34.984404">
      <ele>124.9</ele>
      <time>2010-01-01T00:57:43Z</time>
    </trkpt>
    <trkpt lat="31.952459" lon="34.984454">
      <ele>124.4</ele>
      <time>2010-01-01T00:57:45Z</time>
    </trkpt>
    <trkpt lat="31.952423" lon="34.984499">
      <ele>123.9</ele>
      <time>2010-01-01T00:57:47Z</time>
    </trkpt>
    <trkpt lat="31.952385" lon="34.984534">
      <ele>123.7</ele>
      <time>2010-01-01T00:57:49Z</time>
    </trkpt>
    <trkpt lat="31.952343" lon="34.984566">
      <ele>123.4</ele>
      <time>2010-01-01T00:57:51Z</time>
    </trkpt>
    <trkpt lat="31.952313" lon="34.984624">
      <ele>122.7</ele>
      <time>2010-01-01T00:57:53Z</time>
    </trkpt>
    <trkpt lat="31.952281" lon="34.984669">
      <ele>122.3</ele>
      <time>2010-01-01T00:57:55Z</time>
    </trkpt>
    <trkpt lat="31.95224" lon="34.984693">
      <ele>122.2</ele>
      <time>2010-01-01T00:57:57Z</time>
    </trkpt>
    <trkpt lat="31.952201" lon="34.984711">
      <ele>122.1</ele>
      <time>2010-01-01T00:57:59Z</time>
    </trkpt>
    <trkpt lat="31.952164" lon="34.984713">
      <ele>122.3</ele>
      <time>2010-01-01T00:58:00Z</time>
    </trkpt>
    <trkpt lat="31.952115" lon="34.984706">
      <ele>122.7</ele>
      <time>2010-01-01T00:58:02Z</time>
    </trkpt>
    <trkpt lat="31.952081" lon="34.984705">
      <ele>122.9</ele>
      <time>2010-01-01T00:58:04Z</time>
    </trkpt>
    <trkpt lat="31.952047" lon="34.984704">
      <ele>122.8</ele>
      <time>2010-01-01T00:58:05Z</time>
    </trkpt>
    <trkpt lat="31.952008" lon="34.984699">
      <ele>122.6</ele>
      <time>2010-01-01T00:58:07Z</time>
    </trkpt>
    <trkpt lat="31.951972" lon="34.9847">
      <ele>122.4</ele>
      <time>2010-01-01T00:58:08Z</time>
    </trkpt>
    <trkpt lat="31.951914" lon="34.984683">
      <ele>122.3</ele>
      <time>2010-01-01T00:58:10Z</time>
    </trkpt>
    <trkpt lat="31.951862" lon="34.984679">
      <ele>122.0</ele>
      <time>2010-01-01T00:58:13Z</time>
    </trkpt>
    <trkpt lat="31.951809" lon="34.984684">
      <ele>121.7</ele>
      <time>2010-01-01T00:58:15Z</time>
    </trkpt>
    <trkpt lat="31.95176" lon="34.984683">
      <ele>121.4</ele>
      <time>2010-01-01T00:58:17Z</time>
    </trkpt>
    <trkpt lat="31.951714" lon="34.984677">
      <ele>121.2</ele>
      <time>2010-01-01T00:58:19Z</time>
    </trkpt>
    <trkpt lat="31.951663" lon="34.984685">
      <ele>120.8</ele>
      <time>2010-01-01T00:58:21Z</time>
    </trkpt>
    <trkpt lat="31.95161" lon="34.984691">
      <ele>120.4</ele>
      <time>2010-01-01T00:58:23Z</time>
    </trkpt>
    <trkpt lat="31.951561" lon="34.984721">
      <ele>119.8</ele>
      <time>2010-01-01T00:58:25Z</time>
    </trkpt>
    <trkpt lat="31.951521" lon="34.984763">
      <ele>119.1</ele>
      <time>2010-01-01T00:58:27Z</time>
    </trkpt>
    <trkpt lat="31.951475" lon="34.98479">
      <ele>118.6</ele>
      <time>2010-01-01T00:58:29Z</time>
    </trkpt>
    <trkpt lat="31.951441" lon="34.984802">
      <ele>118.3</ele>
      <time>2010-01-01T00:58:31Z</time>
    </trkpt>
    <trkpt lat="31.951394" lon="34.984827">
      <ele>117.9</ele>
      <time>2010-01-01T00:58:33Z</time>
    </trkpt>
    <trkpt lat="31.951356" lon="34.984855">
      <ele>117.5</ele>
      <time>2010-01-01T00:58:34Z</time>
    </trkpt>
    <trkpt lat="31.951322" lon="34.984868">
      <ele>117.2</ele>
      <time>2010-01-01T00:58:36Z</time>
    </trkpt>
    <trkpt lat="31.95129" lon="34.984881">
      <ele>117.0</ele>
      <time>2010-01-01T00:58:37Z</time>
    </trkpt>
    <trkpt lat="31.951256" lon="34.984888">
      <ele>116.8</ele>
      <time>2010-01-01T00:58:39Z</time>
    </trkpt>
    <trkpt lat="31.951221" lon="34.984899">
      <ele>116.7</ele>
      <time>2010-01-01T00:58:40Z</time>
    </trkpt>
    <trkpt lat="31.951183" lon="34.984899">
      <ele>116.6</ele>
      <time>2010-01-01T00:58:42Z</time>
    </trkpt>
    <trkpt lat="31.951147" lon="34.984887">
      <ele>116.6</ele>
      <time>2010-01-01T00:58:43Z</time>
    </trkpt>
    <trkpt lat="31.951112" lon="34.984873">
      <ele>116.6</ele>
      <time>2010-01-01T00:58:45Z</time>
    </trkpt>
    <trkpt lat="31.951075" lon="34.984864">
      <ele>116.6</ele>
      <time>2010-01-01T00:58:46Z</time>
    </trkpt>
    <trkpt lat="31.951037" lon="34.984861">
      <ele>116.5</ele>
      <time>2010-01-01T00:58:48Z</time>
    </trkpt>
    <trkpt lat="31.95101" lon="34.984858">
      <ele>116.4</ele>
      <time>2010-01-01T00:58:49Z</time>
    </trkpt>
    <trkpt lat="31.950977" lon="34.984855">
      <ele>116.4</ele>
      <time>2010-01-01T00:58:50Z</time>
    </trkpt>
    <trkpt lat="31.950923" lon="34.984845">
      <ele>116.3</ele>
      <time>2010-01-01T00:58:52Z</time>
    </trkpt>
    <trkpt lat="31.950885" lon="34.984838">
      <ele>116.3</ele>
      <time>2010-01-01T00:58:54Z</time>
    </trkpt>
    <trkpt lat="31.950859" lon="34.984855">
      <ele>116.1</ele>
      <time>2010-01-01T00:58:55Z</time>
    </trkpt>
    <trkpt lat="31.950833" lon="34.984864">
      <ele>116.0</ele>
      <time>2010-01-01T00:58:56Z</time>
    </trkpt>
    <trkpt lat="31.950805" lon="34.984871">
      <ele>115.9</ele>
      <time>2010-01-01T00:58:57Z</time>
    </trkpt>
    <trkpt lat="31.950772" lon="34.984882">
      <ele>115.7</ele>
      <time>2010-01-01T00:58:58Z</time>
    </trkpt>
    <trkpt lat="31.950739" lon="34.984884">
      <ele>115.7</ele>
      <time>2010-01-01T00:59:00Z</time>
    </trkpt>
    <trkpt lat="31.950702" lon="34.984888">
      <ele>115.6</ele>
      <time>2010-01-01T00:59:01Z</time>
    </trkpt>
    <trkpt lat="31.950668" lon="34.984901">
      <ele>115.4</ele>
      <time>2010-01-01T00:59:03Z</time>
    </trkpt>
    <trkpt lat="31.95065" lon="34.984932">
      <ele>115.2</ele>
      <time>2010-01-01T00:59:04Z</time>
    </trkpt>
    <trkpt lat="31.950631" lon="34.984956">
      <ele>115.1</ele>
      <time>2010-01-01T00:59:05Z</time>
    </trkpt>
    <trkpt lat="31.950604" lon="34.984975">
      <ele>114.9</ele>
      <time>2010-01-01T00:59:06Z</time>
    </trkpt>
    <trkpt lat="31.950555" lon="34.985006">
      <ele>114.7</ele>
      <time>2010-01-01T00:59:09Z</time>
    </trkpt>
    <trkpt lat="31.950509" lon="34.985025">
      <ele>114.6</ele>
      <time>2010-01-01T00:59:11Z</time>
    </trkpt>
    <trkpt lat="31.95048" lon="34.985035">
      <ele>114.5</ele>
      <time>2010-01-01T00:59:12Z</time>
    </trkpt>
    <trkpt lat="31.950452" lon="34.985046">
      <ele>114.4</ele>
      <time>2010-01-01T00:59:13Z</time>
    </trkpt>
    <trkpt lat="31.950418" lon="34.985061">
      <ele>114.3</ele>
      <time>2010-01-01T00:59:14Z</time>
    </trkpt>
    <trkpt lat="31.95038" lon="34.985085">
      <ele>114.3</ele>
      <time>2010-01-01T00:59:16Z</time>
    </trkpt>
    <trkpt lat="31.950351" lon="34.9851">
      <ele>114.3</ele>
      <time>2010-01-01T00:59:17Z</time>
    </trkpt>
    <trkpt lat="31.950297" lon="34.98512">
      <ele>114.4</ele>
      <time>2010-01-01T00:59:20Z</time>
    </trkpt>
    <trkpt lat="31.950266" lon="34.985136">
      <ele>114.4</ele>
      <time>2010-01-01T00:59:21Z</time>
    </trkpt>
    <trkpt lat="31.950235" lon="34.985144">
      <ele>114.4</ele>
      <time>2010-01-01T00:59:22Z</time>
    </trkpt>
    <trkpt lat="31.950195" lon="34.985161">
      <ele>114.4</ele>
      <time>2010-01-01T00:59:24Z</time>
    </trkpt>
    <trkpt lat="31.950159" lon="34.985178">
      <ele>114.4</ele>
      <time>2010-01-01T00:59:26Z</time>
    </trkpt>
    <trkpt lat="31.950113" lon="34.985181">
      <ele>114.5</ele>
      <time>2010-01-01T00:59:27Z</time>
    </trkpt>
    <trkpt lat="31.950071" lon="34.985185">
      <ele>114.6</ele>
      <time>2010-01-01T00:59:29Z</time>
    </trkpt>
    <trkpt lat="31.950028" lon="34.9852">
      <ele>114.6</ele>
      <time>2010-01-01T00:59:31Z</time>
    </trkpt>
    <trkpt lat="31.949987" lon="34.985209">
      <ele>114.6</ele>
      <time>2010-01-01T00:59:33Z</time>
    </trkpt>
    <trkpt lat="31.949947" lon="34.985221">
      <ele>114.7</ele>
      <time>2010-01-01T00:59:34Z</time>
    </trkpt>
    <trkpt lat="31.949916" lon="34.98524">
      <ele>114.6</ele>
      <time>2010-01-01T00:59:36Z</time>
    </trkpt>
    <trkpt lat="31.949881" lon="34.98525">
      <ele>114.6</ele>
      <time>2010-01-01T00:59:37Z</time>
    </trkpt>
    <trkpt lat="31.949847" lon="34.985257">
      <ele>114.7</ele>
      <time>2010-01-01T00:59:38Z</time>
    </trkpt>
    <trkpt lat="31.94981" lon="34.985272">
      <ele>114.6</ele>
      <time>2010-01-01T00:59:40Z</time>
    </trkpt>
    <trkpt lat="31.949772" lon="34.985279">
      <ele>114.7</ele>
      <time>2010-01-01T00:59:42Z</time>
    </trkpt>
    <trkpt lat="31.949734" lon="34.985295">
      <ele>114.6</ele>
      <time>2010-01-01T00:59:43Z</time>
    </trkpt>
    <trkpt lat="31.949699" lon="34.985321">
      <ele>114.5</ele>
      <time>2010-01-01T00:59:45Z</time>
    </trkpt>
    <trkpt lat="31.949669" lon="34.985333">
      <ele>114.5</ele>
      <time>2010-01-01T00:59:46Z</time>
    </trkpt>
    <trkpt lat="31.949642" lon="34.985347">
      <ele>114.4</ele>
      <time>2010-01-01T00:59:47Z</time>
    </trkpt>
    <trkpt lat="31.949609" lon="34.985365">
      <ele>114.3</ele>
      <time>2010-01-01T00:59:49Z</time>
    </trkpt>
    <trkpt lat="31.949577" lon="34.985382">
      <ele>114.4</ele>
      <time>2010-01-01T00:59:50Z</time>
    </trkpt>
    <trkpt lat="31.949531" lon="34.985412">
      <ele>114.9</ele>
      <time>2010-01-01T00:59:52Z</time>
    </trkpt>
    <trkpt lat="31.949498" lon="34.985447">
      <ele>115.5</ele>
      <time>2010-01-01T00:59:54Z</time>
    </trkpt>
    <trkpt lat="31.949456" lon="34.985464">
      <ele>116.2</ele>
      <time>2010-01-01T00:59:56Z</time>
    </trkpt>
    <trkpt lat="31.949413" lon="34.985489">
      <ele>116.9</ele>
      <time>2010-01-01T00:59:58Z</time>
    </trkpt>
    <trkpt lat="31.949374" lon="34.985513">
      <ele>117.5</ele>
      <time>2010-01-01T00:59:59Z</time>
    </trkpt>
    <trkpt lat="31.949332" lon="34.985534">
      <ele>118.1</ele>
      <time>2010-01-01T01:00:01Z</time>
    </trkpt>
    <trkpt lat="31.949306" lon="34.985555">
      <ele>118.5</ele>
      <time>2010-01-01T01:00:03Z</time>
    </trkpt>
    <trkpt lat="31.949271" lon="34.985585">
      <ele>118.9</ele>
      <time>2010-01-01T01:00:04Z</time>
    </trkpt>
    <trkpt lat="31.949234" lon="34.985613">
      <ele>119.3</ele>
      <time>2010-01-01T01:00:06Z</time>
    </trkpt>
    <trkpt lat="31.949209" lon="34.985651">
      <ele>119.5</ele>
      <time>2010-01-01T01:00:08Z</time>
    </trkpt>
    <trkpt lat="31.949163" lon="34.985685">
      <ele>119.9</ele>
      <time>2010-01-01T01:00:10Z</time>
    </trkpt>
    <trkpt lat="31.949131" lon="34.985716">
      <ele>120.1</ele>
      <time>2010-01-01T01:00:11Z</time>
    </trkpt>
    <trkpt lat="31.949103" lon="34.985743">
      <ele>120.3</ele>
      <time>2010-01-01T01:00:13Z</time>
    </trkpt>
    <trkpt lat="31.949087" lon="34.98577">
      <ele>120.2</ele>
      <time>2010-01-01T01:00:14Z</time>
    </trkpt>
    <trkpt lat="31.94907" lon="34.985796">
      <ele>120.2</ele>
      <time>2010-01-01T01:00:15Z</time>
    </trkpt>
    <trkpt lat="31.949052" lon="34.985821">
      <ele>120.2</ele>
      <time>2010-01-01T01:00:16Z</time>
    </trkpt>
    <trkpt lat="31.949035" lon="34.985848">
      <ele>120.2</ele>
      <time>2010-01-01T01:00:17Z</time>
    </trkpt>
    <trkpt lat="31.949012" lon="34.985879">
      <ele>120.1</ele>
      <time>2010-01-01T01:00:19Z</time>
    </trkpt>
    <trkpt lat="31.948988" lon="34.9859">
      <ele>120.1</ele>
      <time>2010-01-01T01:00:20Z</time>
    </trkpt>
    <trkpt lat="31.948956" lon="34.9859">
      <ele>120.3</ele>
      <time>2010-01-01T01:00:21Z</time>
    </trkpt>
    <trkpt lat="31.948924" lon="34.985934">
      <ele>120.2</ele>
      <time>2010-01-01T01:00:23Z</time>
    </trkpt>
    <trkpt lat="31.948899" lon="34.985965">
      <ele>120.0</ele>
      <time>2010-01-01T01:00:24Z</time>
    </trkpt>
    <trkpt lat="31.948871" lon="34.986002">
      <ele>119.8</ele>
      <time>2010-01-01T01:00:26Z</time>
    </trkpt>
    <trkpt lat="31.948856" lon="34.986046">
      <ele>119.4</ele>
      <time>2010-01-01T01:00:28Z</time>
    </trkpt>
    <trkpt lat="31.948837" lon="34.986089">
      <ele>118.9</ele>
      <time>2010-01-01T01:00:29Z</time>
    </trkpt>
    <trkpt lat="31.948818" lon="34.98613">
      <ele>118.5</ele>
      <time>2010-01-01T01:00:31Z</time>
    </trkpt>
    <trkpt lat="31.948805" lon="34.986177">
      <ele>117.9</ele>
      <time>2010-01-01T01:00:33Z</time>
    </trkpt>
    <trkpt lat="31.948783" lon="34.98622">
      <ele>117.4</ele>
      <time>2010-01-01T01:00:34Z</time>
    </trkpt>
    <trkpt lat="31.948765" lon="34.986271">
      <ele>117.0</ele>
      <time>2010-01-01T01:00:36Z</time>
    </trkpt>
    <trkpt lat="31.948755" lon="34.986314">
      <ele>117.0</ele>
      <time>2010-01-01T01:00:38Z</time>
    </trkpt>
    <trkpt lat="31.948748" lon="34.98635">
      <ele>117.0</ele>
      <time>2010-01-01T01:00:39Z</time>
    </trkpt>
    <trkpt lat="31.948735" lon="34.986391">
      <ele>117.3</ele>
      <time>2010-01-01T01:00:41Z</time>
    </trkpt>
    <trkpt lat="31.948724" lon="34.98644">
      <ele>117.5</ele>
      <time>2010-01-01T01:00:42Z</time>
    </trkpt>
    <trkpt lat="31.948712" lon="34.986482">
      <ele>117.7</ele>
      <time>2010-01-01T01:00:44Z</time>
    </trkpt>
    <trkpt lat="31.948703" lon="34.986527">
      <ele>117.8</ele>
      <time>2010-01-01T01:00:45Z</time>
    </trkpt>
    <trkpt lat="31.948695" lon="34.986569">
      <ele>117.9</ele>
      <time>2010-01-01T01:00:47Z</time>
    </trkpt>
    <trkpt lat="31.948684" lon="34.986611">
      <ele>118.1</ele>
      <time>2010-01-01T01:00:48Z</time>
    </trkpt>
    <trkpt lat="31.948664" lon="34.98666">
      <ele>118.3</ele>
      <time>2010-01-01T01:00:50Z</time>
    </trkpt>
    <trkpt lat="31.948656" lon="34.986706">
      <ele>118.4</ele>
      <time>2010-01-01T01:00:52Z</time>
    </trkpt>
    <trkpt lat="31.948644" lon="34.986751">
      <ele>118.5</ele>
      <time>2010-01-01T01:00:53Z</time>
    </trkpt>
    <trkpt lat="31.948633" lon="34.986798">
      <ele>118.6</ele>
      <time>2010-01-01T01:00:55Z</time>
    </trkpt>
    <trkpt lat="31.948614" lon="34.986834">
      <ele>118.8</ele>
      <time>2010-01-01T01:00:56Z</time>
    </trkpt>
    <trkpt lat="31.948599" lon="34.986876">
      <ele>118.9</ele>
      <time>2010-01-01T01:00:58Z</time>
    </trkpt>
    <trkpt lat="31.948593" lon="34.98692">
      <ele>118.9</ele>
      <time>2010-01-01T01:00:59Z</time>
    </trkpt>
    <trkpt lat="31.948583" lon="34.986964">
      <ele>118.9</ele>
      <time>2010-01-01T01:01:01Z</time>
    </trkpt>
    <trkpt lat="31.948594" lon="34.98702">
      <ele>118.6</ele>
      <time>2010-01-01T01:01:03Z</time>
    </trkpt>
    <trkpt lat="31.948599" lon="34.987067">
      <ele>118.5</ele>
      <time>2010-01-01T01:01:05Z</time>
    </trkpt>
    <trkpt lat="31.948592" lon="34.9871">
      <ele>118.5</ele>
      <time>2010-01-01T01:01:06Z</time>
    </trkpt>
    <trkpt lat="31.948585" lon="34.987137">
      <ele>118.5</ele>
      <time>2010-01-01T01:01:07Z</time>
    </trkpt>
    <trkpt lat="31.948585" lon="34.987185">
      <ele>118.5</ele>
      <time>2010-01-01T01:01:09Z</time>
    </trkpt>
    <trkpt lat="31.948587" lon="34.987233">
      <ele>118.5</ele>
      <time>2010-01-01T01:01:10Z</time>
    </trkpt>
    <trkpt lat="31.948581" lon="34.987275">
      <ele>118.5</ele>
      <time>2010-01-01T01:01:12Z</time>
    </trkpt>
    <trkpt lat="31.94857" lon="34.987316">
      <ele>118.5</ele>
      <time>2010-01-01T01:01:13Z</time>
    </trkpt>
    <trkpt lat="31.948565" lon="34.987359">
      <ele>118.6</ele>
      <time>2010-01-01T01:01:15Z</time>
    </trkpt>
    <trkpt lat="31.948562" lon="34.987419">
      <ele>118.5</ele>
      <time>2010-01-01T01:01:17Z</time>
    </trkpt>
    <trkpt lat="31.948551" lon="34.987466">
      <ele>118.6</ele>
      <time>2010-01-01T01:01:18Z</time>
    </trkpt>
    <trkpt lat="31.948547" lon="34.987516">
      <ele>118.6</ele>
      <time>2010-01-01T01:01:20Z</time>
    </trkpt>
    <trkpt lat="31.948566" lon="34.987558">
      <ele>118.4</ele>
      <time>2010-01-01T01:01:22Z</time>
    </trkpt>
    <trkpt lat="31.948561" lon="34.987597">
      <ele>118.4</ele>
      <time>2010-01-01T01:01:23Z</time>
    </trkpt>
    <trkpt lat="31.948557" lon="34.987647">
      <ele>118.4</ele>
      <time>2010-01-01T01:01:25Z</time>
    </trkpt>
    <trkpt lat="31.948555" lon="34.987702">
      <ele>118.4</ele>
      <time>2010-01-01T01:01:27Z</time>
    </trkpt>
    <trkpt lat="31.948556" lon="34.987751">
      <ele>118.3</ele>
      <time>2010-01-01T01:01:28Z</time>
    </trkpt>
    <trkpt lat="31.948547" lon="34.987802">
      <ele>118.3</ele>
      <time>2010-01-01T01:01:30Z</time>
    </trkpt>
    <trkpt lat="31.948545" lon="34.987864">
      <ele>118.3</ele>
      <time>2010-01-01T01:01:32Z</time>
    </trkpt>
    <trkpt lat="31.948541" lon="34.98791">
      <ele>118.3</ele>
      <time>2010-01-01T01:01:34Z</time>
    </trkpt>
    <trkpt lat="31.948543" lon="34.987951">
      <ele>118.4</ele>
      <time>2010-01-01T01:01:35Z</time>
    </trkpt>
    <trkpt lat="31.948545" lon="34.987996">
      <ele>118.5</ele>
      <time>2010-01-01T01:01:37Z</time>
    </trkpt>
    <trkpt lat="31.948549" lon="34.988047">
      <ele>118.7</ele>
      <time>2010-01-01T01:01:38Z</time>
    </trkpt>
    <trkpt lat="31.94856" lon="34.988093">
      <ele>118.8</ele>
      <time>2010-01-01T01:01:40Z</time>
    </trkpt>
    <trkpt lat="31.948568" lon="34.988139">
      <ele>118.9</ele>
      <time>2010-01-01T01:01:42Z</time>
    </trkpt>
    <trkpt lat="31.948571" lon="34.988184">
      <ele>119.0</ele>
      <time>2010-01-01T01:01:43Z</time>
    </trkpt>
    <trkpt lat="31.948574" lon="34.988229">
      <ele>119.1</ele>
      <time>2010-01-01T01:01:45Z</time>
    </trkpt>
    <trkpt lat="31.948576" lon="34.988269">
      <ele>119.2</ele>
      <time>2010-01-01T01:01:46Z</time>
    </trkpt>
    <trkpt lat="31.948589" lon="34.988307">
      <ele>119.3</ele>
      <time>2010-01-01T01:01:47Z</time>
    </trkpt>
    <trkpt lat="31.948589" lon="34.988345">
      <ele>119.4</ele>
      <time>2010-01-01T01:01:49Z</time>
    </trkpt>
    <trkpt lat="31.948586" lon="34.988386">
      <ele>119.6</ele>
      <time>2010-01-01T01:01:50Z</time>
    </trkpt>
    <trkpt lat="31.948564" lon="34.988424">
      <ele>119.9</ele>
      <time>2010-01-01T01:01:52Z</time>
    </trkpt>
    <trkpt lat="31.948554" lon="34.988461">
      <ele>120.1</ele>
      <time>2010-01-01T01:01:53Z</time>
    </trkpt>
    <trkpt lat="31.948549" lon="34.988506">
      <ele>120.3</ele>
      <time>2010-01-01T01:01:55Z</time>
    </trkpt>
    <trkpt lat="31.94853" lon="34.988543">
      <ele>120.6</ele>
      <time>2010-01-01T01:01:56Z</time>
    </trkpt>
    <trkpt lat="31.948518" lon="34.988582">
      <ele>120.9</ele>
      <time>2010-01-01T01:01:57Z</time>
    </trkpt>
    <trkpt lat="31.948508" lon="34.988626">
      <ele>121.1</ele>
      <time>2010-01-01T01:01:59Z</time>
    </trkpt>
    <trkpt lat="31.948497" lon="34.98866">
      <ele>121.4</ele>
      <time>2010-01-01T01:02:00Z</time>
    </trkpt>
    <trkpt lat="31.948491" lon="34.988697">
      <ele>121.6</ele>
      <time>2010-01-01T01:02:01Z</time>
    </trkpt>
    <trkpt lat="31.948481" lon="34.98873">
      <ele>121.8</ele>
      <time>2010-01-01T01:02:03Z</time>
    </trkpt>
    <trkpt lat="31.948478" lon="34.988773">
      <ele>122.1</ele>
      <time>2010-01-01T01:02:04Z</time>
    </trkpt>
    <trkpt lat="31.948465" lon="34.988815">
      <ele>122.6</ele>
      <time>2010-01-01T01:02:06Z</time>
    </trkpt>
    <trkpt lat="31.948456" lon="34.988859">
      <ele>123.1</ele>
      <time>2010-01-01T01:02:07Z</time>
    </trkpt>
    <trkpt lat="31.948455" lon="34.988901">
      <ele>123.4</ele>
      <time>2010-01-01T01:02:09Z</time>
    </trkpt>
    <trkpt lat="31.94845" lon="34.988941">
      <ele>123.9</ele>
      <time>2010-01-01T01:02:10Z</time>
    </trkpt>
    <trkpt lat="31.948447" lon="34.988981">
      <ele>124.2</ele>
      <time>2010-01-01T01:02:11Z</time>
    </trkpt>
    <trkpt lat="31.948469" lon="34.989032">
      <ele>124.3</ele>
      <time>2010-01-01T01:02:13Z</time>
    </trkpt>
    <trkpt lat="31.948484" lon="34.989067">
      <ele>124.3</ele>
      <time>2010-01-01T01:02:15Z</time>
    </trkpt>
    <trkpt lat="31.948503" lon="34.989108">
      <ele>124.3</ele>
      <time>2010-01-01T01:02:16Z</time>
    </trkpt>
    <trkpt lat="31.948521" lon="34.989147">
      <ele>124.3</ele>
      <time>2010-01-01T01:02:18Z</time>
    </trkpt>
    <trkpt lat="31.948555" lon="34.989172">
      <ele>123.8</ele>
      <time>2010-01-01T01:02:19Z</time>
    </trkpt>
    <trkpt lat="31.948582" lon="34.989203">
      <ele>123.4</ele>
      <time>2010-01-01T01:02:21Z</time>
    </trkpt>
    <trkpt lat="31.948604" lon="34.989236">
      <ele>123.2</ele>
      <time>2010-01-01T01:02:22Z</time>
    </trkpt>
    <trkpt lat="31.948625" lon="34.989271">
      <ele>122.9</ele>
      <time>2010-01-01T01:02:24Z</time>
    </trkpt>
    <trkpt lat="31.948649" lon="34.989306">
      <ele>122.6</ele>
      <time>2010-01-01T01:02:25Z</time>
    </trkpt>
    <trkpt lat="31.948697" lon="34.989306">
      <ele>121.5</ele>
      <time>2010-01-01T01:02:27Z</time>
    </trkpt>
    <trkpt lat="31.948734" lon="34.989316">
      <ele>120.7</ele>
      <time>2010-01-01T01:02:29Z</time>
    </trkpt>
    <trkpt lat="31.948767" lon="34.989335">
      <ele>120.5</ele>
      <time>2010-01-01T01:02:30Z</time>
    </trkpt>
    <trkpt lat="31.948806" lon="34.989352">
      <ele>120.6</ele>
      <time>2010-01-01T01:02:32Z</time>
    </trkpt>
    <trkpt lat="31.948839" lon="34.989369">
      <ele>120.8</ele>
      <time>2010-01-01T01:02:33Z</time>
    </trkpt>
    <trkpt lat="31.948877" lon="34.989386">
      <ele>120.9</ele>
      <time>2010-01-01T01:02:35Z</time>
    </trkpt>
    <trkpt lat="31.94891" lon="34.98941">
      <ele>121.1</ele>
      <time>2010-01-01T01:02:36Z</time>
    </trkpt>
    <trkpt lat="31.948943" lon="34.989442">
      <ele>121.2</ele>
      <time>2010-01-01T01:02:38Z</time>
    </trkpt>
    <trkpt lat="31.948972" lon="34.98947">
      <ele>121.4</ele>
      <time>2010-01-01T01:02:40Z</time>
    </trkpt>
    <trkpt lat="31.948991" lon="34.989499">
      <ele>121.5</ele>
      <time>2010-01-01T01:02:41Z</time>
    </trkpt>
    <trkpt lat="31.949015" lon="34.989532">
      <ele>121.6</ele>
      <time>2010-01-01T01:02:42Z</time>
    </trkpt>
    <trkpt lat="31.949046" lon="34.989546">
      <ele>121.7</ele>
      <time>2010-01-01T01:02:44Z</time>
    </trkpt>
    <trkpt lat="31.949079" lon="34.989566">
      <ele>121.8</ele>
      <time>2010-01-01T01:02:45Z</time>
    </trkpt>
    <trkpt lat="31.949114" lon="34.989588">
      <ele>121.9</ele>
      <time>2010-01-01T01:02:47Z</time>
    </trkpt>
    <trkpt lat="31.949159" lon="34.989599">
      <ele>122.1</ele>
      <time>2010-01-01T01:02:49Z</time>
    </trkpt>
    <trkpt lat="31.949206" lon="34.989618">
      <ele>122.3</ele>
      <time>2010-01-01T01:02:51Z</time>
    </trkpt>
    <trkpt lat="31.949246" lon="34.989644">
      <ele>122.5</ele>
      <time>2010-01-01T01:02:52Z</time>
    </trkpt>
    <trkpt lat="31.949278" lon="34.989671">
      <ele>122.7</ele>
      <time>2010-01-01T01:02:54Z</time>
    </trkpt>
    <trkpt lat="31.949303" lon="34.989689">
      <ele>122.8</ele>
      <time>2010-01-01T01:02:55Z</time>
    </trkpt>
    <trkpt lat="31.94934" lon="34.98973">
      <ele>122.9</ele>
      <time>2010-01-01T01:02:57Z</time>
    </trkpt>
    <trkpt lat="31.949355" lon="34.989781">
      <ele>123.1</ele>
      <time>2010-01-01T01:02:59Z</time>
    </trkpt>
    <trkpt lat="31.949352" lon="34.989829">
      <ele>123.2</ele>
      <time>2010-01-01T01:03:01Z</time>
    </trkpt>
    <trkpt lat="31.949352" lon="34.989863">
      <ele>123.4</ele>
      <time>2010-01-01T01:03:02Z</time>
    </trkpt>
    <trkpt lat="31.949345" lon="34.989903">
      <ele>123.5</ele>
      <time>2010-01-01T01:03:03Z</time>
    </trkpt>
    <trkpt lat="31.949342" lon="34.989938">
      <ele>123.7</ele>
      <time>2010-01-01T01:03:04Z</time>
    </trkpt>
    <trkpt lat="31.949329" lon="34.989967">
      <ele>123.9</ele>
      <time>2010-01-01T01:03:06Z</time>
    </trkpt>
    <trkpt lat="31.949323" lon="34.990001">
      <ele>124.0</ele>
      <time>2010-01-01T01:03:07Z</time>
    </trkpt>
    <trkpt lat="31.949315" lon="34.990034">
      <ele>124.2</ele>
      <time>2010-01-01T01:03:08Z</time>
    </trkpt>
    <trkpt lat="31.949312" lon="34.990069">
      <ele>124.4</ele>
      <time>2010-01-01T01:03:09Z</time>
    </trkpt>
    <trkpt lat="31.949308" lon="34.990102">
      <ele>124.6</ele>
      <time>2010-01-01T01:03:10Z</time>
    </trkpt>
    <trkpt lat="31.9493" lon="34.990135">
      <ele>124.8</ele>
      <time>2010-01-01T01:03:11Z</time>
    </trkpt>
    <trkpt lat="31.949288" lon="34.990165">
      <ele>125.1</ele>
      <time>2010-01-01T01:03:12Z</time>
    </trkpt>
    <trkpt lat="31.949292" lon="34.990223">
      <ele>125.3</ele>
      <time>2010-01-01T01:03:14Z</time>
    </trkpt>
    <trkpt lat="31.949297" lon="34.990255">
      <ele>125.4</ele>
      <time>2010-01-01T01:03:16Z</time>
    </trkpt>
    <trkpt lat="31.949306" lon="34.990319">
      <ele>125.6</ele>
      <time>2010-01-01T01:03:18Z</time>
    </trkpt>
    <trkpt lat="31.949321" lon="34.99038">
      <ele>125.6</ele>
      <time>2010-01-01T01:03:20Z</time>
    </trkpt>
    <trkpt lat="31.949351" lon="34.990403">
      <ele>125.1</ele>
      <time>2010-01-01T01:03:21Z</time>
    </trkpt>
    <trkpt lat="31.949367" lon="34.99043">
      <ele>125.2</ele>
      <time>2010-01-01T01:03:22Z</time>
    </trkpt>
    <trkpt lat="31.9494" lon="34.990454">
      <ele>125.2</ele>
      <time>2010-01-01T01:03:24Z</time>
    </trkpt>
    <trkpt lat="31.949424" lon="34.990479">
      <ele>125.4</ele>
      <time>2010-01-01T01:03:25Z</time>
    </trkpt>
    <trkpt lat="31.949444" lon="34.990504">
      <ele>125.6</ele>
      <time>2010-01-01T01:03:26Z</time>
    </trkpt>
    <trkpt lat="31.949466" lon="34.990526">
      <ele>125.7</ele>
      <time>2010-01-01T01:03:28Z</time>
    </trkpt>
    <trkpt lat="31.949494" lon="34.990544">
      <ele>125.6</ele>
      <time>2010-01-01T01:03:29Z</time>
    </trkpt>
    <trkpt lat="31.949521" lon="34.990552">
      <ele>125.2</ele>
      <time>2010-01-01T01:03:30Z</time>
    </trkpt>
    <trkpt lat="31.949553" lon="34.990571">
      <ele>125.0</ele>
      <time>2010-01-01T01:03:31Z</time>
    </trkpt>
    <trkpt lat="31.949579" lon="34.990585">
      <ele>124.7</ele>
      <time>2010-01-01T01:03:33Z</time>
    </trkpt>
    <trkpt lat="31.94961" lon="34.990584">
      <ele>124.6</ele>
      <time>2010-01-01T01:03:34Z</time>
    </trkpt>
    <trkpt lat="31.949644" lon="34.990595">
      <ele>124.7</ele>
      <time>2010-01-01T01:03:35Z</time>
    </trkpt>
    <trkpt lat="31.949682" lon="34.990601">
      <ele>124.7</ele>
      <time>2010-01-01T01:03:37Z</time>
    </trkpt>
    <trkpt lat="31.949715" lon="34.990596">
      <ele>124.5</ele>
      <time>2010-01-01T01:03:38Z</time>
    </trkpt>
    <trkpt lat="31.949744" lon="34.990604">
      <ele>124.6</ele>
      <time>2010-01-01T01:03:39Z</time>
    </trkpt>
    <trkpt lat="31.949778" lon="34.990614">
      <ele>124.7</ele>
      <time>2010-01-01T01:03:41Z</time>
    </trkpt>
    <trkpt lat="31.949811" lon="34.99063">
      <ele>124.9</ele>
      <time>2010-01-01T01:03:42Z</time>
    </trkpt>
    <trkpt lat="31.949841" lon="34.990642">
      <ele>125.0</ele>
      <time>2010-01-01T01:03:43Z</time>
    </trkpt>
    <trkpt lat="31.949868" lon="34.990656">
      <ele>125.2</ele>
      <time>2010-01-01T01:03:45Z</time>
    </trkpt>
    <trkpt lat="31.949895" lon="34.990664">
      <ele>125.2</ele>
      <time>2010-01-01T01:03:46Z</time>
    </trkpt>
    <trkpt lat="31.94992" lon="34.990679">
      <ele>125.4</ele>
      <time>2010-01-01T01:03:47Z</time>
    </trkpt>
    <trkpt lat="31.949955" lon="34.990685">
      <ele>125.4</ele>
      <time>2010-01-01T01:03:48Z</time>
    </trkpt>
    <trkpt lat="31.949987" lon="34.990692">
      <ele>125.3</ele>
      <time>2010-01-01T01:03:50Z</time>
    </trkpt>
    <trkpt lat="31.950026" lon="34.990704">
      <ele>125.4</ele>
      <time>2010-01-01T01:03:51Z</time>
    </trkpt>
    <trkpt lat="31.950057" lon="34.990702">
      <ele>125.2</ele>
      <time>2010-01-01T01:03:52Z</time>
    </trkpt>
    <trkpt lat="31.950086" lon="34.990702">
      <ele>125.1</ele>
      <time>2010-01-01T01:03:54Z</time>
    </trkpt>
    <trkpt lat="31.950124" lon="34.990708">
      <ele>125.0</ele>
      <time>2010-01-01T01:03:55Z</time>
    </trkpt>
    <trkpt lat="31.950154" lon="34.990711">
      <ele>124.9</ele>
      <time>2010-01-01T01:03:56Z</time>
    </trkpt>
    <trkpt lat="31.950184" lon="34.990714">
      <ele>124.9</ele>
      <time>2010-01-01T01:03:58Z</time>
    </trkpt>
    <trkpt lat="31.950222" lon="34.990727">
      <ele>124.8</ele>
      <time>2010-01-01T01:03:59Z</time>
    </trkpt>
    <trkpt lat="31.950253" lon="34.990737">
      <ele>124.8</ele>
      <time>2010-01-01T01:04:00Z</time>
    </trkpt>
    <trkpt lat="31.950284" lon="34.990748">
      <ele>124.8</ele>
      <time>2010-01-01T01:04:02Z</time>
    </trkpt>
    <trkpt lat="31.950308" lon="34.990764">
      <ele>124.9</ele>
      <time>2010-01-01T01:04:03Z</time>
    </trkpt>
    <trkpt lat="31.950343" lon="34.990785">
      <ele>124.9</ele>
      <time>2010-01-01T01:04:04Z</time>
    </trkpt>
    <trkpt lat="31.950378" lon="34.99082">
      <ele>125.1</ele>
      <time>2010-01-01T01:04:06Z</time>
    </trkpt>
    <trkpt lat="31.950399" lon="34.990846">
      <ele>125.2</ele>
      <time>2010-01-01T01:04:07Z</time>
    </trkpt>
    <trkpt lat="31.950418" lon="34.990873">
      <ele>125.4</ele>
      <time>2010-01-01T01:04:09Z</time>
    </trkpt>
    <trkpt lat="31.950443" lon="34.990901">
      <ele>125.7</ele>
      <time>2010-01-01T01:04:10Z</time>
    </trkpt>
    <trkpt lat="31.950471" lon="34.990951">
      <ele>126.1</ele>
      <time>2010-01-01T01:04:12Z</time>
    </trkpt>
    <trkpt lat="31.950489" lon="34.990998">
      <ele>126.6</ele>
      <time>2010-01-01T01:04:14Z</time>
    </trkpt>
    <trkpt lat="31.950531" lon="34.991027">
      <ele>126.8</ele>
      <time>2010-01-01T01:04:16Z</time>
    </trkpt>
    <trkpt lat="31.950579" lon="34.99105">
      <ele>127.0</ele>
      <time>2010-01-01T01:04:18Z</time>
    </trkpt>
    <trkpt lat="31.950608" lon="34.991062">
      <ele>127.1</ele>
      <time>2010-01-01T01:04:19Z</time>
    </trkpt>
    <trkpt lat="31.950634" lon="34.991073">
      <ele>127.2</ele>
      <time>2010-01-01T01:04:20Z</time>
    </trkpt>
    <trkpt lat="31.950681" lon="34.99109">
      <ele>127.3</ele>
      <time>2010-01-01T01:04:22Z</time>
    </trkpt>
    <trkpt lat="31.950734" lon="34.991073">
      <ele>127.2</ele>
      <time>2010-01-01T01:04:24Z</time>
    </trkpt>
    <trkpt lat="31.950787" lon="34.99104">
      <ele>126.9</ele>
      <time>2010-01-01T01:04:27Z</time>
    </trkpt>
    <trkpt lat="31.950819" lon="34.991028">
      <ele>126.8</ele>
      <time>2010-01-01T01:04:28Z</time>
    </trkpt>
    <trkpt lat="31.950848" lon="34.991024">
      <ele>126.7</ele>
      <time>2010-01-01T01:04:29Z</time>
    </trkpt>
    <trkpt lat="31.95088" lon="34.991022">
      <ele>126.7</ele>
      <time>2010-01-01T01:04:30Z</time>
    </trkpt>
    <trkpt lat="31.950913" lon="34.991008">
      <ele>126.6</ele>
      <time>2010-01-01T01:04:32Z</time>
    </trkpt>
    <trkpt lat="31.950957" lon="34.990994">
      <ele>126.5</ele>
      <time>2010-01-01T01:04:34Z</time>
    </trkpt>
    <trkpt lat="31.950999" lon="34.990988">
      <ele>126.4</ele>
      <time>2010-01-01T01:04:35Z</time>
    </trkpt>
    <trkpt lat="31.951024" lon="34.99097">
      <ele>126.3</ele>
      <time>2010-01-01T01:04:37Z</time>
    </trkpt>
    <trkpt lat="31.951051" lon="34.990966">
      <ele>126.3</ele>
      <time>2010-01-01T01:04:38Z</time>
    </trkpt>
    <trkpt lat="31.951095" lon="34.990976">
      <ele>126.4</ele>
      <time>2010-01-01T01:04:39Z</time>
    </trkpt>
    <trkpt lat="31.951134" lon="34.990943">
      <ele>126.1</ele>
      <time>2010-01-01T01:04:41Z</time>
    </trkpt>
    <trkpt lat="31.951178" lon="34.990902">
      <ele>125.9</ele>
      <time>2010-01-01T01:04:44Z</time>
    </trkpt>
    <trkpt lat="31.95121" lon="34.990882">
      <ele>125.8</ele>
      <time>2010-01-01T01:04:45Z</time>
    </trkpt>
    <trkpt lat="31.951242" lon="34.990858">
      <ele>125.6</ele>
      <time>2010-01-01T01:04:47Z</time>
    </trkpt>
    <trkpt lat="31.951273" lon="34.990833">
      <ele>125.6</ele>
      <time>2010-01-01T01:04:48Z</time>
    </trkpt>
    <trkpt lat="31.951298" lon="34.990803">
      <ele>125.4</ele>
      <time>2010-01-01T01:04:50Z</time>
    </trkpt>
    <trkpt lat="31.951329" lon="34.990779">
      <ele>125.3</ele>
      <time>2010-01-01T01:04:51Z</time>
    </trkpt>
    <trkpt lat="31.951358" lon="34.990751">
      <ele>125.2</ele>
      <time>2010-01-01T01:04:53Z</time>
    </trkpt>
    <trkpt lat="31.951383" lon="34.990724">
      <ele>125.1</ele>
      <time>2010-01-01T01:04:54Z</time>
    </trkpt>
    <trkpt lat="31.951412" lon="34.990701">
      <ele>125.0</ele>
      <time>2010-01-01T01:04:55Z</time>
    </trkpt>
    <trkpt lat="31.951439" lon="34.990671">
      <ele>124.8</ele>
      <time>2010-01-01T01:04:57Z</time>
    </trkpt>
    <trkpt lat="31.951465" lon="34.990644">
      <ele>124.6</ele>
      <time>2010-01-01T01:04:58Z</time>
    </trkpt>
    <trkpt lat="31.951494" lon="34.990618">
      <ele>124.5</ele>
      <time>2010-01-01T01:05:00Z</time>
    </trkpt>
    <trkpt lat="31.951525" lon="34.990594">
      <ele>124.3</ele>
      <time>2010-01-01T01:05:01Z</time>
    </trkpt>
    <trkpt lat="31.951561" lon="34.990574">
      <ele>124.2</ele>
      <time>2010-01-01T01:05:03Z</time>
    </trkpt>
    <trkpt lat="31.95159" lon="34.990559">
      <ele>124.1</ele>
      <time>2010-01-01T01:05:04Z</time>
    </trkpt>
    <trkpt lat="31.951626" lon="34.990537">
      <ele>124.0</ele>
      <time>2010-01-01T01:05:06Z</time>
    </trkpt>
    <trkpt lat="31.951659" lon="34.990522">
      <ele>123.9</ele>
      <time>2010-01-01T01:05:07Z</time>
    </trkpt>
    <trkpt lat="31.951686" lon="34.990497">
      <ele>123.7</ele>
      <time>2010-01-01T01:05:08Z</time>
    </trkpt>
    <trkpt lat="31.951722" lon="34.990478">
      <ele>123.5</ele>
      <time>2010-01-01T01:05:10Z</time>
    </trkpt>
    <trkpt lat="31.951772" lon="34.990426">
      <ele>123.1</ele>
      <time>2010-01-01T01:05:13Z</time>
    </trkpt>
    <trkpt lat="31.951802" lon="34.990413">
      <ele>123.0</ele>
      <time>2010-01-01T01:05:14Z</time>
    </trkpt>
    <trkpt lat="31.951836" lon="34.990395">
      <ele>123.1</ele>
      <time>2010-01-01T01:05:15Z</time>
    </trkpt>
    <trkpt lat="31.951868" lon="34.990364">
      <ele>123.2</ele>
      <time>2010-01-01T01:05:17Z</time>
    </trkpt>
    <trkpt lat="31.951895" lon="34.990341">
      <ele>123.2</ele>
      <time>2010-01-01T01:05:18Z</time>
    </trkpt>
    <trkpt lat="31.951923" lon="34.990311">
      <ele>123.3</ele>
      <time>2010-01-01T01:05:20Z</time>
    </trkpt>
    <trkpt lat="31.951953" lon="34.990292">
      <ele>123.3</ele>
      <time>2010-01-01T01:05:21Z</time>
    </trkpt>
    <trkpt lat="31.951983" lon="34.990269">
      <ele>123.4</ele>
      <time>2010-01-01T01:05:23Z</time>
    </trkpt>
    <trkpt lat="31.95202" lon="34.990246">
      <ele>123.4</ele>
      <time>2010-01-01T01:05:24Z</time>
    </trkpt>
    <trkpt lat="31.952061" lon="34.990233">
      <ele>123.5</ele>
      <time>2010-01-01T01:05:26Z</time>
    </trkpt>
    <trkpt lat="31.952103" lon="34.990214">
      <ele>123.6</ele>
      <time>2010-01-01T01:05:28Z</time>
    </trkpt>
    <trkpt lat="31.952145" lon="34.990202">
      <ele>123.8</ele>
      <time>2010-01-01T01:05:30Z</time>
    </trkpt>
    <trkpt lat="31.952191" lon="34.990195">
      <ele>124.1</ele>
      <time>2010-01-01T01:05:31Z</time>
    </trkpt>
    <trkpt lat="31.952235" lon="34.990192">
      <ele>124.3</ele>
      <time>2010-01-01T01:05:33Z</time>
    </trkpt>
    <trkpt lat="31.952296" lon="34.990187">
      <ele>124.6</ele>
      <time>2010-01-01T01:05:36Z</time>
    </trkpt>
    <trkpt lat="31.952342" lon="34.990183">
      <ele>124.8</ele>
      <time>2010-01-01T01:05:38Z</time>
    </trkpt>
    <trkpt lat="31.952385" lon="34.990169">
      <ele>125.1</ele>
      <time>2010-01-01T01:05:39Z</time>
    </trkpt>
    <trkpt lat="31.952426" lon="34.990162">
      <ele>125.3</ele>
      <time>2010-01-01T01:05:41Z</time>
    </trkpt>
    <trkpt lat="31.952469" lon="34.990156">
      <ele>125.6</ele>
      <time>2010-01-01T01:05:43Z</time>
    </trkpt>
    <trkpt lat="31.952508" lon="34.990151">
      <ele>125.8</ele>
      <time>2010-01-01T01:05:44Z</time>
    </trkpt>
    <trkpt lat="31.952545" lon="34.990152">
      <ele>126.0</ele>
      <time>2010-01-01T01:05:46Z</time>
    </trkpt>
    <trkpt lat="31.952588" lon="34.990152">
      <ele>126.2</ele>
      <time>2010-01-01T01:05:47Z</time>
    </trkpt>
    <trkpt lat="31.952635" lon="34.990158">
      <ele>126.4</ele>
      <time>2010-01-01T01:05:49Z</time>
    </trkpt>
    <trkpt lat="31.952675" lon="34.990161">
      <ele>126.6</ele>
      <time>2010-01-01T01:05:51Z</time>
    </trkpt>
    <trkpt lat="31.952716" lon="34.990164">
      <ele>126.8</ele>
      <time>2010-01-01T01:05:53Z</time>
    </trkpt>
    <trkpt lat="31.952758" lon="34.99017">
      <ele>127.0</ele>
      <time>2010-01-01T01:05:54Z</time>
    </trkpt>
    <trkpt lat="31.952797" lon="34.99017">
      <ele>127.2</ele>
      <time>2010-01-01T01:05:56Z</time>
    </trkpt>
    <trkpt lat="31.952837" lon="34.990177">
      <ele>127.3</ele>
      <time>2010-01-01T01:05:57Z</time>
    </trkpt>
    <trkpt lat="31.952877" lon="34.99018">
      <ele>127.5</ele>
      <time>2010-01-01T01:05:59Z</time>
    </trkpt>
    <trkpt lat="31.952923" lon="34.990184">
      <ele>127.7</ele>
      <time>2010-01-01T01:06:01Z</time>
    </trkpt>
    <trkpt lat="31.952961" lon="34.990181">
      <ele>128.0</ele>
      <time>2010-01-01T01:06:02Z</time>
    </trkpt>
    <trkpt lat="31.952998" lon="34.990182">
      <ele>128.3</ele>
      <time>2010-01-01T01:06:04Z</time>
    </trkpt>
    <trkpt lat="31.953036" lon="34.990204">
      <ele>128.3</ele>
      <time>2010-01-01T01:06:06Z</time>
    </trkpt>
    <trkpt lat="31.953069" lon="34.99022">
      <ele>128.4</ele>
      <time>2010-01-01T01:06:07Z</time>
    </trkpt>
    <trkpt lat="31.953097" lon="34.990235">
      <ele>128.4</ele>
      <time>2010-01-01T01:06:08Z</time>
    </trkpt>
    <trkpt lat="31.953123" lon="34.990267">
      <ele>128.2</ele>
      <time>2010-01-01T01:06:10Z</time>
    </trkpt>
    <trkpt lat="31.953145" lon="34.9903">
      <ele>127.9</ele>
      <time>2010-01-01T01:06:11Z</time>
    </trkpt>
    <trkpt lat="31.953173" lon="34.990342">
      <ele>127.5</ele>
      <time>2010-01-01T01:06:13Z</time>
    </trkpt>
    <trkpt lat="31.953179" lon="34.990385">
      <ele>127.0</ele>
      <time>2010-01-01T01:06:15Z</time>
    </trkpt>
    <trkpt lat="31.953175" lon="34.990428">
      <ele>126.7</ele>
      <time>2010-01-01T01:06:16Z</time>
    </trkpt>
    <trkpt lat="31.953172" lon="34.990467">
      <ele>127.0</ele>
      <time>2010-01-01T01:06:17Z</time>
    </trkpt>
    <trkpt lat="31.953178" lon="34.990511">
      <ele>127.3</ele>
      <time>2010-01-01T01:06:19Z</time>
    </trkpt>
    <trkpt lat="31.953175" lon="34.990554">
      <ele>127.6</ele>
      <time>2010-01-01T01:06:20Z</time>
    </trkpt>
    <trkpt lat="31.95317" lon="34.990598">
      <ele>128.0</ele>
      <time>2010-01-01T01:06:22Z</time>
    </trkpt>
    <trkpt lat="31.953164" lon="34.990646">
      <ele>128.3</ele>
      <time>2010-01-01T01:06:23Z</time>
    </trkpt>
    <trkpt lat="31.953163" lon="34.99069">
      <ele>128.6</ele>
      <time>2010-01-01T01:06:25Z</time>
    </trkpt>
    <trkpt lat="31.953159" lon="34.99073">
      <ele>128.9</ele>
      <time>2010-01-01T01:06:26Z</time>
    </trkpt>
    <trkpt lat="31.953155" lon="34.990778">
      <ele>129.3</ele>
      <time>2010-01-01T01:06:28Z</time>
    </trkpt>
    <trkpt lat="31.953147" lon="34.99082">
      <ele>129.6</ele>
      <time>2010-01-01T01:06:29Z</time>
    </trkpt>
    <trkpt lat="31.953143" lon="34.990875">
      <ele>130.0</ele>
      <time>2010-01-01T01:06:31Z</time>
    </trkpt>
    <trkpt lat="31.953142" lon="34.990922">
      <ele>130.4</ele>
      <time>2010-01-01T01:06:33Z</time>
    </trkpt>
    <trkpt lat="31.953143" lon="34.990974">
      <ele>130.8</ele>
      <time>2010-01-01T01:06:35Z</time>
    </trkpt>
    <trkpt lat="31.953146" lon="34.991017">
      <ele>131.1</ele>
      <time>2010-01-01T01:06:36Z</time>
    </trkpt>
    <trkpt lat="31.953146" lon="34.991069">
      <ele>131.5</ele>
      <time>2010-01-01T01:06:38Z</time>
    </trkpt>
    <trkpt lat="31.953145" lon="34.991113">
      <ele>131.9</ele>
      <time>2010-01-01T01:06:39Z</time>
    </trkpt>
    <trkpt lat="31.953156" lon="34.991155">
      <ele>132.1</ele>
      <time>2010-01-01T01:06:41Z</time>
    </trkpt>
    <trkpt lat="31.95316" lon="34.991199">
      <ele>132.4</ele>
      <time>2010-01-01T01:06:42Z</time>
    </trkpt>
    <trkpt lat="31.953168" lon="34.991246">
      <ele>132.8</ele>
      <time>2010-01-01T01:06:44Z</time>
    </trkpt>
    <trkpt lat="31.953166" lon="34.991293">
      <ele>133.1</ele>
      <time>2010-01-01T01:06:46Z</time>
    </trkpt>
    <trkpt lat="31.953156" lon="34.991339">
      <ele>133.5</ele>
      <time>2010-01-01T01:06:47Z</time>
    </trkpt>
    <trkpt lat="31.953155" lon="34.991388">
      <ele>133.9</ele>
      <time>2010-01-01T01:06:49Z</time>
    </trkpt>
    <trkpt lat="31.953146" lon="34.991439">
      <ele>134.4</ele>
      <time>2010-01-01T01:06:51Z</time>
    </trkpt>
    <trkpt lat="31.953141" lon="34.991491">
      <ele>134.8</ele>
      <time>2010-01-01T01:06:52Z</time>
    </trkpt>
    <trkpt lat="31.953135" lon="34.991528">
      <ele>135.2</ele>
      <time>2010-01-01T01:06:54Z</time>
    </trkpt>
    <trkpt lat="31.953132" lon="34.991564">
      <ele>135.5</ele>
      <time>2010-01-01T01:06:55Z</time>
    </trkpt>
    <trkpt lat="31.95312" lon="34.991607">
      <ele>135.9</ele>
      <time>2010-01-01T01:06:56Z</time>
    </trkpt>
    <trkpt lat="31.953111" lon="34.991647">
      <ele>136.4</ele>
      <time>2010-01-01T01:06:58Z</time>
    </trkpt>
    <trkpt lat="31.953102" lon="34.991689">
      <ele>136.8</ele>
      <time>2010-01-01T01:06:59Z</time>
    </trkpt>
    <trkpt lat="31.953093" lon="34.991732">
      <ele>137.3</ele>
      <time>2010-01-01T01:07:01Z</time>
    </trkpt>
    <trkpt lat="31.953088" lon="34.99178">
      <ele>137.7</ele>
      <time>2010-01-01T01:07:02Z</time>
    </trkpt>
    <trkpt lat="31.953079" lon="34.991815">
      <ele>138.1</ele>
      <time>2010-01-01T01:07:04Z</time>
    </trkpt>
    <trkpt lat="31.953063" lon="34.991858">
      <ele>138.7</ele>
      <time>2010-01-01T01:07:05Z</time>
    </trkpt>
    <trkpt lat="31.953051" lon="34.991899">
      <ele>139.2</ele>
      <time>2010-01-01T01:07:07Z</time>
    </trkpt>
    <trkpt lat="31.953042" lon="34.991947">
      <ele>139.8</ele>
      <time>2010-01-01T01:07:08Z</time>
    </trkpt>
    <trkpt lat="31.95303" lon="34.991991">
      <ele>140.4</ele>
      <time>2010-01-01T01:07:10Z</time>
    </trkpt>
    <trkpt lat="31.953021" lon="34.992038">
      <ele>140.9</ele>
      <time>2010-01-01T01:07:12Z</time>
    </trkpt>
    <trkpt lat="31.953011" lon="34.992086">
      <ele>141.5</ele>
      <time>2010-01-01T01:07:13Z</time>
    </trkpt>
    <trkpt lat="31.953001" lon="34.99213">
      <ele>141.7</ele>
      <time>2010-01-01T01:07:15Z</time>
    </trkpt>
    <trkpt lat="31.952991" lon="34.992174">
      <ele>141.8</ele>
      <time>2010-01-01T01:07:16Z</time>
    </trkpt>
    <trkpt lat="31.952984" lon="34.992219">
      <ele>141.9</ele>
      <time>2010-01-01T01:07:18Z</time>
    </trkpt>
    <trkpt lat="31.952978" lon="34.992263">
      <ele>142.0</ele>
      <time>2010-01-01T01:07:20Z</time>
    </trkpt>
    <trkpt lat="31.952969" lon="34.99231">
      <ele>142.2</ele>
      <time>2010-01-01T01:07:21Z</time>
    </trkpt>
    <trkpt lat="31.952962" lon="34.992355">
      <ele>142.3</ele>
      <time>2010-01-01T01:07:23Z</time>
    </trkpt>
    <trkpt lat="31.952951" lon="34.992404">
      <ele>142.4</ele>
      <time>2010-01-01T01:07:24Z</time>
    </trkpt>
    <trkpt lat="31.95294" lon="34.992451">
      <ele>142.6</ele>
      <time>2010-01-01T01:07:26Z</time>
    </trkpt>
    <trkpt lat="31.952928" lon="34.992495">
      <ele>142.8</ele>
      <time>2010-01-01T01:07:28Z</time>
    </trkpt>
    <trkpt lat="31.952917" lon="34.992543">
      <ele>143.0</ele>
      <time>2010-01-01T01:07:29Z</time>
    </trkpt>
    <trkpt lat="31.9529" lon="34.992587">
      <ele>143.1</ele>
      <time>2010-01-01T01:07:31Z</time>
    </trkpt>
    <trkpt lat="31.952888" lon="34.992631">
      <ele>143.3</ele>
      <time>2010-01-01T01:07:33Z</time>
    </trkpt>
    <trkpt lat="31.952877" lon="34.992675">
      <ele>143.4</ele>
      <time>2010-01-01T01:07:34Z</time>
    </trkpt>
    <trkpt lat="31.952865" lon="34.992731">
      <ele>143.5</ele>
      <time>2010-01-01T01:07:36Z</time>
    </trkpt>
    <trkpt lat="31.952859" lon="34.992779">
      <ele>143.6</ele>
      <time>2010-01-01T01:07:38Z</time>
    </trkpt>
    <trkpt lat="31.952844" lon="34.992819">
      <ele>143.8</ele>
      <time>2010-01-01T01:07:39Z</time>
    </trkpt>
    <trkpt lat="31.952827" lon="34.992852">
      <ele>144.0</ele>
      <time>2010-01-01T01:07:41Z</time>
    </trkpt>
    <trkpt lat="31.952811" lon="34.992899">
      <ele>144.2</ele>
      <time>2010-01-01T01:07:42Z</time>
    </trkpt>
    <trkpt lat="31.952798" lon="34.992946">
      <ele>144.2</ele>
      <time>2010-01-01T01:07:44Z</time>
    </trkpt>
    <trkpt lat="31.952787" lon="34.992985">
      <ele>144.1</ele>
      <time>2010-01-01T01:07:45Z</time>
    </trkpt>
    <trkpt lat="31.952778" lon="34.993028">
      <ele>144.0</ele>
      <time>2010-01-01T01:07:47Z</time>
    </trkpt>
    <trkpt lat="31.952767" lon="34.993057">
      <ele>143.9</ele>
      <time>2010-01-01T01:07:48Z</time>
    </trkpt>
    <trkpt lat="31.952765" lon="34.993106">
      <ele>143.7</ele>
      <time>2010-01-01T01:07:50Z</time>
    </trkpt>
    <trkpt lat="31.952757" lon="34.99315">
      <ele>143.5</ele>
      <time>2010-01-01T01:07:51Z</time>
    </trkpt>
    <trkpt lat="31.952733" lon="34.993168">
      <ele>143.7</ele>
      <time>2010-01-01T01:07:52Z</time>
    </trkpt>
    <trkpt lat="31.952709" lon="34.9932">
      <ele>143.9</ele>
      <time>2010-01-01T01:07:54Z</time>
    </trkpt>
    <trkpt lat="31.952685" lon="34.993237">
      <ele>144.0</ele>
      <time>2010-01-01T01:07:55Z</time>
    </trkpt>
    <trkpt lat="31.952669" lon="34.993292">
      <ele>143.9</ele>
      <time>2010-01-01T01:07:57Z</time>
    </trkpt>
    <trkpt lat="31.952652" lon="34.993338">
      <ele>143.9</ele>
      <time>2010-01-01T01:07:59Z</time>
    </trkpt>
    <trkpt lat="31.952626" lon="34.993373">
      <ele>144.2</ele>
      <time>2010-01-01T01:08:01Z</time>
    </trkpt>
    <trkpt lat="31.952606" lon="34.993411">
      <ele>144.3</ele>
      <time>2010-01-01T01:08:02Z</time>
    </trkpt>
    <trkpt lat="31.952574" lon="34.993452">
      <ele>144.6</ele>
      <time>2010-01-01T01:08:04Z</time>
    </trkpt>
    <trkpt lat="31.952556" lon="34.993492">
      <ele>144.7</ele>
      <time>2010-01-01T01:08:05Z</time>
    </trkpt>
    <trkpt lat="31.952533" lon="34.993527">
      <ele>144.9</ele>
      <time>2010-01-01T01:08:07Z</time>
    </trkpt>
    <trkpt lat="31.952516" lon="34.993568">
      <ele>145.0</ele>
      <time>2010-01-01T01:08:09Z</time>
    </trkpt>
    <trkpt lat="31.952493" lon="34.99361">
      <ele>145.2</ele>
      <time>2010-01-01T01:08:10Z</time>
    </trkpt>
    <trkpt lat="31.952481" lon="34.993651">
      <ele>145.2</ele>
      <time>2010-01-01T01:08:12Z</time>
    </trkpt>
    <trkpt lat="31.952463" lon="34.993695">
      <ele>145.4</ele>
      <time>2010-01-01T01:08:13Z</time>
    </trkpt>
    <trkpt lat="31.952437" lon="34.993742">
      <ele>145.7</ele>
      <time>2010-01-01T01:08:15Z</time>
    </trkpt>
    <trkpt lat="31.952409" lon="34.993781">
      <ele>146.0</ele>
      <time>2010-01-01T01:08:17Z</time>
    </trkpt>
    <trkpt lat="31.952384" lon="34.993825">
      <ele>146.3</ele>
      <time>2010-01-01T01:08:19Z</time>
    </trkpt>
    <trkpt lat="31.952366" lon="34.993869">
      <ele>146.4</ele>
      <time>2010-01-01T01:08:20Z</time>
    </trkpt>
    <trkpt lat="31.952351" lon="34.993914">
      <ele>146.5</ele>
      <time>2010-01-01T01:08:22Z</time>
    </trkpt>
    <trkpt lat="31.952331" lon="34.993957">
      <ele>146.7</ele>
      <time>2010-01-01T01:08:24Z</time>
    </trkpt>
    <trkpt lat="31.952309" lon="34.994007">
      <ele>147.0</ele>
      <time>2010-01-01T01:08:26Z</time>
    </trkpt>
    <trkpt lat="31.95229" lon="34.994049">
      <ele>147.2</ele>
      <time>2010-01-01T01:08:27Z</time>
    </trkpt>
    <trkpt lat="31.952273" lon="34.99408">
      <ele>147.4</ele>
      <time>2010-01-01T01:08:29Z</time>
    </trkpt>
    <trkpt lat="31.952253" lon="34.994105">
      <ele>147.7</ele>
      <time>2010-01-01T01:08:30Z</time>
    </trkpt>
    <trkpt lat="31.952238" lon="34.994147">
      <ele>147.9</ele>
      <time>2010-01-01T01:08:31Z</time>
    </trkpt>
    <trkpt lat="31.952221" lon="34.994186">
      <ele>148.1</ele>
      <time>2010-01-01T01:08:33Z</time>
    </trkpt>
    <trkpt lat="31.952201" lon="34.994221">
      <ele>148.4</ele>
      <time>2010-01-01T01:08:34Z</time>
    </trkpt>
    <trkpt lat="31.952182" lon="34.994256">
      <ele>148.7</ele>
      <time>2010-01-01T01:08:36Z</time>
    </trkpt>
    <trkpt lat="31.95216" lon="34.994294">
      <ele>149.1</ele>
      <time>2010-01-01T01:08:37Z</time>
    </trkpt>
    <trkpt lat="31.952141" lon="34.994334">
      <ele>149.4</ele>
      <time>2010-01-01T01:08:39Z</time>
    </trkpt>
    <trkpt lat="31.952119" lon="34.994368">
      <ele>149.7</ele>
      <time>2010-01-01T01:08:40Z</time>
    </trkpt>
    <trkpt lat="31.952098" lon="34.994405">
      <ele>150.1</ele>
      <time>2010-01-01T01:08:42Z</time>
    </trkpt>
    <trkpt lat="31.95208" lon="34.994449">
      <ele>150.4</ele>
      <time>2010-01-01T01:08:43Z</time>
    </trkpt>
    <trkpt lat="31.95203" lon="34.99449">
      <ele>151.3</ele>
      <time>2010-01-01T01:08:46Z</time>
    </trkpt>
    <trkpt lat="31.952005" lon="34.994525">
      <ele>151.7</ele>
      <time>2010-01-01T01:08:47Z</time>
    </trkpt>
    <trkpt lat="31.951997" lon="34.994563">
      <ele>151.8</ele>
      <time>2010-01-01T01:08:49Z</time>
    </trkpt>
    <trkpt lat="31.951978" lon="34.994607">
      <ele>151.9</ele>
      <time>2010-01-01T01:08:50Z</time>
    </trkpt>
    <trkpt lat="31.95196" lon="34.994652">
      <ele>151.7</ele>
      <time>2010-01-01T01:08:52Z</time>
    </trkpt>
    <trkpt lat="31.951942" lon="34.99469">
      <ele>151.6</ele>
      <time>2010-01-01T01:08:53Z</time>
    </trkpt>
    <trkpt lat="31.951934" lon="34.994731">
      <ele>151.3</ele>
      <time>2010-01-01T01:08:55Z</time>
    </trkpt>
    <trkpt lat="31.951918" lon="34.994769">
      <ele>151.2</ele>
      <time>2010-01-01T01:08:56Z</time>
    </trkpt>
    <trkpt lat="31.9519" lon="34.994814">
      <ele>151.1</ele>
      <time>2010-01-01T01:08:58Z</time>
    </trkpt>
    <trkpt lat="31.951887" lon="34.994862">
      <ele>150.9</ele>
      <time>2010-01-01T01:09:00Z</time>
    </trkpt>
    <trkpt lat="31.951867" lon="34.994905">
      <ele>150.9</ele>
      <time>2010-01-01T01:09:01Z</time>
    </trkpt>
    <trkpt lat="31.951846" lon="34.994955">
      <ele>150.8</ele>
      <time>2010-01-01T01:09:03Z</time>
    </trkpt>
    <trkpt lat="31.951832" lon="34.994992">
      <ele>150.8</ele>
      <time>2010-01-01T01:09:05Z</time>
    </trkpt>
    <trkpt lat="31.951816" lon="34.995034">
      <ele>150.7</ele>
      <time>2010-01-01T01:09:06Z</time>
    </trkpt>
    <trkpt lat="31.951796" lon="34.995063">
      <ele>150.9</ele>
      <time>2010-01-01T01:09:08Z</time>
    </trkpt>
    <trkpt lat="31.951777" lon="34.995101">
      <ele>151.0</ele>
      <time>2010-01-01T01:09:09Z</time>
    </trkpt>
    <trkpt lat="31.951748" lon="34.995157">
      <ele>151.2</ele>
      <time>2010-01-01T01:09:11Z</time>
    </trkpt>
    <trkpt lat="31.951729" lon="34.995198">
      <ele>151.3</ele>
      <time>2010-01-01T01:09:13Z</time>
    </trkpt>
    <trkpt lat="31.951712" lon="34.995236">
      <ele>151.4</ele>
      <time>2010-01-01T01:09:14Z</time>
    </trkpt>
    <trkpt lat="31.951707" lon="34.995283">
      <ele>151.1</ele>
      <time>2010-01-01T01:09:16Z</time>
    </trkpt>
    <trkpt lat="31.95169" lon="34.995308">
      <ele>151.3</ele>
      <time>2010-01-01T01:09:17Z</time>
    </trkpt>
    <trkpt lat="31.951673" lon="34.995335">
      <ele>151.6</ele>
      <time>2010-01-01T01:09:18Z</time>
    </trkpt>
    <trkpt lat="31.951652" lon="34.99536">
      <ele>151.9</ele>
      <time>2010-01-01T01:09:19Z</time>
    </trkpt>
    <trkpt lat="31.951633" lon="34.995402">
      <ele>152.1</ele>
      <time>2010-01-01T01:09:21Z</time>
    </trkpt>
    <trkpt lat="31.951615" lon="34.99544">
      <ele>152.3</ele>
      <time>2010-01-01T01:09:22Z</time>
    </trkpt>
    <trkpt lat="31.951602" lon="34.995477">
      <ele>152.3</ele>
      <time>2010-01-01T01:09:24Z</time>
    </trkpt>
    <trkpt lat="31.951578" lon="34.995506">
      <ele>152.7</ele>
      <time>2010-01-01T01:09:25Z</time>
    </trkpt>
    <trkpt lat="31.951552" lon="34.995551">
      <ele>153.0</ele>
      <time>2010-01-01T01:09:27Z</time>
    </trkpt>
    <trkpt lat="31.951538" lon="34.995584">
      <ele>153.0</ele>
      <time>2010-01-01T01:09:28Z</time>
    </trkpt>
    <trkpt lat="31.95151" lon="34.995635">
      <ele>153.3</ele>
      <time>2010-01-01T01:09:30Z</time>
    </trkpt>
    <trkpt lat="31.951491" lon="34.995661">
      <ele>153.6</ele>
      <time>2010-01-01T01:09:31Z</time>
    </trkpt>
    <trkpt lat="31.951474" lon="34.995689">
      <ele>153.8</ele>
      <time>2010-01-01T01:09:33Z</time>
    </trkpt>
    <trkpt lat="31.95146" lon="34.995743">
      <ele>153.6</ele>
      <time>2010-01-01T01:09:35Z</time>
    </trkpt>
    <trkpt lat="31.951439" lon="34.995776">
      <ele>153.9</ele>
      <time>2010-01-01T01:09:36Z</time>
    </trkpt>
    <trkpt lat="31.951419" lon="34.995804">
      <ele>154.1</ele>
      <time>2010-01-01T01:09:37Z</time>
    </trkpt>
    <trkpt lat="31.951398" lon="34.995835">
      <ele>154.4</ele>
      <time>2010-01-01T01:09:39Z</time>
    </trkpt>
    <trkpt lat="31.951373" lon="34.99586">
      <ele>154.8</ele>
      <time>2010-01-01T01:09:40Z</time>
    </trkpt>
    <trkpt lat="31.95136" lon="34.995895">
      <ele>154.8</ele>
      <time>2010-01-01T01:09:41Z</time>
    </trkpt>
    <trkpt lat="31.95133" lon="34.995952">
      <ele>155.0</ele>
      <time>2010-01-01T01:09:43Z</time>
    </trkpt>
    <trkpt lat="31.951309" lon="34.995987">
      <ele>155.2</ele>
      <time>2010-01-01T01:09:45Z</time>
    </trkpt>
    <trkpt lat="31.951292" lon="34.996022">
      <ele>155.3</ele>
      <time>2010-01-01T01:09:46Z</time>
    </trkpt>
    <trkpt lat="31.951278" lon="34.99606">
      <ele>155.3</ele>
      <time>2010-01-01T01:09:48Z</time>
    </trkpt>
    <trkpt lat="31.951246" lon="34.996115">
      <ele>155.6</ele>
      <time>2010-01-01T01:09:50Z</time>
    </trkpt>
    <trkpt lat="31.951234" lon="34.996147">
      <ele>155.6</ele>
      <time>2010-01-01T01:09:51Z</time>
    </trkpt>
    <trkpt lat="31.95122" lon="34.996175">
      <ele>155.8</ele>
      <time>2010-01-01T01:09:52Z</time>
    </trkpt>
    <trkpt lat="31.951192" lon="34.996236">
      <ele>156.1</ele>
      <time>2010-01-01T01:09:55Z</time>
    </trkpt>
    <trkpt lat="31.951175" lon="34.996268">
      <ele>156.3</ele>
      <time>2010-01-01T01:09:56Z</time>
    </trkpt>
    <trkpt lat="31.951156" lon="34.996306">
      <ele>156.3</ele>
      <time>2010-01-01T01:09:57Z</time>
    </trkpt>
    <trkpt lat="31.951143" lon="34.996337">
      <ele>156.3</ele>
      <time>2010-01-01T01:09:59Z</time>
    </trkpt>
    <trkpt lat="31.951128" lon="34.99637">
      <ele>156.3</ele>
      <time>2010-01-01T01:10:00Z</time>
    </trkpt>
    <trkpt lat="31.951115" lon="34.996402">
      <ele>156.3</ele>
      <time>2010-01-01T01:10:01Z</time>
    </trkpt>
    <trkpt lat="31.951096" lon="34.996468">
      <ele>155.9</ele>
      <time>2010-01-01T01:10:03Z</time>
    </trkpt>
    <trkpt lat="31.951073" lon="34.996511">
      <ele>156.1</ele>
      <time>2010-01-01T01:10:05Z</time>
    </trkpt>
    <trkpt lat="31.951039" lon="34.996547">
      <ele>156.6</ele>
      <time>2010-01-01T01:10:07Z</time>
    </trkpt>
    <trkpt lat="31.951025" lon="34.996579">
      <ele>156.6</ele>
      <time>2010-01-01T01:10:08Z</time>
    </trkpt>
    <trkpt lat="31.951002" lon="34.996605">
      <ele>157.0</ele>
      <time>2010-01-01T01:10:09Z</time>
    </trkpt>
    <trkpt lat="31.950981" lon="34.996639">
      <ele>157.1</ele>
      <time>2010-01-01T01:10:11Z</time>
    </trkpt>
    <trkpt lat="31.950961" lon="34.996673">
      <ele>157.3</ele>
      <time>2010-01-01T01:10:12Z</time>
    </trkpt>
    <trkpt lat="31.950947" lon="34.996706">
      <ele>157.2</ele>
      <time>2010-01-01T01:10:14Z</time>
    </trkpt>
    <trkpt lat="31.950916" lon="34.996746">
      <ele>157.6</ele>
      <time>2010-01-01T01:10:15Z</time>
    </trkpt>
    <trkpt lat="31.950888" lon="34.996772">
      <ele>158.1</ele>
      <time>2010-01-01T01:10:17Z</time>
    </trkpt>
    <trkpt lat="31.950858" lon="34.9968">
      <ele>158.6</ele>
      <time>2010-01-01T01:10:18Z</time>
    </trkpt>
    <trkpt lat="31.950833" lon="34.996837">
      <ele>158.9</ele>
      <time>2010-01-01T01:10:20Z</time>
    </trkpt>
    <trkpt lat="31.950817" lon="34.996864">
      <ele>158.9</ele>
      <time>2010-01-01T01:10:21Z</time>
    </trkpt>
    <trkpt lat="31.950794" lon="34.996888">
      <ele>159.3</ele>
      <time>2010-01-01T01:10:22Z</time>
    </trkpt>
    <trkpt lat="31.950765" lon="34.996923">
      <ele>159.7</ele>
      <time>2010-01-01T01:10:24Z</time>
    </trkpt>
    <trkpt lat="31.950738" lon="34.99696">
      <ele>159.9</ele>
      <time>2010-01-01T01:10:26Z</time>
    </trkpt>
    <trkpt lat="31.950723" lon="34.996992">
      <ele>159.9</ele>
      <time>2010-01-01T01:10:27Z</time>
    </trkpt>
    <trkpt lat="31.950702" lon="34.997045">
      <ele>159.7</ele>
      <time>2010-01-01T01:10:29Z</time>
    </trkpt>
    <trkpt lat="31.950687" lon="34.997078">
      <ele>159.7</ele>
      <time>2010-01-01T01:10:30Z</time>
    </trkpt>
    <trkpt lat="31.950675" lon="34.997118">
      <ele>159.3</ele>
      <time>2010-01-01T01:10:32Z</time>
    </trkpt>
    <trkpt lat="31.950659" lon="34.997165">
      <ele>158.9</ele>
      <time>2010-01-01T01:10:33Z</time>
    </trkpt>
    <trkpt lat="31.950645" lon="34.997215">
      <ele>158.4</ele>
      <time>2010-01-01T01:10:35Z</time>
    </trkpt>
    <trkpt lat="31.950627" lon="34.997266">
      <ele>158.0</ele>
      <time>2010-01-01T01:10:37Z</time>
    </trkpt>
    <trkpt lat="31.950608" lon="34.997323">
      <ele>157.4</ele>
      <time>2010-01-01T01:10:39Z</time>
    </trkpt>
    <trkpt lat="31.950579" lon="34.997383">
      <ele>157.1</ele>
      <time>2010-01-01T01:10:41Z</time>
    </trkpt>
    <trkpt lat="31.950549" lon="34.997444">
      <ele>156.7</ele>
      <time>2010-01-01T01:10:44Z</time>
    </trkpt>
    <trkpt lat="31.950517" lon="34.99749">
      <ele>156.6</ele>
      <time>2010-01-01T01:10:46Z</time>
    </trkpt>
    <trkpt lat="31.95049" lon="34.997531">
      <ele>156.5</ele>
      <time>2010-01-01T01:10:48Z</time>
    </trkpt>
    <trkpt lat="31.950458" lon="34.997564">
      <ele>156.6</ele>
      <time>2010-01-01T01:10:49Z</time>
    </trkpt>
    <trkpt lat="31.950428" lon="34.99759">
      <ele>156.8</ele>
      <time>2010-01-01T01:10:51Z</time>
    </trkpt>
    <trkpt lat="31.950401" lon="34.997626">
      <ele>156.8</ele>
      <time>2010-01-01T01:10:52Z</time>
    </trkpt>
    <trkpt lat="31.950373" lon="34.997669">
      <ele>156.7</ele>
      <time>2010-01-01T01:10:54Z</time>
    </trkpt>
    <trkpt lat="31.950348" lon="34.997717">
      <ele>156.5</ele>
      <time>2010-01-01T01:10:56Z</time>
    </trkpt>
    <trkpt lat="31.950321" lon="34.997771">
      <ele>156.3</ele>
      <time>2010-01-01T01:10:58Z</time>
    </trkpt>
    <trkpt lat="31.950307" lon="34.997822">
      <ele>155.7</ele>
      <time>2010-01-01T01:11:00Z</time>
    </trkpt>
    <trkpt lat="31.950291" lon="34.997878">
      <ele>155.0</ele>
      <time>2010-01-01T01:11:02Z</time>
    </trkpt>
    <trkpt lat="31.950277" lon="34.997918">
      <ele>154.7</ele>
      <time>2010-01-01T01:11:04Z</time>
    </trkpt>
    <trkpt lat="31.950264" lon="34.997963">
      <ele>154.7</ele>
      <time>2010-01-01T01:11:05Z</time>
    </trkpt>
    <trkpt lat="31.950254" lon="34.997997">
      <ele>154.8</ele>
      <time>2010-01-01T01:11:06Z</time>
    </trkpt>
    <trkpt lat="31.95024" lon="34.998036">
      <ele>154.9</ele>
      <time>2010-01-01T01:11:08Z</time>
    </trkpt>
    <trkpt lat="31.950231" lon="34.998081">
      <ele>154.8</ele>
      <time>2010-01-01T01:11:09Z</time>
    </trkpt>
    <trkpt lat="31.950219" lon="34.998123">
      <ele>154.9</ele>
      <time>2010-01-01T01:11:11Z</time>
    </trkpt>
    <trkpt lat="31.9502" lon="34.998152">
      <ele>155.3</ele>
      <time>2010-01-01T01:11:12Z</time>
    </trkpt>
    <trkpt lat="31.950183" lon="34.998191">
      <ele>155.6</ele>
      <time>2010-01-01T01:11:14Z</time>
    </trkpt>
    <trkpt lat="31.950178" lon="34.998233">
      <ele>155.4</ele>
      <time>2010-01-01T01:11:15Z</time>
    </trkpt>
    <trkpt lat="31.950168" lon="34.998262">
      <ele>155.5</ele>
      <time>2010-01-01T01:11:16Z</time>
    </trkpt>
    <trkpt lat="31.950161" lon="34.998305">
      <ele>155.4</ele>
      <time>2010-01-01T01:11:18Z</time>
    </trkpt>
    <trkpt lat="31.950162" lon="34.99835">
      <ele>155.0</ele>
      <time>2010-01-01T01:11:19Z</time>
    </trkpt>
    <trkpt lat="31.950174" lon="34.998393">
      <ele>154.2</ele>
      <time>2010-01-01T01:11:21Z</time>
    </trkpt>
    <trkpt lat="31.950185" lon="34.998436">
      <ele>153.5</ele>
      <time>2010-01-01T01:11:22Z</time>
    </trkpt>
    <trkpt lat="31.950184" lon="34.998477">
      <ele>153.2</ele>
      <time>2010-01-01T01:11:24Z</time>
    </trkpt>
    <trkpt lat="31.950186" lon="34.998524">
      <ele>152.7</ele>
      <time>2010-01-01T01:11:25Z</time>
    </trkpt>
    <trkpt lat="31.950184" lon="34.998567">
      <ele>152.4</ele>
      <time>2010-01-01T01:11:27Z</time>
    </trkpt>
    <trkpt lat="31.950175" lon="34.998623">
      <ele>152.3</ele>
      <time>2010-01-01T01:11:29Z</time>
    </trkpt>
    <trkpt lat="31.950148" lon="34.998664">
      <ele>153.0</ele>
      <time>2010-01-01T01:11:30Z</time>
    </trkpt>
    <trkpt lat="31.950133" lon="34.998709">
      <ele>153.2</ele>
      <time>2010-01-01T01:11:32Z</time>
    </trkpt>
    <trkpt lat="31.950113" lon="34.998744">
      <ele>153.7</ele>
      <time>2010-01-01T01:11:33Z</time>
    </trkpt>
    <trkpt lat="31.950095" lon="34.99877">
      <ele>154.3</ele>
      <time>2010-01-01T01:11:35Z</time>
    </trkpt>
    <trkpt lat="31.950088" lon="34.998804">
      <ele>154.5</ele>
      <time>2010-01-01T01:11:36Z</time>
    </trkpt>
    <trkpt lat="31.950084" lon="34.998864">
      <ele>154.5</ele>
      <time>2010-01-01T01:11:38Z</time>
    </trkpt>
    <trkpt lat="31.950057" lon="34.998916">
      <ele>155.4</ele>
      <time>2010-01-01T01:11:40Z</time>
    </trkpt>
    <trkpt lat="31.950037" lon="34.998968">
      <ele>156.1</ele>
      <time>2010-01-01T01:11:42Z</time>
    </trkpt>
    <trkpt lat="31.950018" lon="34.998995">
      <ele>156.8</ele>
      <time>2010-01-01T01:11:43Z</time>
    </trkpt>
    <trkpt lat="31.949999" lon="34.999052">
      <ele>157.5</ele>
      <time>2010-01-01T01:11:45Z</time>
    </trkpt>
    <trkpt lat="31.949981" lon="34.999085">
      <ele>158.2</ele>
      <time>2010-01-01T01:11:46Z</time>
    </trkpt>
    <trkpt lat="31.949971" lon="34.999125">
      <ele>158.5</ele>
      <time>2010-01-01T01:11:48Z</time>
    </trkpt>
    <trkpt lat="31.949947" lon="34.999181">
      <ele>159.4</ele>
      <time>2010-01-01T01:11:50Z</time>
    </trkpt>
    <trkpt lat="31.949927" lon="34.999246">
      <ele>160.2</ele>
      <time>2010-01-01T01:11:52Z</time>
    </trkpt>
    <trkpt lat="31.949921" lon="34.999294">
      <ele>160.4</ele>
      <time>2010-01-01T01:11:54Z</time>
    </trkpt>
    <trkpt lat="31.94992" lon="34.999343">
      <ele>160.3</ele>
      <time>2010-01-01T01:11:56Z</time>
    </trkpt>
    <trkpt lat="31.949914" lon="34.999414">
      <ele>160.5</ele>
      <time>2010-01-01T01:11:58Z</time>
    </trkpt>
    <trkpt lat="31.949907" lon="34.999479">
      <ele>160.7</ele>
      <time>2010-01-01T01:12:00Z</time>
    </trkpt>
    <trkpt lat="31.949894" lon="34.999532">
      <ele>161.3</ele>
      <time>2010-01-01T01:12:02Z</time>
    </trkpt>
    <trkpt lat="31.949893" lon="34.999583">
      <ele>161.3</ele>
      <time>2010-01-01T01:12:04Z</time>
    </trkpt>
    <trkpt lat="31.949884" lon="34.99964">
      <ele>161.1</ele>
      <time>2010-01-01T01:12:06Z</time>
    </trkpt>
    <trkpt lat="31.949875" lon="34.999696">
      <ele>160.9</ele>
      <time>2010-01-01T01:12:08Z</time>
    </trkpt>
    <trkpt lat="31.949866" lon="34.999751">
      <ele>160.8</ele>
      <time>2010-01-01T01:12:10Z</time>
    </trkpt>
    <trkpt lat="31.949851" lon="34.999812">
      <ele>160.8</ele>
      <time>2010-01-01T01:12:12Z</time>
    </trkpt>
    <trkpt lat="31.949842" lon="34.999875">
      <ele>160.5</ele>
      <time>2010-01-01T01:12:14Z</time>
    </trkpt>
    <trkpt lat="31.949839" lon="34.999938">
      <ele>160.0</ele>
      <time>2010-01-01T01:12:16Z</time>
    </trkpt>
    <trkpt lat="31.949821" lon="34.999977">
      <ele>160.3</ele>
      <time>2010-01-01T01:12:18Z</time>
    </trkpt>
    <trkpt lat="31.949809" lon="35.000026">
      <ele>160.3</ele>
      <time>2010-01-01T01:12:19Z</time>
    </trkpt>
    <trkpt lat="31.949807" lon="35.000064">
      <ele>160.0</ele>
      <time>2010-01-01T01:12:21Z</time>
    </trkpt>
    <trkpt lat="31.949801" lon="35.000118">
      <ele>159.6</ele>
      <time>2010-01-01T01:12:23Z</time>
    </trkpt>
    <trkpt lat="31.949787" lon="35.000174">
      <ele>159.5</ele>
      <time>2010-01-01T01:12:25Z</time>
    </trkpt>
    <trkpt lat="31.949794" lon="35.00022">
      <ele>158.8</ele>
      <time>2010-01-01T01:12:26Z</time>
    </trkpt>
    <trkpt lat="31.949793" lon="35.000272">
      <ele>158.3</ele>
      <time>2010-01-01T01:12:28Z</time>
    </trkpt>
    <trkpt lat="31.949795" lon="35.000326">
      <ele>157.6</ele>
      <time>2010-01-01T01:12:30Z</time>
    </trkpt>
    <trkpt lat="31.949797" lon="35.000383">
      <ele>156.9</ele>
      <time>2010-01-01T01:12:32Z</time>
    </trkpt>
    <trkpt lat="31.949788" lon="35.000436">
      <ele>156.7</ele>
      <time>2010-01-01T01:12:34Z</time>
    </trkpt>
    <trkpt lat="31.949774" lon="35.000488">
      <ele>156.8</ele>
      <time>2010-01-01T01:12:35Z</time>
    </trkpt>
    <trkpt lat="31.94977" lon="35.000545">
      <ele>156.5</ele>
      <time>2010-01-01T01:12:37Z</time>
    </trkpt>
    <trkpt lat="31.949769" lon="35.000596">
      <ele>156.1</ele>
      <time>2010-01-01T01:12:39Z</time>
    </trkpt>
    <trkpt lat="31.949753" lon="35.000641">
      <ele>156.3</ele>
      <time>2010-01-01T01:12:41Z</time>
    </trkpt>
    <trkpt lat="31.94975" lon="35.000703">
      <ele>155.9</ele>
      <time>2010-01-01T01:12:43Z</time>
    </trkpt>
    <trkpt lat="31.949739" lon="35.000749">
      <ele>155.8</ele>
      <time>2010-01-01T01:12:44Z</time>
    </trkpt>
    <trkpt lat="31.949712" lon="35.0008">
      <ele>156.3</ele>
      <time>2010-01-01T01:12:46Z</time>
    </trkpt>
    <trkpt lat="31.949693" lon="35.000844">
      <ele>156.5</ele>
      <time>2010-01-01T01:12:48Z</time>
    </trkpt>
    <trkpt lat="31.949684" lon="35.000892">
      <ele>156.3</ele>
      <time>2010-01-01T01:12:50Z</time>
    </trkpt>
    <trkpt lat="31.949677" lon="35.000944">
      <ele>156.1</ele>
      <time>2010-01-01T01:12:52Z</time>
    </trkpt>
    <trkpt lat="31.949671" lon="35.00099">
      <ele>155.9</ele>
      <time>2010-01-01T01:12:53Z</time>
    </trkpt>
    <trkpt lat="31.949678" lon="35.001035">
      <ele>155.3</ele>
      <time>2010-01-01T01:12:55Z</time>
    </trkpt>
    <trkpt lat="31.949679" lon="35.001082">
      <ele>154.8</ele>
      <time>2010-01-01T01:12:56Z</time>
    </trkpt>
    <trkpt lat="31.949673" lon="35.001129">
      <ele>154.6</ele>
      <time>2010-01-01T01:12:58Z</time>
    </trkpt>
    <trkpt lat="31.949661" lon="35.001178">
      <ele>154.5</ele>
      <time>2010-01-01T01:13:00Z</time>
    </trkpt>
    <trkpt lat="31.94965" lon="35.001225">
      <ele>154.4</ele>
      <time>2010-01-01T01:13:01Z</time>
    </trkpt>
    <trkpt lat="31.949637" lon="35.001267">
      <ele>154.4</ele>
      <time>2010-01-01T01:13:03Z</time>
    </trkpt>
    <trkpt lat="31.949615" lon="35.001334">
      <ele>154.5</ele>
      <time>2010-01-01T01:13:05Z</time>
    </trkpt>
    <trkpt lat="31.949613" lon="35.001402">
      <ele>154.0</ele>
      <time>2010-01-01T01:13:08Z</time>
    </trkpt>
    <trkpt lat="31.949606" lon="35.001444">
      <ele>153.8</ele>
      <time>2010-01-01T01:13:09Z</time>
    </trkpt>
    <trkpt lat="31.949607" lon="35.001479">
      <ele>153.5</ele>
      <time>2010-01-01T01:13:10Z</time>
    </trkpt>
    <trkpt lat="31.94961" lon="35.001523">
      <ele>153.1</ele>
      <time>2010-01-01T01:13:12Z</time>
    </trkpt>
    <trkpt lat="31.949611" lon="35.001563">
      <ele>152.7</ele>
      <time>2010-01-01T01:13:13Z</time>
    </trkpt>
    <trkpt lat="31.94962" lon="35.001612">
      <ele>152.1</ele>
      <time>2010-01-01T01:13:15Z</time>
    </trkpt>
    <trkpt lat="31.94962" lon="35.001654">
      <ele>151.8</ele>
      <time>2010-01-01T01:13:16Z</time>
    </trkpt>
    <trkpt lat="31.94962" lon="35.001699">
      <ele>151.5</ele>
      <time>2010-01-01T01:13:18Z</time>
    </trkpt>
    <trkpt lat="31.949624" lon="35.001733">
      <ele>151.1</ele>
      <time>2010-01-01T01:13:19Z</time>
    </trkpt>
    <trkpt lat="31.949621" lon="35.001769">
      <ele>150.9</ele>
      <time>2010-01-01T01:13:20Z</time>
    </trkpt>
    <trkpt lat="31.949616" lon="35.001808">
      <ele>150.7</ele>
      <time>2010-01-01T01:13:22Z</time>
    </trkpt>
    <trkpt lat="31.949608" lon="35.001846">
      <ele>150.5</ele>
      <time>2010-01-01T01:13:23Z</time>
    </trkpt>
    <trkpt lat="31.949605" lon="35.00189">
      <ele>150.2</ele>
      <time>2010-01-01T01:13:24Z</time>
    </trkpt>
    <trkpt lat="31.949593" lon="35.001925">
      <ele>150.2</ele>
      <time>2010-01-01T01:13:26Z</time>
    </trkpt>
    <trkpt lat="31.94958" lon="35.001959">
      <ele>150.1</ele>
      <time>2010-01-01T01:13:27Z</time>
    </trkpt>
    <trkpt lat="31.94955" lon="35.002017">
      <ele>150.3</ele>
      <time>2010-01-01T01:13:29Z</time>
    </trkpt>
    <trkpt lat="31.949528" lon="35.002072">
      <ele>150.3</ele>
      <time>2010-01-01T01:13:31Z</time>
    </trkpt>
    <trkpt lat="31.949499" lon="35.00211">
      <ele>150.6</ele>
      <time>2010-01-01T01:13:33Z</time>
    </trkpt>
    <trkpt lat="31.949474" lon="35.002122">
      <ele>151.1</ele>
      <time>2010-01-01T01:13:34Z</time>
    </trkpt>
    <trkpt lat="31.949448" lon="35.002137">
      <ele>151.5</ele>
      <time>2010-01-01T01:13:35Z</time>
    </trkpt>
    <trkpt lat="31.949403" lon="35.002151">
      <ele>152.4</ele>
      <time>2010-01-01T01:13:37Z</time>
    </trkpt>
    <trkpt lat="31.949368" lon="35.002167">
      <ele>153.0</ele>
      <time>2010-01-01T01:13:39Z</time>
    </trkpt>
    <trkpt lat="31.949334" lon="35.002178">
      <ele>153.7</ele>
      <time>2010-01-01T01:13:40Z</time>
    </trkpt>
    <trkpt lat="31.949295" lon="35.002207">
      <ele>154.3</ele>
      <time>2010-01-01T01:13:42Z</time>
    </trkpt>
    <trkpt lat="31.949246" lon="35.00224">
      <ele>155.2</ele>
      <time>2010-01-01T01:13:44Z</time>
    </trkpt>
    <trkpt lat="31.949208" lon="35.00227">
      <ele>155.8</ele>
      <time>2010-01-01T01:13:46Z</time>
    </trkpt>
    <trkpt lat="31.949178" lon="35.00228">
      <ele>156.3</ele>
      <time>2010-01-01T01:13:47Z</time>
    </trkpt>
    <trkpt lat="31.949148" lon="35.002309">
      <ele>156.8</ele>
      <time>2010-01-01T01:13:49Z</time>
    </trkpt>
    <trkpt lat="31.94912" lon="35.002345">
      <ele>157.1</ele>
      <time>2010-01-01T01:13:50Z</time>
    </trkpt>
    <trkpt lat="31.949099" lon="35.002368">
      <ele>157.4</ele>
      <time>2010-01-01T01:13:52Z</time>
    </trkpt>
    <trkpt lat="31.949073" lon="35.002401">
      <ele>157.7</ele>
      <time>2010-01-01T01:13:53Z</time>
    </trkpt>
    <trkpt lat="31.94905" lon="35.002448">
      <ele>157.9</ele>
      <time>2010-01-01T01:13:55Z</time>
    </trkpt>
    <trkpt lat="31.949023" lon="35.002499">
      <ele>158.1</ele>
      <time>2010-01-01T01:13:57Z</time>
    </trkpt>
    <trkpt lat="31.949002" lon="35.002554">
      <ele>158.2</ele>
      <time>2010-01-01T01:13:59Z</time>
    </trkpt>
    <trkpt lat="31.948988" lon="35.002584">
      <ele>158.3</ele>
      <time>2010-01-01T01:14:00Z</time>
    </trkpt>
    <trkpt lat="31.948954" lon="35.002618">
      <ele>158.7</ele>
      <time>2010-01-01T01:14:02Z</time>
    </trkpt>
    <trkpt lat="31.948911" lon="35.002635">
      <ele>159.6</ele>
      <time>2010-01-01T01:14:04Z</time>
    </trkpt>
    <trkpt lat="31.948873" lon="35.00264">
      <ele>160.3</ele>
      <time>2010-01-01T01:14:05Z</time>
    </trkpt>
    <trkpt lat="31.94883" lon="35.002627">
      <ele>161.4</ele>
      <time>2010-01-01T01:14:07Z</time>
    </trkpt>
    <trkpt lat="31.948793" lon="35.00263">
      <ele>162.1</ele>
      <time>2010-01-01T01:14:09Z</time>
    </trkpt>
    <trkpt lat="31.948745" lon="35.002632">
      <ele>163.1</ele>
      <time>2010-01-01T01:14:10Z</time>
    </trkpt>
    <trkpt lat="31.948715" lon="35.00261">
      <ele>163.8</ele>
      <time>2010-01-01T01:14:12Z</time>
    </trkpt>
    <trkpt lat="31.948686" lon="35.002589">
      <ele>164.4</ele>
      <time>2010-01-01T01:14:13Z</time>
    </trkpt>
    <trkpt lat="31.948656" lon="35.002546">
      <ele>165.2</ele>
      <time>2010-01-01T01:14:15Z</time>
    </trkpt>
    <trkpt lat="31.948647" lon="35.002508">
      <ele>165.7</ele>
      <time>2010-01-01T01:14:17Z</time>
    </trkpt>
    <trkpt lat="31.948638" lon="35.002463">
      <ele>166.2</ele>
      <time>2010-01-01T01:14:18Z</time>
    </trkpt>
    <trkpt lat="31.948616" lon="35.002416">
      <ele>166.9</ele>
      <time>2010-01-01T01:14:20Z</time>
    </trkpt>
    <trkpt lat="31.948595" lon="35.002363">
      <ele>167.7</ele>
      <time>2010-01-01T01:14:22Z</time>
    </trkpt>
    <trkpt lat="31.948584" lon="35.002316">
      <ele>168.3</ele>
      <time>2010-01-01T01:14:24Z</time>
    </trkpt>
    <trkpt lat="31.948562" lon="35.00228">
      <ele>169.0</ele>
      <time>2010-01-01T01:14:25Z</time>
    </trkpt>
    <trkpt lat="31.948544" lon="35.002253">
      <ele>169.5</ele>
      <time>2010-01-01T01:14:26Z</time>
    </trkpt>
    <trkpt lat="31.948525" lon="35.002223">
      <ele>170.1</ele>
      <time>2010-01-01T01:14:27Z</time>
    </trkpt>
    <trkpt lat="31.948499" lon="35.002196">
      <ele>170.8</ele>
      <time>2010-01-01T01:14:29Z</time>
    </trkpt>
    <trkpt lat="31.948468" lon="35.002171">
      <ele>171.6</ele>
      <time>2010-01-01T01:14:30Z</time>
    </trkpt>
    <trkpt lat="31.948434" lon="35.002153">
      <ele>172.4</ele>
      <time>2010-01-01T01:14:32Z</time>
    </trkpt>
    <trkpt lat="31.948419" lon="35.00211">
      <ele>173.1</ele>
      <time>2010-01-01T01:14:33Z</time>
    </trkpt>
    <trkpt lat="31.9484" lon="35.00208">
      <ele>173.8</ele>
      <time>2010-01-01T01:14:35Z</time>
    </trkpt>
    <trkpt lat="31.948384" lon="35.002041">
      <ele>174.4</ele>
      <time>2010-01-01T01:14:36Z</time>
    </trkpt>
    <trkpt lat="31.948368" lon="35.002006">
      <ele>175.0</ele>
      <time>2010-01-01T01:14:38Z</time>
    </trkpt>
    <trkpt lat="31.948362" lon="35.001964">
      <ele>175.5</ele>
      <time>2010-01-01T01:14:39Z</time>
    </trkpt>
    <trkpt lat="31.948371" lon="35.001923">
      <ele>175.7</ele>
      <time>2010-01-01T01:14:40Z</time>
    </trkpt>
    <trkpt lat="31.948359" lon="35.00189">
      <ele>176.3</ele>
      <time>2010-01-01T01:14:42Z</time>
    </trkpt>
    <trkpt lat="31.948334" lon="35.001855">
      <ele>177.0</ele>
      <time>2010-01-01T01:14:43Z</time>
    </trkpt>
    <trkpt lat="31.948313" lon="35.00183">
      <ele>177.7</ele>
      <time>2010-01-01T01:14:44Z</time>
    </trkpt>
    <trkpt lat="31.94827" lon="35.001821">
      <ele>178.6</ele>
      <time>2010-01-01T01:14:46Z</time>
    </trkpt>
    <trkpt lat="31.94824" lon="35.001794">
      <ele>179.4</ele>
      <time>2010-01-01T01:14:48Z</time>
    </trkpt>
    <trkpt lat="31.948211" lon="35.001816">
      <ele>179.7</ele>
      <time>2010-01-01T01:14:49Z</time>
    </trkpt>
    <trkpt lat="31.948175" lon="35.001838">
      <ele>180.2</ele>
      <time>2010-01-01T01:14:51Z</time>
    </trkpt>
    <trkpt lat="31.948151" lon="35.001868">
      <ele>180.4</ele>
      <time>2010-01-01T01:14:52Z</time>
    </trkpt>
    <trkpt lat="31.948116" lon="35.001884">
      <ele>180.9</ele>
      <time>2010-01-01T01:14:54Z</time>
    </trkpt>
    <trkpt lat="31.948087" lon="35.001909">
      <ele>181.2</ele>
      <time>2010-01-01T01:14:55Z</time>
    </trkpt>
    <trkpt lat="31.948054" lon="35.001935">
      <ele>181.6</ele>
      <time>2010-01-01T01:14:57Z</time>
    </trkpt>
    <trkpt lat="31.948031" lon="35.001974">
      <ele>181.7</ele>
      <time>2010-01-01T01:14:58Z</time>
    </trkpt>
    <trkpt lat="31.948007" lon="35.002011">
      <ele>181.9</ele>
      <time>2010-01-01T01:15:00Z</time>
    </trkpt>
    <trkpt lat="31.947987" lon="35.002054">
      <ele>181.9</ele>
      <time>2010-01-01T01:15:01Z</time>
    </trkpt>
    <trkpt lat="31.947964" lon="35.002093">
      <ele>182.0</ele>
      <time>2010-01-01T01:15:03Z</time>
    </trkpt>
    <trkpt lat="31.947945" lon="35.002121">
      <ele>182.0</ele>
      <time>2010-01-01T01:15:04Z</time>
    </trkpt>
    <trkpt lat="31.947924" lon="35.002144">
      <ele>182.1</ele>
      <time>2010-01-01T01:15:05Z</time>
    </trkpt>
    <trkpt lat="31.947899" lon="35.002178">
      <ele>181.9</ele>
      <time>2010-01-01T01:15:07Z</time>
    </trkpt>
    <trkpt lat="31.947876" lon="35.002218">
      <ele>181.6</ele>
      <time>2010-01-01T01:15:09Z</time>
    </trkpt>
    <trkpt lat="31.947857" lon="35.002246">
      <ele>181.3</ele>
      <time>2010-01-01T01:15:10Z</time>
    </trkpt>
    <trkpt lat="31.947832" lon="35.002265">
      <ele>181.2</ele>
      <time>2010-01-01T01:15:11Z</time>
    </trkpt>
    <trkpt lat="31.947809" lon="35.002287">
      <ele>181.1</ele>
      <time>2010-01-01T01:15:12Z</time>
    </trkpt>
    <trkpt lat="31.947775" lon="35.002317">
      <ele>180.9</ele>
      <time>2010-01-01T01:15:14Z</time>
    </trkpt>
    <trkpt lat="31.947742" lon="35.002329">
      <ele>180.9</ele>
      <time>2010-01-01T01:15:15Z</time>
    </trkpt>
    <trkpt lat="31.947707" lon="35.002329">
      <ele>181.1</ele>
      <time>2010-01-01T01:15:17Z</time>
    </trkpt>
    <trkpt lat="31.947669" lon="35.002339">
      <ele>181.1</ele>
      <time>2010-01-01T01:15:18Z</time>
    </trkpt>
    <trkpt lat="31.947631" lon="35.00234">
      <ele>181.3</ele>
      <time>2010-01-01T01:15:20Z</time>
    </trkpt>
    <trkpt lat="31.947593" lon="35.002338">
      <ele>181.5</ele>
      <time>2010-01-01T01:15:21Z</time>
    </trkpt>
    <trkpt lat="31.947559" lon="35.002341">
      <ele>181.6</ele>
      <time>2010-01-01T01:15:23Z</time>
    </trkpt>
    <trkpt lat="31.947529" lon="35.002356">
      <ele>181.6</ele>
      <time>2010-01-01T01:15:24Z</time>
    </trkpt>
    <trkpt lat="31.947502" lon="35.002364">
      <ele>181.6</ele>
      <time>2010-01-01T01:15:25Z</time>
    </trkpt>
    <trkpt lat="31.947466" lon="35.002379">
      <ele>181.6</ele>
      <time>2010-01-01T01:15:27Z</time>
    </trkpt>
    <trkpt lat="31.947436" lon="35.002392">
      <ele>181.6</ele>
      <time>2010-01-01T01:15:28Z</time>
    </trkpt>
    <trkpt lat="31.947408" lon="35.002398">
      <ele>181.7</ele>
      <time>2010-01-01T01:15:29Z</time>
    </trkpt>
    <trkpt lat="31.947374" lon="35.002403">
      <ele>181.8</ele>
      <time>2010-01-01T01:15:30Z</time>
    </trkpt>
    <trkpt lat="31.947345" lon="35.002415">
      <ele>181.8</ele>
      <time>2010-01-01T01:15:32Z</time>
    </trkpt>
    <trkpt lat="31.947311" lon="35.002437">
      <ele>181.7</ele>
      <time>2010-01-01T01:15:33Z</time>
    </trkpt>
    <trkpt lat="31.947278" lon="35.002443">
      <ele>181.7</ele>
      <time>2010-01-01T01:15:34Z</time>
    </trkpt>
    <trkpt lat="31.947233" lon="35.00244">
      <ele>182.0</ele>
      <time>2010-01-01T01:15:36Z</time>
    </trkpt>
    <trkpt lat="31.947193" lon="35.002415">
      <ele>182.5</ele>
      <time>2010-01-01T01:15:38Z</time>
    </trkpt>
    <trkpt lat="31.947163" lon="35.002407">
      <ele>182.7</ele>
      <time>2010-01-01T01:15:39Z</time>
    </trkpt>
    <trkpt lat="31.947141" lon="35.00238">
      <ele>183.2</ele>
      <time>2010-01-01T01:15:41Z</time>
    </trkpt>
    <trkpt lat="31.947115" lon="35.002363">
      <ele>183.5</ele>
      <time>2010-01-01T01:15:42Z</time>
    </trkpt>
    <trkpt lat="31.947082" lon="35.002324">
      <ele>184.1</ele>
      <time>2010-01-01T01:15:44Z</time>
    </trkpt>
    <trkpt lat="31.947052" lon="35.002292">
      <ele>184.5</ele>
      <time>2010-01-01T01:15:45Z</time>
    </trkpt>
    <trkpt lat="31.947014" lon="35.002277">
      <ele>184.6</ele>
      <time>2010-01-01T01:15:47Z</time>
    </trkpt>
    <trkpt lat="31.94698" lon="35.002259">
      <ele>184.8</ele>
      <time>2010-01-01T01:15:48Z</time>
    </trkpt>
    <trkpt lat="31.946956" lon="35.002228">
      <ele>185.1</ele>
      <time>2010-01-01T01:15:50Z</time>
    </trkpt>
    <trkpt lat="31.946932" lon="35.002176">
      <ele>185.7</ele>
      <time>2010-01-01T01:15:52Z</time>
    </trkpt>
    <trkpt lat="31.946915" lon="35.002143">
      <ele>186.1</ele>
      <time>2010-01-01T01:15:53Z</time>
    </trkpt>
    <trkpt lat="31.946903" lon="35.0021">
      <ele>186.6</ele>
      <time>2010-01-01T01:15:55Z</time>
    </trkpt>
    <trkpt lat="31.946904" lon="35.002065">
      <ele>187.0</ele>
      <time>2010-01-01T01:15:56Z</time>
    </trkpt>
    <trkpt lat="31.946915" lon="35.002012">
      <ele>187.6</ele>
      <time>2010-01-01T01:15:58Z</time>
    </trkpt>
    <trkpt lat="31.94693" lon="35.001979">
      <ele>188.0</ele>
      <time>2010-01-01T01:15:59Z</time>
    </trkpt>
    <trkpt lat="31.946936" lon="35.001932">
      <ele>188.5</ele>
      <time>2010-01-01T01:16:01Z</time>
    </trkpt>
    <trkpt lat="31.94694" lon="35.001885">
      <ele>189.0</ele>
      <time>2010-01-01T01:16:02Z</time>
    </trkpt>
    <trkpt lat="31.946949" lon="35.001839">
      <ele>189.5</ele>
      <time>2010-01-01T01:16:04Z</time>
    </trkpt>
    <trkpt lat="31.946964" lon="35.001787">
      <ele>190.1</ele>
      <time>2010-01-01T01:16:06Z</time>
    </trkpt>
    <trkpt lat="31.946971" lon="35.00173">
      <ele>190.7</ele>
      <time>2010-01-01T01:16:08Z</time>
    </trkpt>
    <trkpt lat="31.94699" lon="35.001679">
      <ele>191.3</ele>
      <time>2010-01-01T01:16:10Z</time>
    </trkpt>
    <trkpt lat="31.947007" lon="35.001634">
      <ele>191.8</ele>
      <time>2010-01-01T01:16:11Z</time>
    </trkpt>
    <trkpt lat="31.947024" lon="35.001588">
      <ele>192.3</ele>
      <time>2010-01-01T01:16:13Z</time>
    </trkpt>
    <trkpt lat="31.947041" lon="35.00153">
      <ele>193.0</ele>
      <time>2010-01-01T01:16:15Z</time>
    </trkpt>
    <trkpt lat="31.947052" lon="35.001477">
      <ele>193.5</ele>
      <time>2010-01-01T01:16:17Z</time>
    </trkpt>
    <trkpt lat="31.947069" lon="35.001431">
      <ele>194.0</ele>
      <time>2010-01-01T01:16:19Z</time>
    </trkpt>
    <trkpt lat="31.947076" lon="35.001384">
      <ele>194.6</ele>
      <time>2010-01-01T01:16:20Z</time>
    </trkpt>
    <trkpt lat="31.947079" lon="35.001348">
      <ele>194.9</ele>
      <time>2010-01-01T01:16:21Z</time>
    </trkpt>
    <trkpt lat="31.947085" lon="35.001289">
      <ele>195.6</ele>
      <time>2010-01-01T01:16:23Z</time>
    </trkpt>
    <trkpt lat="31.947101" lon="35.00123">
      <ele>196.2</ele>
      <time>2010-01-01T01:16:26Z</time>
    </trkpt>
    <trkpt lat="31.947127" lon="35.001179">
      <ele>196.8</ele>
      <time>2010-01-01T01:16:28Z</time>
    </trkpt>
    <trkpt lat="31.947152" lon="35.001121">
      <ele>197.4</ele>
      <time>2010-01-01T01:16:30Z</time>
    </trkpt>
    <trkpt lat="31.947164" lon="35.001088">
      <ele>197.8</ele>
      <time>2010-01-01T01:16:31Z</time>
    </trkpt>
    <trkpt lat="31.947201" lon="35.00104">
      <ele>198.2</ele>
      <time>2010-01-01T01:16:33Z</time>
    </trkpt>
    <trkpt lat="31.947216" lon="35.001012">
      <ele>198.5</ele>
      <time>2010-01-01T01:16:34Z</time>
    </trkpt>
    <trkpt lat="31.947249" lon="35.000962">
      <ele>198.9</ele>
      <time>2010-01-01T01:16:36Z</time>
    </trkpt>
    <trkpt lat="31.947284" lon="35.000909">
      <ele>199.3</ele>
      <time>2010-01-01T01:16:39Z</time>
    </trkpt>
    <trkpt lat="31.947309" lon="35.000858">
      <ele>199.7</ele>
      <time>2010-01-01T01:16:41Z</time>
    </trkpt>
    <trkpt lat="31.947328" lon="35.000806">
      <ele>200.2</ele>
      <time>2010-01-01T01:16:43Z</time>
    </trkpt>
    <trkpt lat="31.947308" lon="35.000768">
      <ele>201.0</ele>
      <time>2010-01-01T01:16:44Z</time>
    </trkpt>
    <trkpt lat="31.947279" lon="35.000765">
      <ele>201.3</ele>
      <time>2010-01-01T01:16:45Z</time>
    </trkpt>
    <trkpt lat="31.947236" lon="35.000776">
      <ele>201.7</ele>
      <time>2010-01-01T01:16:47Z</time>
    </trkpt>
    <trkpt lat="31.947213" lon="35.000796">
      <ele>201.6</ele>
      <time>2010-01-01T01:16:48Z</time>
    </trkpt>
    <trkpt lat="31.947162" lon="35.000817">
      <ele>201.9</ele>
      <time>2010-01-01T01:16:50Z</time>
    </trkpt>
    <trkpt lat="31.947124" lon="35.000827">
      <ele>202.2</ele>
      <time>2010-01-01T01:16:52Z</time>
    </trkpt>
    <trkpt lat="31.947092" lon="35.000831">
      <ele>202.4</ele>
      <time>2010-01-01T01:16:53Z</time>
    </trkpt>
    <trkpt lat="31.947068" lon="35.000812">
      <ele>202.8</ele>
      <time>2010-01-01T01:16:54Z</time>
    </trkpt>
    <trkpt lat="31.947027" lon="35.000815">
      <ele>202.8</ele>
      <time>2010-01-01T01:16:56Z</time>
    </trkpt>
    <trkpt lat="31.946977" lon="35.000821">
      <ele>202.6</ele>
      <time>2010-01-01T01:16:58Z</time>
    </trkpt>
    <trkpt lat="31.946919" lon="35.000829">
      <ele>202.5</ele>
      <time>2010-01-01T01:17:00Z</time>
    </trkpt>
    <trkpt lat="31.946887" lon="35.000834">
      <ele>202.4</ele>
      <time>2010-01-01T01:17:02Z</time>
    </trkpt>
    <trkpt lat="31.946861" lon="35.000848">
      <ele>202.1</ele>
      <time>2010-01-01T01:17:03Z</time>
    </trkpt>
    <trkpt lat="31.946831" lon="35.000854">
      <ele>202.0</ele>
      <time>2010-01-01T01:17:04Z</time>
    </trkpt>
    <trkpt lat="31.946784" lon="35.00085">
      <ele>202.1</ele>
      <time>2010-01-01T01:17:06Z</time>
    </trkpt>
    <trkpt lat="31.946746" lon="35.000839">
      <ele>202.2</ele>
      <time>2010-01-01T01:17:08Z</time>
    </trkpt>
    <trkpt lat="31.946711" lon="35.000805">
      <ele>202.7</ele>
      <time>2010-01-01T01:17:09Z</time>
    </trkpt>
    <trkpt lat="31.946671" lon="35.000803">
      <ele>202.7</ele>
      <time>2010-01-01T01:17:11Z</time>
    </trkpt>
    <trkpt lat="31.946625" lon="35.000814">
      <ele>202.5</ele>
      <time>2010-01-01T01:17:13Z</time>
    </trkpt>
    <trkpt lat="31.946595" lon="35.000786">
      <ele>202.9</ele>
      <time>2010-01-01T01:17:14Z</time>
    </trkpt>
    <trkpt lat="31.946551" lon="35.000771">
      <ele>203.1</ele>
      <time>2010-01-01T01:17:16Z</time>
    </trkpt>
    <trkpt lat="31.946518" lon="35.000758">
      <ele>203.3</ele>
      <time>2010-01-01T01:17:18Z</time>
    </trkpt>
    <trkpt lat="31.946483" lon="35.000744">
      <ele>203.5</ele>
      <time>2010-01-01T01:17:19Z</time>
    </trkpt>
    <trkpt lat="31.946441" lon="35.000724">
      <ele>203.7</ele>
      <time>2010-01-01T01:17:21Z</time>
    </trkpt>
    <trkpt lat="31.946412" lon="35.000708">
      <ele>203.9</ele>
      <time>2010-01-01T01:17:22Z</time>
    </trkpt>
    <trkpt lat="31.94637" lon="35.000692">
      <ele>204.1</ele>
      <time>2010-01-01T01:17:24Z</time>
    </trkpt>
    <trkpt lat="31.946327" lon="35.000672">
      <ele>204.4</ele>
      <time>2010-01-01T01:17:26Z</time>
    </trkpt>
    <trkpt lat="31.946278" lon="35.000651">
      <ele>204.6</ele>
      <time>2010-01-01T01:17:28Z</time>
    </trkpt>
    <trkpt lat="31.94625" lon="35.000649">
      <ele>204.7</ele>
      <time>2010-01-01T01:17:29Z</time>
    </trkpt>
    <trkpt lat="31.946218" lon="35.00062">
      <ele>204.6</ele>
      <time>2010-01-01T01:17:31Z</time>
    </trkpt>
    <trkpt lat="31.946192" lon="35.000608">
      <ele>204.5</ele>
      <time>2010-01-01T01:17:32Z</time>
    </trkpt>
    <trkpt lat="31.946149" lon="35.000599">
      <ele>204.0</ele>
      <time>2010-01-01T01:17:33Z</time>
    </trkpt>
    <trkpt lat="31.946089" lon="35.000583">
      <ele>203.4</ele>
      <time>2010-01-01T01:17:36Z</time>
    </trkpt>
    <trkpt lat="31.946063" lon="35.00057">
      <ele>203.3</ele>
      <time>2010-01-01T01:17:37Z</time>
    </trkpt>
    <trkpt lat="31.946035" lon="35.000544">
      <ele>203.2</ele>
      <time>2010-01-01T01:17:38Z</time>
    </trkpt>
    <trkpt lat="31.946004" lon="35.000523">
      <ele>203.1</ele>
      <time>2010-01-01T01:17:40Z</time>
    </trkpt>
    <trkpt lat="31.945955" lon="35.000506">
      <ele>202.6</ele>
      <time>2010-01-01T01:17:42Z</time>
    </trkpt>
    <trkpt lat="31.945909" lon="35.000489">
      <ele>202.2</ele>
      <time>2010-01-01T01:17:44Z</time>
    </trkpt>
    <trkpt lat="31.945878" lon="35.000468">
      <ele>202.0</ele>
      <time>2010-01-01T01:17:45Z</time>
    </trkpt>
    <trkpt lat="31.945838" lon="35.000465">
      <ele>201.5</ele>
      <time>2010-01-01T01:17:47Z</time>
    </trkpt>
    <trkpt lat="31.945809" lon="35.000465">
      <ele>201.1</ele>
      <time>2010-01-01T01:17:48Z</time>
    </trkpt>
    <trkpt lat="31.945781" lon="35.000464">
      <ele>200.7</ele>
      <time>2010-01-01T01:17:49Z</time>
    </trkpt>
    <trkpt lat="31.945747" lon="35.00045">
      <ele>200.4</ele>
      <time>2010-01-01T01:17:51Z</time>
    </trkpt>
    <trkpt lat="31.94571" lon="35.000438">
      <ele>200.0</ele>
      <time>2010-01-01T01:17:52Z</time>
    </trkpt>
    <trkpt lat="31.94567" lon="35.000406">
      <ele>199.8</ele>
      <time>2010-01-01T01:17:54Z</time>
    </trkpt>
    <trkpt lat="31.945636" lon="35.000378">
      <ele>199.7</ele>
      <time>2010-01-01T01:17:56Z</time>
    </trkpt>
    <trkpt lat="31.945599" lon="35.000368">
      <ele>199.3</ele>
      <time>2010-01-01T01:17:57Z</time>
    </trkpt>
    <trkpt lat="31.945575" lon="35.000346">
      <ele>199.2</ele>
      <time>2010-01-01T01:17:59Z</time>
    </trkpt>
    <trkpt lat="31.945539" lon="35.000317">
      <ele>199.1</ele>
      <time>2010-01-01T01:18:00Z</time>
    </trkpt>
    <trkpt lat="31.945509" lon="35.000283">
      <ele>199.1</ele>
      <time>2010-01-01T01:18:02Z</time>
    </trkpt>
    <trkpt lat="31.945484" lon="35.00025">
      <ele>199.2</ele>
      <time>2010-01-01T01:18:03Z</time>
    </trkpt>
    <trkpt lat="31.945459" lon="35.000221">
      <ele>199.2</ele>
      <time>2010-01-01T01:18:05Z</time>
    </trkpt>
    <trkpt lat="31.945436" lon="35.000183">
      <ele>199.4</ele>
      <time>2010-01-01T01:18:06Z</time>
    </trkpt>
    <trkpt lat="31.94541" lon="35.000148">
      <ele>199.5</ele>
      <time>2010-01-01T01:18:08Z</time>
    </trkpt>
    <trkpt lat="31.945385" lon="35.000119">
      <ele>199.5</ele>
      <time>2010-01-01T01:18:09Z</time>
    </trkpt>
    <trkpt lat="31.945363" lon="35.000071">
      <ele>199.8</ele>
      <time>2010-01-01T01:18:11Z</time>
    </trkpt>
    <trkpt lat="31.945346" lon="35.00004">
      <ele>199.9</ele>
      <time>2010-01-01T01:18:12Z</time>
    </trkpt>
    <trkpt lat="31.945329" lon="35.000008">
      <ele>200.0</ele>
      <time>2010-01-01T01:18:14Z</time>
    </trkpt>
    <trkpt lat="31.945302" lon="34.999983">
      <ele>199.9</ele>
      <time>2010-01-01T01:18:15Z</time>
    </trkpt>
    <trkpt lat="31.945285" lon="34.999955">
      <ele>200.0</ele>
      <time>2010-01-01T01:18:16Z</time>
    </trkpt>
    <trkpt lat="31.945267" lon="34.999923">
      <ele>200.1</ele>
      <time>2010-01-01T01:18:18Z</time>
    </trkpt>
    <trkpt lat="31.945251" lon="34.999883">
      <ele>200.3</ele>
      <time>2010-01-01T01:18:19Z</time>
    </trkpt>
    <trkpt lat="31.945238" lon="34.999851">
      <ele>200.4</ele>
      <time>2010-01-01T01:18:20Z</time>
    </trkpt>
    <trkpt lat="31.945218" lon="34.999817">
      <ele>200.5</ele>
      <time>2010-01-01T01:18:22Z</time>
    </trkpt>
    <trkpt lat="31.945198" lon="34.999784">
      <ele>200.5</ele>
      <time>2010-01-01T01:18:23Z</time>
    </trkpt>
    <trkpt lat="31.945178" lon="34.999715">
      <ele>201.0</ele>
      <time>2010-01-01T01:18:26Z</time>
    </trkpt>
    <trkpt lat="31.945177" lon="34.999673">
      <ele>201.4</ele>
      <time>2010-01-01T01:18:27Z</time>
    </trkpt>
    <trkpt lat="31.94517" lon="34.999629">
      <ele>201.8</ele>
      <time>2010-01-01T01:18:29Z</time>
    </trkpt>
    <trkpt lat="31.945148" lon="34.999583">
      <ele>201.8</ele>
      <time>2010-01-01T01:18:30Z</time>
    </trkpt>
    <trkpt lat="31.945136" lon="34.999554">
      <ele>201.6</ele>
      <time>2010-01-01T01:18:31Z</time>
    </trkpt>
    <trkpt lat="31.945111" lon="34.999525">
      <ele>201.2</ele>
      <time>2010-01-01T01:18:33Z</time>
    </trkpt>
    <trkpt lat="31.945093" lon="34.999496">
      <ele>200.8</ele>
      <time>2010-01-01T01:18:34Z</time>
    </trkpt>
    <trkpt lat="31.945067" lon="34.999461">
      <ele>200.4</ele>
      <time>2010-01-01T01:18:36Z</time>
    </trkpt>
    <trkpt lat="31.945041" lon="34.999432">
      <ele>199.9</ele>
      <time>2010-01-01T01:18:37Z</time>
    </trkpt>
    <trkpt lat="31.945016" lon="34.999407">
      <ele>199.5</ele>
      <time>2010-01-01T01:18:38Z</time>
    </trkpt>
    <trkpt lat="31.94499" lon="34.999385">
      <ele>199.1</ele>
      <time>2010-01-01T01:18:40Z</time>
    </trkpt>
    <trkpt lat="31.944954" lon="34.999355">
      <ele>198.5</ele>
      <time>2010-01-01T01:18:41Z</time>
    </trkpt>
    <trkpt lat="31.944925" lon="34.999324">
      <ele>198.0</ele>
      <time>2010-01-01T01:18:43Z</time>
    </trkpt>
    <trkpt lat="31.944889" lon="34.999293">
      <ele>197.4</ele>
      <time>2010-01-01T01:18:45Z</time>
    </trkpt>
    <trkpt lat="31.944847" lon="34.999258">
      <ele>196.7</ele>
      <time>2010-01-01T01:18:47Z</time>
    </trkpt>
    <trkpt lat="31.944804" lon="34.99922">
      <ele>196.1</ele>
      <time>2010-01-01T01:18:49Z</time>
    </trkpt>
    <trkpt lat="31.944764" lon="34.999179">
      <ele>195.5</ele>
      <time>2010-01-01T01:18:51Z</time>
    </trkpt>
    <trkpt lat="31.944727" lon="34.999143">
      <ele>195.0</ele>
      <time>2010-01-01T01:18:53Z</time>
    </trkpt>
    <trkpt lat="31.944702" lon="34.999099">
      <ele>194.7</ele>
      <time>2010-01-01T01:18:55Z</time>
    </trkpt>
    <trkpt lat="31.944685" lon="34.999061">
      <ele>194.5</ele>
      <time>2010-01-01T01:18:56Z</time>
    </trkpt>
    <trkpt lat="31.94467" lon="34.999025">
      <ele>194.4</ele>
      <time>2010-01-01T01:18:58Z</time>
    </trkpt>
    <trkpt lat="31.94466" lon="34.998995">
      <ele>194.3</ele>
      <time>2010-01-01T01:18:59Z</time>
    </trkpt>
    <trkpt lat="31.944648" lon="34.998937">
      <ele>194.3</ele>
      <time>2010-01-01T01:19:01Z</time>
    </trkpt>
    <trkpt lat="31.944653" lon="34.998897">
      <ele>194.5</ele>
      <time>2010-01-01T01:19:02Z</time>
    </trkpt>
    <trkpt lat="31.944654" lon="34.998851">
      <ele>194.7</ele>
      <time>2010-01-01T01:19:04Z</time>
    </trkpt>
    <trkpt lat="31.944654" lon="34.998812">
      <ele>194.8</ele>
      <time>2010-01-01T01:19:05Z</time>
    </trkpt>
    <trkpt lat="31.944665" lon="34.998768">
      <ele>195.1</ele>
      <time>2010-01-01T01:19:07Z</time>
    </trkpt>
    <trkpt lat="31.944667" lon="34.998729">
      <ele>195.3</ele>
      <time>2010-01-01T01:19:08Z</time>
    </trkpt>
    <trkpt lat="31.944701" lon="34.998676">
      <ele>196.1</ele>
      <time>2010-01-01T01:19:10Z</time>
    </trkpt>
    <trkpt lat="31.944721" lon="34.998649">
      <ele>196.6</ele>
      <time>2010-01-01T01:19:11Z</time>
    </trkpt>
    <trkpt lat="31.944735" lon="34.99862">
      <ele>196.9</ele>
      <time>2010-01-01T01:19:13Z</time>
    </trkpt>
    <trkpt lat="31.944744" lon="34.998588">
      <ele>197.2</ele>
      <time>2010-01-01T01:19:14Z</time>
    </trkpt>
    <trkpt lat="31.944751" lon="34.998545">
      <ele>197.5</ele>
      <time>2010-01-01T01:19:15Z</time>
    </trkpt>
    <trkpt lat="31.944761" lon="34.998511">
      <ele>197.9</ele>
      <time>2010-01-01T01:19:16Z</time>
    </trkpt>
    <trkpt lat="31.94477" lon="34.998469">
      <ele>198.2</ele>
      <time>2010-01-01T01:19:18Z</time>
    </trkpt>
    <trkpt lat="31.94478" lon="34.998428">
      <ele>198.5</ele>
      <time>2010-01-01T01:19:19Z</time>
    </trkpt>
    <trkpt lat="31.944795" lon="34.998384">
      <ele>198.9</ele>
      <time>2010-01-01T01:19:21Z</time>
    </trkpt>
    <trkpt lat="31.944809" lon="34.998344">
      <ele>199.2</ele>
      <time>2010-01-01T01:19:22Z</time>
    </trkpt>
    <trkpt lat="31.944834" lon="34.998301">
      <ele>199.7</ele>
      <time>2010-01-01T01:19:24Z</time>
    </trkpt>
    <trkpt lat="31.94484" lon="34.998263">
      <ele>199.9</ele>
      <time>2010-01-01T01:19:25Z</time>
    </trkpt>
    <trkpt lat="31.944848" lon="34.998227">
      <ele>200.2</ele>
      <time>2010-01-01T01:19:27Z</time>
    </trkpt>
    <trkpt lat="31.944863" lon="34.998179">
      <ele>200.5</ele>
      <time>2010-01-01T01:19:28Z</time>
    </trkpt>
    <trkpt lat="31.944866" lon="34.998139">
      <ele>200.7</ele>
      <time>2010-01-01T01:19:30Z</time>
    </trkpt>
    <trkpt lat="31.944873" lon="34.998097">
      <ele>201.0</ele>
      <time>2010-01-01T01:19:31Z</time>
    </trkpt>
    <trkpt lat="31.944872" lon="34.998053">
      <ele>201.1</ele>
      <time>2010-01-01T01:19:33Z</time>
    </trkpt>
    <trkpt lat="31.944867" lon="34.998019">
      <ele>201.3</ele>
      <time>2010-01-01T01:19:34Z</time>
    </trkpt>
    <trkpt lat="31.944855" lon="34.997976">
      <ele>201.4</ele>
      <time>2010-01-01T01:19:35Z</time>
    </trkpt>
    <trkpt lat="31.944842" lon="34.997937">
      <ele>201.5</ele>
      <time>2010-01-01T01:19:37Z</time>
    </trkpt>
    <trkpt lat="31.944829" lon="34.997895">
      <ele>201.6</ele>
      <time>2010-01-01T01:19:38Z</time>
    </trkpt>
    <trkpt lat="31.944814" lon="34.997858">
      <ele>201.8</ele>
      <time>2010-01-01T01:19:40Z</time>
    </trkpt>
    <trkpt lat="31.9448" lon="34.997815">
      <ele>202.0</ele>
      <time>2010-01-01T01:19:41Z</time>
    </trkpt>
    <trkpt lat="31.944761" lon="34.997789">
      <ele>202.1</ele>
      <time>2010-01-01T01:19:43Z</time>
    </trkpt>
    <trkpt lat="31.944733" lon="34.997754">
      <ele>202.3</ele>
      <time>2010-01-01T01:19:45Z</time>
    </trkpt>
    <trkpt lat="31.944705" lon="34.997716">
      <ele>202.5</ele>
      <time>2010-01-01T01:19:47Z</time>
    </trkpt>
    <trkpt lat="31.944673" lon="34.997681">
      <ele>202.7</ele>
      <time>2010-01-01T01:19:48Z</time>
    </trkpt>
    <trkpt lat="31.944635" lon="34.997652">
      <ele>203.0</ele>
      <time>2010-01-01T01:19:50Z</time>
    </trkpt>
    <trkpt lat="31.944598" lon="34.997622">
      <ele>203.2</ele>
      <time>2010-01-01T01:19:52Z</time>
    </trkpt>
    <trkpt lat="31.94456" lon="34.997593">
      <ele>203.6</ele>
      <time>2010-01-01T01:19:54Z</time>
    </trkpt>
    <trkpt lat="31.944517" lon="34.997563">
      <ele>204.1</ele>
      <time>2010-01-01T01:19:56Z</time>
    </trkpt>
    <trkpt lat="31.944477" lon="34.997535">
      <ele>204.6</ele>
      <time>2010-01-01T01:19:58Z</time>
    </trkpt>
    <trkpt lat="31.944435" lon="34.997513">
      <ele>205.0</ele>
      <time>2010-01-01T01:19:59Z</time>
    </trkpt>
    <trkpt lat="31.944391" lon="34.997492">
      <ele>205.4</ele>
      <time>2010-01-01T01:20:01Z</time>
    </trkpt>
    <trkpt lat="31.944344" lon="34.99747">
      <ele>205.8</ele>
      <time>2010-01-01T01:20:03Z</time>
    </trkpt>
    <trkpt lat="31.944301" lon="34.997459">
      <ele>206.1</ele>
      <time>2010-01-01T01:20:05Z</time>
    </trkpt>
    <trkpt lat="31.944261" lon="34.997447">
      <ele>206.5</ele>
      <time>2010-01-01T01:20:07Z</time>
    </trkpt>
    <trkpt lat="31.944226" lon="34.997441">
      <ele>206.7</ele>
      <time>2010-01-01T01:20:08Z</time>
    </trkpt>
    <trkpt lat="31.944186" lon="34.997443">
      <ele>206.8</ele>
      <time>2010-01-01T01:20:10Z</time>
    </trkpt>
    <trkpt lat="31.944149" lon="34.997453">
      <ele>206.9</ele>
      <time>2010-01-01T01:20:11Z</time>
    </trkpt>
    <trkpt lat="31.94411" lon="34.997463">
      <ele>206.9</ele>
      <time>2010-01-01T01:20:13Z</time>
    </trkpt>
    <trkpt lat="31.944066" lon="34.997483">
      <ele>206.9</ele>
      <time>2010-01-01T01:20:15Z</time>
    </trkpt>
    <trkpt lat="31.944023" lon="34.997495">
      <ele>206.9</ele>
      <time>2010-01-01T01:20:17Z</time>
    </trkpt>
    <trkpt lat="31.94399" lon="34.997497">
      <ele>207.0</ele>
      <time>2010-01-01T01:20:18Z</time>
    </trkpt>
    <trkpt lat="31.943951" lon="34.997519">
      <ele>206.9</ele>
      <time>2010-01-01T01:20:20Z</time>
    </trkpt>
    <trkpt lat="31.943915" lon="34.997544">
      <ele>206.8</ele>
      <time>2010-01-01T01:20:21Z</time>
    </trkpt>
    <trkpt lat="31.943877" lon="34.997564">
      <ele>206.7</ele>
      <time>2010-01-01T01:20:23Z</time>
    </trkpt>
    <trkpt lat="31.943837" lon="34.997583">
      <ele>206.6</ele>
      <time>2010-01-01T01:20:25Z</time>
    </trkpt>
    <trkpt lat="31.943804" lon="34.997593">
      <ele>206.7</ele>
      <time>2010-01-01T01:20:26Z</time>
    </trkpt>
    <trkpt lat="31.943771" lon="34.997604">
      <ele>206.7</ele>
      <time>2010-01-01T01:20:27Z</time>
    </trkpt>
    <trkpt lat="31.943744" lon="34.997619">
      <ele>206.6</ele>
      <time>2010-01-01T01:20:29Z</time>
    </trkpt>
    <trkpt lat="31.943715" lon="34.997624">
      <ele>206.5</ele>
      <time>2010-01-01T01:20:30Z</time>
    </trkpt>
    <trkpt lat="31.943684" lon="34.997625">
      <ele>206.5</ele>
      <time>2010-01-01T01:20:31Z</time>
    </trkpt>
    <trkpt lat="31.943653" lon="34.997638">
      <ele>206.4</ele>
      <time>2010-01-01T01:20:32Z</time>
    </trkpt>
    <trkpt lat="31.943605" lon="34.997632">
      <ele>206.5</ele>
      <time>2010-01-01T01:20:34Z</time>
    </trkpt>
    <trkpt lat="31.943574" lon="34.997635">
      <ele>206.5</ele>
      <time>2010-01-01T01:20:35Z</time>
    </trkpt>
    <trkpt lat="31.943536" lon="34.997635">
      <ele>206.5</ele>
      <time>2010-01-01T01:20:37Z</time>
    </trkpt>
    <trkpt lat="31.943503" lon="34.997638">
      <ele>206.4</ele>
      <time>2010-01-01T01:20:38Z</time>
    </trkpt>
    <trkpt lat="31.94347" lon="34.997631">
      <ele>206.6</ele>
      <time>2010-01-01T01:20:40Z</time>
    </trkpt>
    <trkpt lat="31.943434" lon="34.997629">
      <ele>206.6</ele>
      <time>2010-01-01T01:20:41Z</time>
    </trkpt>
    <trkpt lat="31.9434" lon="34.997617">
      <ele>206.8</ele>
      <time>2010-01-01T01:20:43Z</time>
    </trkpt>
    <trkpt lat="31.943359" lon="34.997591">
      <ele>207.2</ele>
      <time>2010-01-01T01:20:44Z</time>
    </trkpt>
    <trkpt lat="31.943319" lon="34.997579">
      <ele>207.4</ele>
      <time>2010-01-01T01:20:46Z</time>
    </trkpt>
    <trkpt lat="31.943276" lon="34.997573">
      <ele>207.5</ele>
      <time>2010-01-01T01:20:48Z</time>
    </trkpt>
    <trkpt lat="31.943239" lon="34.997559">
      <ele>207.7</ele>
      <time>2010-01-01T01:20:49Z</time>
    </trkpt>
    <trkpt lat="31.943198" lon="34.997546">
      <ele>208.0</ele>
      <time>2010-01-01T01:20:51Z</time>
    </trkpt>
    <trkpt lat="31.943156" lon="34.997536">
      <ele>208.2</ele>
      <time>2010-01-01T01:20:53Z</time>
    </trkpt>
    <trkpt lat="31.943112" lon="34.997526">
      <ele>208.4</ele>
      <time>2010-01-01T01:20:55Z</time>
    </trkpt>
    <trkpt lat="31.943072" lon="34.997527">
      <ele>208.4</ele>
      <time>2010-01-01T01:20:56Z</time>
    </trkpt>
    <trkpt lat="31.943035" lon="34.99753">
      <ele>208.4</ele>
      <time>2010-01-01T01:20:58Z</time>
    </trkpt>
    <trkpt lat="31.942999" lon="34.997514">
      <ele>208.7</ele>
      <time>2010-01-01T01:20:59Z</time>
    </trkpt>
    <trkpt lat="31.942966" lon="34.997507">
      <ele>208.8</ele>
      <time>2010-01-01T01:21:01Z</time>
    </trkpt>
    <trkpt lat="31.942941" lon="34.997491">
      <ele>209.1</ele>
      <time>2010-01-01T01:21:02Z</time>
    </trkpt>
    <trkpt lat="31.94291" lon="34.997495">
      <ele>209.0</ele>
      <time>2010-01-01T01:21:03Z</time>
    </trkpt>
    <trkpt lat="31.94288" lon="34.997486">
      <ele>208.7</ele>
      <time>2010-01-01T01:21:04Z</time>
    </trkpt>
    <trkpt lat="31.942847" lon="34.997463">
      <ele>208.7</ele>
      <time>2010-01-01T01:21:06Z</time>
    </trkpt>
    <trkpt lat="31.942812" lon="34.997466">
      <ele>208.2</ele>
      <time>2010-01-01T01:21:07Z</time>
    </trkpt>
    <trkpt lat="31.94278" lon="34.997467">
      <ele>207.7</ele>
      <time>2010-01-01T01:21:08Z</time>
    </trkpt>
    <trkpt lat="31.94275" lon="34.997462">
      <ele>207.4</ele>
      <time>2010-01-01T01:21:10Z</time>
    </trkpt>
    <trkpt lat="31.942718" lon="34.997454">
      <ele>207.2</ele>
      <time>2010-01-01T01:21:11Z</time>
    </trkpt>
    <trkpt lat="31.942692" lon="34.997441">
      <ele>207.1</ele>
      <time>2010-01-01T01:21:12Z</time>
    </trkpt>
    <trkpt lat="31.942664" lon="34.997431">
      <ele>206.9</ele>
      <time>2010-01-01T01:21:13Z</time>
    </trkpt>
    <trkpt lat="31.942615" lon="34.997429">
      <ele>206.4</ele>
      <time>2010-01-01T01:21:15Z</time>
    </trkpt>
    <trkpt lat="31.942588" lon="34.997423">
      <ele>206.2</ele>
      <time>2010-01-01T01:21:16Z</time>
    </trkpt>
    <trkpt lat="31.942562" lon="34.99741">
      <ele>206.1</ele>
      <time>2010-01-01T01:21:17Z</time>
    </trkpt>
    <trkpt lat="31.942539" lon="34.997387">
      <ele>206.4</ele>
      <time>2010-01-01T01:21:19Z</time>
    </trkpt>
    <trkpt lat="31.942487" lon="34.997347">
      <ele>206.7</ele>
      <time>2010-01-01T01:21:21Z</time>
    </trkpt>
    <trkpt lat="31.942461" lon="34.997322">
      <ele>207.0</ele>
      <time>2010-01-01T01:21:22Z</time>
    </trkpt>
    <trkpt lat="31.94244" lon="34.997291">
      <ele>207.5</ele>
      <time>2010-01-01T01:21:24Z</time>
    </trkpt>
    <trkpt lat="31.942418" lon="34.997265">
      <ele>207.9</ele>
      <time>2010-01-01T01:21:25Z</time>
    </trkpt>
    <trkpt lat="31.942395" lon="34.997241">
      <ele>208.3</ele>
      <time>2010-01-01T01:21:26Z</time>
    </trkpt>
    <trkpt lat="31.94238" lon="34.997211">
      <ele>208.9</ele>
      <time>2010-01-01T01:21:27Z</time>
    </trkpt>
    <trkpt lat="31.942358" lon="34.997179">
      <ele>209.5</ele>
      <time>2010-01-01T01:21:29Z</time>
    </trkpt>
    <trkpt lat="31.942339" lon="34.997146">
      <ele>210.2</ele>
      <time>2010-01-01T01:21:30Z</time>
    </trkpt>
    <trkpt lat="31.942298" lon="34.997095">
      <ele>211.2</ele>
      <time>2010-01-01T01:21:33Z</time>
    </trkpt>
    <trkpt lat="31.942264" lon="34.997047">
      <ele>211.9</ele>
      <time>2010-01-01T01:21:35Z</time>
    </trkpt>
    <trkpt lat="31.942247" lon="34.997014">
      <ele>212.4</ele>
      <time>2010-01-01T01:21:36Z</time>
    </trkpt>
    <trkpt lat="31.942228" lon="34.99699">
      <ele>212.7</ele>
      <time>2010-01-01T01:21:37Z</time>
    </trkpt>
    <trkpt lat="31.942205" lon="34.996965">
      <ele>213.0</ele>
      <time>2010-01-01T01:21:38Z</time>
    </trkpt>
    <trkpt lat="31.942158" lon="34.996916">
      <ele>213.6</ele>
      <time>2010-01-01T01:21:41Z</time>
    </trkpt>
    <trkpt lat="31.942137" lon="34.996887">
      <ele>214.0</ele>
      <time>2010-01-01T01:21:42Z</time>
    </trkpt>
    <trkpt lat="31.942093" lon="34.996861">
      <ele>214.3</ele>
      <time>2010-01-01T01:21:44Z</time>
    </trkpt>
    <trkpt lat="31.942055" lon="34.996832">
      <ele>214.3</ele>
      <time>2010-01-01T01:21:46Z</time>
    </trkpt>
    <trkpt lat="31.942023" lon="34.996813">
      <ele>214.1</ele>
      <time>2010-01-01T01:21:47Z</time>
    </trkpt>
    <trkpt lat="31.941977" lon="34.996782">
      <ele>213.9</ele>
      <time>2010-01-01T01:21:50Z</time>
    </trkpt>
    <trkpt lat="31.941938" lon="34.996752">
      <ele>213.9</ele>
      <time>2010-01-01T01:21:51Z</time>
    </trkpt>
    <trkpt lat="31.941892" lon="34.99673">
      <ele>213.6</ele>
      <time>2010-01-01T01:21:53Z</time>
    </trkpt>
    <trkpt lat="31.941842" lon="34.996707">
      <ele>213.2</ele>
      <time>2010-01-01T01:21:56Z</time>
    </trkpt>
    <trkpt lat="31.941814" lon="34.996695">
      <ele>213.0</ele>
      <time>2010-01-01T01:21:57Z</time>
    </trkpt>
    <trkpt lat="31.941786" lon="34.996679">
      <ele>212.9</ele>
      <time>2010-01-01T01:21:58Z</time>
    </trkpt>
    <trkpt lat="31.941754" lon="34.996651">
      <ele>213.0</ele>
      <time>2010-01-01T01:22:00Z</time>
    </trkpt>
    <trkpt lat="31.94172" lon="34.996628">
      <ele>213.0</ele>
      <time>2010-01-01T01:22:01Z</time>
    </trkpt>
    <trkpt lat="31.941683" lon="34.996607">
      <ele>212.9</ele>
      <time>2010-01-01T01:22:03Z</time>
    </trkpt>
    <trkpt lat="31.941641" lon="34.996558">
      <ele>213.4</ele>
      <time>2010-01-01T01:22:05Z</time>
    </trkpt>
    <trkpt lat="31.941611" lon="34.996529">
      <ele>213.6</ele>
      <time>2010-01-01T01:22:07Z</time>
    </trkpt>
    <trkpt lat="31.941574" lon="34.996503">
      <ele>213.7</ele>
      <time>2010-01-01T01:22:08Z</time>
    </trkpt>
    <trkpt lat="31.941535" lon="34.996477">
      <ele>213.8</ele>
      <time>2010-01-01T01:22:10Z</time>
    </trkpt>
    <trkpt lat="31.941504" lon="34.996457">
      <ele>213.9</ele>
      <time>2010-01-01T01:22:12Z</time>
    </trkpt>
    <trkpt lat="31.941474" lon="34.996435">
      <ele>214.0</ele>
      <time>2010-01-01T01:22:13Z</time>
    </trkpt>
    <trkpt lat="31.941445" lon="34.996421">
      <ele>214.0</ele>
      <time>2010-01-01T01:22:14Z</time>
    </trkpt>
    <trkpt lat="31.941413" lon="34.996398">
      <ele>214.1</ele>
      <time>2010-01-01T01:22:16Z</time>
    </trkpt>
    <trkpt lat="31.941379" lon="34.996381">
      <ele>214.1</ele>
      <time>2010-01-01T01:22:17Z</time>
    </trkpt>
    <trkpt lat="31.941341" lon="34.99637">
      <ele>213.9</ele>
      <time>2010-01-01T01:22:19Z</time>
    </trkpt>
    <trkpt lat="31.941306" lon="34.996355">
      <ele>213.8</ele>
      <time>2010-01-01T01:22:20Z</time>
    </trkpt>
    <trkpt lat="31.941272" lon="34.996333">
      <ele>214.0</ele>
      <time>2010-01-01T01:22:22Z</time>
    </trkpt>
    <trkpt lat="31.941234" lon="34.996301">
      <ele>214.3</ele>
      <time>2010-01-01T01:22:24Z</time>
    </trkpt>
    <trkpt lat="31.941201" lon="34.99628">
      <ele>214.3</ele>
      <time>2010-01-01T01:22:25Z</time>
    </trkpt>
    <trkpt lat="31.941165" lon="34.996261">
      <ele>214.2</ele>
      <time>2010-01-01T01:22:27Z</time>
    </trkpt>
    <trkpt lat="31.941125" lon="34.996246">
      <ele>213.8</ele>
      <time>2010-01-01T01:22:29Z</time>
    </trkpt>
    <trkpt lat="31.941091" lon="34.99623">
      <ele>213.4</ele>
      <time>2010-01-01T01:22:30Z</time>
    </trkpt>
    <trkpt lat="31.941057" lon="34.996218">
      <ele>212.9</ele>
      <time>2010-01-01T01:22:31Z</time>
    </trkpt>
    <trkpt lat="31.941025" lon="34.9962">
      <ele>212.5</ele>
      <time>2010-01-01T01:22:33Z</time>
    </trkpt>
    <trkpt lat="31.940992" lon="34.996183">
      <ele>212.2</ele>
      <time>2010-01-01T01:22:34Z</time>
    </trkpt>
    <trkpt lat="31.94096" lon="34.996182">
      <ele>211.6</ele>
      <time>2010-01-01T01:22:36Z</time>
    </trkpt>
    <trkpt lat="31.940933" lon="34.996154">
      <ele>211.4</ele>
      <time>2010-01-01T01:22:37Z</time>
    </trkpt>
    <trkpt lat="31.940907" lon="34.996127">
      <ele>211.3</ele>
      <time>2010-01-01T01:22:38Z</time>
    </trkpt>
    <trkpt lat="31.940873" lon="34.9961">
      <ele>211.0</ele>
      <time>2010-01-01T01:22:40Z</time>
    </trkpt>
    <trkpt lat="31.940837" lon="34.99608">
      <ele>210.6</ele>
      <time>2010-01-01T01:22:42Z</time>
    </trkpt>
    <trkpt lat="31.940804" lon="34.99606">
      <ele>210.3</ele>
      <time>2010-01-01T01:22:43Z</time>
    </trkpt>
    <trkpt lat="31.940768" lon="34.996039">
      <ele>209.9</ele>
      <time>2010-01-01T01:22:45Z</time>
    </trkpt>
    <trkpt lat="31.940728" lon="34.996024">
      <ele>209.3</ele>
      <time>2010-01-01T01:22:46Z</time>
    </trkpt>
    <trkpt lat="31.940687" lon="34.996018">
      <ele>208.6</ele>
      <time>2010-01-01T01:22:48Z</time>
    </trkpt>
    <trkpt lat="31.940645" lon="34.995994">
      <ele>208.2</ele>
      <time>2010-01-01T01:22:50Z</time>
    </trkpt>
    <trkpt lat="31.940601" lon="34.995956">
      <ele>207.8</ele>
      <time>2010-01-01T01:22:52Z</time>
    </trkpt>
    <trkpt lat="31.940554" lon="34.995924">
      <ele>207.4</ele>
      <time>2010-01-01T01:22:54Z</time>
    </trkpt>
    <trkpt lat="31.940506" lon="34.995891">
      <ele>206.9</ele>
      <time>2010-01-01T01:22:56Z</time>
    </trkpt>
    <trkpt lat="31.940461" lon="34.995852">
      <ele>206.6</ele>
      <time>2010-01-01T01:22:59Z</time>
    </trkpt>
    <trkpt lat="31.940426" lon="34.995809">
      <ele>206.5</ele>
      <time>2010-01-01T01:23:01Z</time>
    </trkpt>
    <trkpt lat="31.940397" lon="34.995768">
      <ele>206.7</ele>
      <time>2010-01-01T01:23:03Z</time>
    </trkpt>
    <trkpt lat="31.940367" lon="34.995723">
      <ele>207.2</ele>
      <time>2010-01-01T01:23:05Z</time>
    </trkpt>
    <trkpt lat="31.940342" lon="34.995678">
      <ele>207.7</ele>
      <time>2010-01-01T01:23:06Z</time>
    </trkpt>
    <trkpt lat="31.940313" lon="34.995634">
      <ele>208.2</ele>
      <time>2010-01-01T01:23:08Z</time>
    </trkpt>
    <trkpt lat="31.940281" lon="34.995584">
      <ele>208.8</ele>
      <time>2010-01-01T01:23:10Z</time>
    </trkpt>
    <trkpt lat="31.940252" lon="34.99554">
      <ele>209.4</ele>
      <time>2010-01-01T01:23:12Z</time>
    </trkpt>
    <trkpt lat="31.940222" lon="34.995489">
      <ele>210.0</ele>
      <time>2010-01-01T01:23:14Z</time>
    </trkpt>
    <trkpt lat="31.940196" lon="34.995435">
      <ele>210.8</ele>
      <time>2010-01-01T01:23:16Z</time>
    </trkpt>
    <trkpt lat="31.940172" lon="34.995382">
      <ele>211.3</ele>
      <time>2010-01-01T01:23:18Z</time>
    </trkpt>
    <trkpt lat="31.940151" lon="34.995336">
      <ele>211.7</ele>
      <time>2010-01-01T01:23:20Z</time>
    </trkpt>
    <trkpt lat="31.940131" lon="34.995276">
      <ele>212.3</ele>
      <time>2010-01-01T01:23:22Z</time>
    </trkpt>
    <trkpt lat="31.940109" lon="34.995226">
      <ele>212.8</ele>
      <time>2010-01-01T01:23:24Z</time>
    </trkpt>
    <trkpt lat="31.940088" lon="34.995176">
      <ele>213.2</ele>
      <time>2010-01-01T01:23:26Z</time>
    </trkpt>
    <trkpt lat="31.940067" lon="34.995133">
      <ele>213.7</ele>
      <time>2010-01-01T01:23:28Z</time>
    </trkpt>
    <trkpt lat="31.940045" lon="34.995084">
      <ele>214.2</ele>
      <time>2010-01-01T01:23:30Z</time>
    </trkpt>
    <trkpt lat="31.940029" lon="34.995038">
      <ele>214.6</ele>
      <time>2010-01-01T01:23:32Z</time>
    </trkpt>
    <trkpt lat="31.940008" lon="34.994994">
      <ele>215.0</ele>
      <time>2010-01-01T01:23:33Z</time>
    </trkpt>
    <trkpt lat="31.939986" lon="34.994959">
      <ele>215.4</ele>
      <time>2010-01-01T01:23:35Z</time>
    </trkpt>
    <trkpt lat="31.939963" lon="34.994914">
      <ele>215.9</ele>
      <time>2010-01-01T01:23:37Z</time>
    </trkpt>
    <trkpt lat="31.939935" lon="34.994879">
      <ele>216.3</ele>
      <time>2010-01-01T01:23:38Z</time>
    </trkpt>
    <trkpt lat="31.939903" lon="34.994845">
      <ele>216.6</ele>
      <time>2010-01-01T01:23:40Z</time>
    </trkpt>
    <trkpt lat="31.93986" lon="34.994793">
      <ele>217.2</ele>
      <time>2010-01-01T01:23:42Z</time>
    </trkpt>
    <trkpt lat="31.939831" lon="34.994761">
      <ele>217.6</ele>
      <time>2010-01-01T01:23:44Z</time>
    </trkpt>
    <trkpt lat="31.939787" lon="34.994745">
      <ele>217.9</ele>
      <time>2010-01-01T01:23:46Z</time>
    </trkpt>
    <trkpt lat="31.939735" lon="34.994738">
      <ele>218.0</ele>
      <time>2010-01-01T01:23:48Z</time>
    </trkpt>
    <trkpt lat="31.939689" lon="34.994732">
      <ele>218.2</ele>
      <time>2010-01-01T01:23:50Z</time>
    </trkpt>
    <trkpt lat="31.93965" lon="34.994729">
      <ele>218.3</ele>
      <time>2010-01-01T01:23:51Z</time>
    </trkpt>
    <trkpt lat="31.939609" lon="34.994731">
      <ele>218.4</ele>
      <time>2010-01-01T01:23:53Z</time>
    </trkpt>
    <trkpt lat="31.939567" lon="34.994742">
      <ele>218.4</ele>
      <time>2010-01-01T01:23:55Z</time>
    </trkpt>
    <trkpt lat="31.939531" lon="34.994754">
      <ele>218.4</ele>
      <time>2010-01-01T01:23:56Z</time>
    </trkpt>
    <trkpt lat="31.939492" lon="34.99476">
      <ele>218.6</ele>
      <time>2010-01-01T01:23:58Z</time>
    </trkpt>
    <trkpt lat="31.939463" lon="34.994762">
      <ele>218.8</ele>
      <time>2010-01-01T01:23:59Z</time>
    </trkpt>
    <trkpt lat="31.939437" lon="34.994769">
      <ele>218.9</ele>
      <time>2010-01-01T01:24:00Z</time>
    </trkpt>
    <trkpt lat="31.939409" lon="34.994778">
      <ele>219.0</ele>
      <time>2010-01-01T01:24:01Z</time>
    </trkpt>
    <trkpt lat="31.939382" lon="34.994784">
      <ele>219.1</ele>
      <time>2010-01-01T01:24:02Z</time>
    </trkpt>
    <trkpt lat="31.939351" lon="34.994791">
      <ele>219.2</ele>
      <time>2010-01-01T01:24:03Z</time>
    </trkpt>
    <trkpt lat="31.93932" lon="34.994795">
      <ele>219.4</ele>
      <time>2010-01-01T01:24:05Z</time>
    </trkpt>
    <trkpt lat="31.939291" lon="34.994799">
      <ele>219.6</ele>
      <time>2010-01-01T01:24:06Z</time>
    </trkpt>
    <trkpt lat="31.939263" lon="34.994809">
      <ele>219.7</ele>
      <time>2010-01-01T01:24:07Z</time>
    </trkpt>
    <trkpt lat="31.939231" lon="34.994823">
      <ele>219.8</ele>
      <time>2010-01-01T01:24:08Z</time>
    </trkpt>
    <trkpt lat="31.939198" lon="34.994835">
      <ele>220.0</ele>
      <time>2010-01-01T01:24:10Z</time>
    </trkpt>
    <trkpt lat="31.939161" lon="34.99485">
      <ele>220.2</ele>
      <time>2010-01-01T01:24:11Z</time>
    </trkpt>
    <trkpt lat="31.939129" lon="34.994867">
      <ele>220.4</ele>
      <time>2010-01-01T01:24:13Z</time>
    </trkpt>
    <trkpt lat="31.939098" lon="34.994889">
      <ele>220.6</ele>
      <time>2010-01-01T01:24:14Z</time>
    </trkpt>
    <trkpt lat="31.939065" lon="34.994917">
      <ele>220.9</ele>
      <time>2010-01-01T01:24:16Z</time>
    </trkpt>
    <trkpt lat="31.939034" lon="34.994945">
      <ele>221.1</ele>
      <time>2010-01-01T01:24:17Z</time>
    </trkpt>
    <trkpt lat="31.939008" lon="34.994969">
      <ele>221.4</ele>
      <time>2010-01-01T01:24:19Z</time>
    </trkpt>
    <trkpt lat="31.938983" lon="34.994999">
      <ele>221.6</ele>
      <time>2010-01-01T01:24:20Z</time>
    </trkpt>
    <trkpt lat="31.938963" lon="34.99503">
      <ele>221.9</ele>
      <time>2010-01-01T01:24:21Z</time>
    </trkpt>
    <trkpt lat="31.938945" lon="34.995064">
      <ele>222.1</ele>
      <time>2010-01-01T01:24:23Z</time>
    </trkpt>
    <trkpt lat="31.938935" lon="34.995098">
      <ele>222.2</ele>
      <time>2010-01-01T01:24:24Z</time>
    </trkpt>
    <trkpt lat="31.93893" lon="34.995137">
      <ele>222.4</ele>
      <time>2010-01-01T01:24:25Z</time>
    </trkpt>
    <trkpt lat="31.938909" lon="34.995174">
      <ele>222.7</ele>
      <time>2010-01-01T01:24:27Z</time>
    </trkpt>
    <trkpt lat="31.938899" lon="34.995211">
      <ele>222.9</ele>
      <time>2010-01-01T01:24:28Z</time>
    </trkpt>
    <trkpt lat="31.93889" lon="34.995255">
      <ele>223.1</ele>
      <time>2010-01-01T01:24:30Z</time>
    </trkpt>
    <trkpt lat="31.938873" lon="34.995305">
      <ele>223.5</ele>
      <time>2010-01-01T01:24:32Z</time>
    </trkpt>
    <trkpt lat="31.938856" lon="34.995359">
      <ele>223.9</ele>
      <time>2010-01-01T01:24:34Z</time>
    </trkpt>
    <trkpt lat="31.938841" lon="34.99542">
      <ele>224.3</ele>
      <time>2010-01-01T01:24:36Z</time>
    </trkpt>
    <trkpt lat="31.938824" lon="34.995488">
      <ele>223.2</ele>
      <time>2010-01-01T01:24:38Z</time>
    </trkpt>
    <trkpt lat="31.938804" lon="34.99556">
      <ele>222.1</ele>
      <time>2010-01-01T01:24:41Z</time>
    </trkpt>
    <trkpt lat="31.938775" lon="34.995625">
      <ele>221.3</ele>
      <time>2010-01-01T01:24:43Z</time>
    </trkpt>
    <trkpt lat="31.938726" lon="34.995689">
      <ele>220.6</ele>
      <time>2010-01-01T01:24:46Z</time>
    </trkpt>
    <trkpt lat="31.938679" lon="34.995731">
      <ele>220.1</ele>
      <time>2010-01-01T01:24:48Z</time>
    </trkpt>
    <trkpt lat="31.938632" lon="34.995772">
      <ele>219.6</ele>
      <time>2010-01-01T01:24:51Z</time>
    </trkpt>
    <trkpt lat="31.93858" lon="34.995804">
      <ele>219.4</ele>
      <time>2010-01-01T01:24:53Z</time>
    </trkpt>
    <trkpt lat="31.93853" lon="34.995814">
      <ele>219.6</ele>
      <time>2010-01-01T01:24:55Z</time>
    </trkpt>
    <trkpt lat="31.938479" lon="34.99583">
      <ele>219.7</ele>
      <time>2010-01-01T01:24:57Z</time>
    </trkpt>
    <trkpt lat="31.938438" lon="34.995844">
      <ele>219.7</ele>
      <time>2010-01-01T01:24:59Z</time>
    </trkpt>
    <trkpt lat="31.938393" lon="34.995852">
      <ele>220.0</ele>
      <time>2010-01-01T01:25:01Z</time>
    </trkpt>
    <trkpt lat="31.938359" lon="34.995856">
      <ele>220.2</ele>
      <time>2010-01-01T01:25:02Z</time>
    </trkpt>
    <trkpt lat="31.938328" lon="34.995862">
      <ele>220.3</ele>
      <time>2010-01-01T01:25:03Z</time>
    </trkpt>
    <trkpt lat="31.938301" lon="34.995863">
      <ele>220.5</ele>
      <time>2010-01-01T01:25:05Z</time>
    </trkpt>
    <trkpt lat="31.938256" lon="34.995855">
      <ele>221.0</ele>
      <time>2010-01-01T01:25:06Z</time>
    </trkpt>
    <trkpt lat="31.938217" lon="34.995861">
      <ele>221.2</ele>
      <time>2010-01-01T01:25:08Z</time>
    </trkpt>
    <trkpt lat="31.938184" lon="34.995869">
      <ele>221.3</ele>
      <time>2010-01-01T01:25:09Z</time>
    </trkpt>
    <trkpt lat="31.938154" lon="34.995883">
      <ele>221.3</ele>
      <time>2010-01-01T01:25:11Z</time>
    </trkpt>
    <trkpt lat="31.938126" lon="34.995894">
      <ele>221.4</ele>
      <time>2010-01-01T01:25:12Z</time>
    </trkpt>
    <trkpt lat="31.938095" lon="34.995911">
      <ele>221.4</ele>
      <time>2010-01-01T01:25:13Z</time>
    </trkpt>
    <trkpt lat="31.938064" lon="34.99592">
      <ele>221.5</ele>
      <time>2010-01-01T01:25:14Z</time>
    </trkpt>
    <trkpt lat="31.938027" lon="34.995928">
      <ele>221.7</ele>
      <time>2010-01-01T01:25:16Z</time>
    </trkpt>
    <trkpt lat="31.937992" lon="34.995944">
      <ele>221.8</ele>
      <time>2010-01-01T01:25:17Z</time>
    </trkpt>
    <trkpt lat="31.93796" lon="34.995952">
      <ele>221.9</ele>
      <time>2010-01-01T01:25:19Z</time>
    </trkpt>
    <trkpt lat="31.93792" lon="34.995965">
      <ele>222.1</ele>
      <time>2010-01-01T01:25:20Z</time>
    </trkpt>
    <trkpt lat="31.937881" lon="34.995975">
      <ele>222.0</ele>
      <time>2010-01-01T01:25:22Z</time>
    </trkpt>
    <trkpt lat="31.93784" lon="34.995985">
      <ele>222.0</ele>
      <time>2010-01-01T01:25:24Z</time>
    </trkpt>
    <trkpt lat="31.937797" lon="34.995989">
      <ele>222.0</ele>
      <time>2010-01-01T01:25:25Z</time>
    </trkpt>
    <trkpt lat="31.937757" lon="34.996001">
      <ele>222.0</ele>
      <time>2010-01-01T01:25:27Z</time>
    </trkpt>
    <trkpt lat="31.93772" lon="34.996029">
      <ele>221.7</ele>
      <time>2010-01-01T01:25:29Z</time>
    </trkpt>
    <trkpt lat="31.937685" lon="34.996043">
      <ele>221.5</ele>
      <time>2010-01-01T01:25:30Z</time>
    </trkpt>
    <trkpt lat="31.937641" lon="34.996059">
      <ele>221.4</ele>
      <time>2010-01-01T01:25:32Z</time>
    </trkpt>
    <trkpt lat="31.937572" lon="34.996084">
      <ele>221.2</ele>
      <time>2010-01-01T01:25:35Z</time>
    </trkpt>
    <trkpt lat="31.93752" lon="34.996106">
      <ele>221.0</ele>
      <time>2010-01-01T01:25:37Z</time>
    </trkpt>
    <trkpt lat="31.937462" lon="34.996128">
      <ele>220.8</ele>
      <time>2010-01-01T01:25:40Z</time>
    </trkpt>
    <trkpt lat="31.937384" lon="34.996136">
      <ele>220.9</ele>
      <time>2010-01-01T01:25:43Z</time>
    </trkpt>
    <trkpt lat="31.937311" lon="34.996149">
      <ele>220.9</ele>
      <time>2010-01-01T01:25:46Z</time>
    </trkpt>
    <trkpt lat="31.937242" lon="34.996164">
      <ele>220.9</ele>
      <time>2010-01-01T01:25:49Z</time>
    </trkpt>
    <trkpt lat="31.937175" lon="34.996178">
      <ele>220.8</ele>
      <time>2010-01-01T01:25:51Z</time>
    </trkpt>
    <trkpt lat="31.937104" lon="34.996183">
      <ele>220.9</ele>
      <time>2010-01-01T01:25:54Z</time>
    </trkpt>
    <trkpt lat="31.937041" lon="34.996196">
      <ele>220.7</ele>
      <time>2010-01-01T01:25:57Z</time>
    </trkpt>
    <trkpt lat="31.93699" lon="34.996219">
      <ele>220.2</ele>
      <time>2010-01-01T01:25:59Z</time>
    </trkpt>
    <trkpt lat="31.93693" lon="34.996235">
      <ele>219.9</ele>
      <time>2010-01-01T01:26:01Z</time>
    </trkpt>
    <trkpt lat="31.936864" lon="34.996236">
      <ele>219.7</ele>
      <time>2010-01-01T01:26:04Z</time>
    </trkpt>
    <trkpt lat="31.936816" lon="34.996231">
      <ele>219.7</ele>
      <time>2010-01-01T01:26:06Z</time>
    </trkpt>
    <trkpt lat="31.936766" lon="34.996232">
      <ele>219.5</ele>
      <time>2010-01-01T01:26:08Z</time>
    </trkpt>
    <trkpt lat="31.936713" lon="34.996239">
      <ele>219.3</ele>
      <time>2010-01-01T01:26:10Z</time>
    </trkpt>
    <trkpt lat="31.936665" lon="34.996253">
      <ele>218.9</ele>
      <time>2010-01-01T01:26:12Z</time>
    </trkpt>
    <trkpt lat="31.93662" lon="34.996251">
      <ele>218.9</ele>
      <time>2010-01-01T01:26:14Z</time>
    </trkpt>
    <trkpt lat="31.936573" lon="34.996256">
      <ele>218.6</ele>
      <time>2010-01-01T01:26:16Z</time>
    </trkpt>
    <trkpt lat="31.93652" lon="34.996267">
      <ele>218.2</ele>
      <time>2010-01-01T01:26:18Z</time>
    </trkpt>
    <trkpt lat="31.936465" lon="34.996272">
      <ele>218.0</ele>
      <time>2010-01-01T01:26:20Z</time>
    </trkpt>
    <trkpt lat="31.936404" lon="34.996269">
      <ele>217.9</ele>
      <time>2010-01-01T01:26:23Z</time>
    </trkpt>
    <trkpt lat="31.936348" lon="34.996244">
      <ele>218.4</ele>
      <time>2010-01-01T01:26:25Z</time>
    </trkpt>
    <trkpt lat="31.936301" lon="34.996235">
      <ele>218.4</ele>
      <time>2010-01-01T01:26:27Z</time>
    </trkpt>
    <trkpt lat="31.936257" lon="34.99622">
      <ele>218.6</ele>
      <time>2010-01-01T01:26:29Z</time>
    </trkpt>
    <trkpt lat="31.936213" lon="34.996209">
      <ele>218.9</ele>
      <time>2010-01-01T01:26:30Z</time>
    </trkpt>
    <trkpt lat="31.936181" lon="34.996192">
      <ele>219.3</ele>
      <time>2010-01-01T01:26:32Z</time>
    </trkpt>
    <trkpt lat="31.936148" lon="34.996172">
      <ele>219.7</ele>
      <time>2010-01-01T01:26:33Z</time>
    </trkpt>
    <trkpt lat="31.936121" lon="34.996163">
      <ele>220.0</ele>
      <time>2010-01-01T01:26:35Z</time>
    </trkpt>
    <trkpt lat="31.936074" lon="34.996146">
      <ele>220.4</ele>
      <time>2010-01-01T01:26:36Z</time>
    </trkpt>
    <trkpt lat="31.93604" lon="34.996134">
      <ele>220.7</ele>
      <time>2010-01-01T01:26:38Z</time>
    </trkpt>
    <trkpt lat="31.936002" lon="34.996107">
      <ele>221.4</ele>
      <time>2010-01-01T01:26:40Z</time>
    </trkpt>
    <trkpt lat="31.935972" lon="34.996101">
      <ele>221.6</ele>
      <time>2010-01-01T01:26:41Z</time>
    </trkpt>
    <trkpt lat="31.935928" lon="34.996096">
      <ele>221.7</ele>
      <time>2010-01-01T01:26:43Z</time>
    </trkpt>
    <trkpt lat="31.935888" lon="34.996095">
      <ele>221.8</ele>
      <time>2010-01-01T01:26:44Z</time>
    </trkpt>
    <trkpt lat="31.935844" lon="34.996095">
      <ele>221.9</ele>
      <time>2010-01-01T01:26:46Z</time>
    </trkpt>
    <trkpt lat="31.935809" lon="34.996092">
      <ele>222.1</ele>
      <time>2010-01-01T01:26:47Z</time>
    </trkpt>
    <trkpt lat="31.935764" lon="34.996093">
      <ele>222.1</ele>
      <time>2010-01-01T01:26:49Z</time>
    </trkpt>
    <trkpt lat="31.935713" lon="34.996097">
      <ele>222.1</ele>
      <time>2010-01-01T01:26:51Z</time>
    </trkpt>
    <trkpt lat="31.935666" lon="34.99611">
      <ele>221.9</ele>
      <time>2010-01-01T01:26:53Z</time>
    </trkpt>
    <trkpt lat="31.935616" lon="34.996123">
      <ele>221.7</ele>
      <time>2010-01-01T01:26:55Z</time>
    </trkpt>
    <trkpt lat="31.935568" lon="34.996146">
      <ele>221.2</ele>
      <time>2010-01-01T01:26:57Z</time>
    </trkpt>
    <trkpt lat="31.935511" lon="34.996163">
      <ele>220.9</ele>
      <time>2010-01-01T01:27:00Z</time>
    </trkpt>
    <trkpt lat="31.935454" lon="34.996177">
      <ele>220.7</ele>
      <time>2010-01-01T01:27:02Z</time>
    </trkpt>
    <trkpt lat="31.935391" lon="34.996195">
      <ele>220.6</ele>
      <time>2010-01-01T01:27:05Z</time>
    </trkpt>
    <trkpt lat="31.935334" lon="34.996222">
      <ele>220.5</ele>
      <time>2010-01-01T01:27:07Z</time>
    </trkpt>
    <trkpt lat="31.935275" lon="34.996245">
      <ele>220.6</ele>
      <time>2010-01-01T01:27:10Z</time>
    </trkpt>
    <trkpt lat="31.935214" lon="34.996273">
      <ele>220.8</ele>
      <time>2010-01-01T01:27:12Z</time>
    </trkpt>
    <trkpt lat="31.935154" lon="34.996302">
      <ele>220.8</ele>
      <time>2010-01-01T01:27:15Z</time>
    </trkpt>
    <trkpt lat="31.935096" lon="34.996341">
      <ele>220.7</ele>
      <time>2010-01-01T01:27:17Z</time>
    </trkpt>
    <trkpt lat="31.935033" lon="34.996373">
      <ele>220.7</ele>
      <time>2010-01-01T01:27:20Z</time>
    </trkpt>
    <trkpt lat="31.934973" lon="34.996409">
      <ele>220.6</ele>
      <time>2010-01-01T01:27:23Z</time>
    </trkpt>
    <trkpt lat="31.934912" lon="34.996452">
      <ele>220.4</ele>
      <time>2010-01-01T01:27:26Z</time>
    </trkpt>
    <trkpt lat="31.934854" lon="34.996489">
      <ele>220.2</ele>
      <time>2010-01-01T01:27:28Z</time>
    </trkpt>
    <trkpt lat="31.934807" lon="34.996533">
      <ele>219.7</ele>
      <time>2010-01-01T01:27:31Z</time>
    </trkpt>
    <trkpt lat="31.934753" lon="34.996577">
      <ele>219.3</ele>
      <time>2010-01-01T01:27:33Z</time>
    </trkpt>
    <trkpt lat="31.934699" lon="34.996612">
      <ele>219.1</ele>
      <time>2010-01-01T01:27:36Z</time>
    </trkpt>
    <trkpt lat="31.934651" lon="34.996647">
      <ele>218.8</ele>
      <time>2010-01-01T01:27:38Z</time>
    </trkpt>
    <trkpt lat="31.93461" lon="34.996678">
      <ele>218.5</ele>
      <time>2010-01-01T01:27:40Z</time>
    </trkpt>
    <trkpt lat="31.934571" lon="34.996698">
      <ele>218.4</ele>
      <time>2010-01-01T01:27:42Z</time>
    </trkpt>
    <trkpt lat="31.934535" lon="34.996718">
      <ele>218.3</ele>
      <time>2010-01-01T01:27:43Z</time>
    </trkpt>
    <trkpt lat="31.934506" lon="34.99673">
      <ele>218.2</ele>
      <time>2010-01-01T01:27:45Z</time>
    </trkpt>
    <trkpt lat="31.934472" lon="34.996735">
      <ele>218.4</ele>
      <time>2010-01-01T01:27:46Z</time>
    </trkpt>
    <trkpt lat="31.934444" lon="34.996734">
      <ele>218.6</ele>
      <time>2010-01-01T01:27:47Z</time>
    </trkpt>
    <trkpt lat="31.934387" lon="34.996754">
      <ele>218.7</ele>
      <time>2010-01-01T01:27:49Z</time>
    </trkpt>
    <trkpt lat="31.934364" lon="34.996774">
      <ele>218.6</ele>
      <time>2010-01-01T01:27:51Z</time>
    </trkpt>
    <trkpt lat="31.934338" lon="34.996793">
      <ele>218.5</ele>
      <time>2010-01-01T01:27:52Z</time>
    </trkpt>
    <trkpt lat="31.934314" lon="34.996811">
      <ele>218.4</ele>
      <time>2010-01-01T01:27:53Z</time>
    </trkpt>
    <trkpt lat="31.934279" lon="34.996862">
      <ele>217.9</ele>
      <time>2010-01-01T01:27:55Z</time>
    </trkpt>
    <trkpt lat="31.934265" lon="34.996891">
      <ele>217.6</ele>
      <time>2010-01-01T01:27:56Z</time>
    </trkpt>
    <trkpt lat="31.934255" lon="34.996933">
      <ele>217.1</ele>
      <time>2010-01-01T01:27:58Z</time>
    </trkpt>
    <trkpt lat="31.934248" lon="34.996967">
      <ele>216.6</ele>
      <time>2010-01-01T01:27:59Z</time>
    </trkpt>
    <trkpt lat="31.934239" lon="34.99701">
      <ele>216.1</ele>
      <time>2010-01-01T01:28:01Z</time>
    </trkpt>
    <trkpt lat="31.934237" lon="34.997056">
      <ele>215.4</ele>
      <time>2010-01-01T01:28:02Z</time>
    </trkpt>
    <trkpt lat="31.93423" lon="34.997101">
      <ele>215.0</ele>
      <time>2010-01-01T01:28:04Z</time>
    </trkpt>
    <trkpt lat="31.934219" lon="34.997148">
      <ele>214.8</ele>
      <time>2010-01-01T01:28:05Z</time>
    </trkpt>
    <trkpt lat="31.934198" lon="34.997201">
      <ele>214.8</ele>
      <time>2010-01-01T01:28:07Z</time>
    </trkpt>
    <trkpt lat="31.93418" lon="34.997251">
      <ele>214.8</ele>
      <time>2010-01-01T01:28:09Z</time>
    </trkpt>
    <trkpt lat="31.934148" lon="34.997288">
      <ele>215.1</ele>
      <time>2010-01-01T01:28:11Z</time>
    </trkpt>
    <trkpt lat="31.934115" lon="34.997345">
      <ele>215.3</ele>
      <time>2010-01-01T01:28:13Z</time>
    </trkpt>
    <trkpt lat="31.934085" lon="34.997414">
      <ele>215.4</ele>
      <time>2010-01-01T01:28:16Z</time>
    </trkpt>
    <trkpt lat="31.93405" lon="34.997481">
      <ele>215.7</ele>
      <time>2010-01-01T01:28:19Z</time>
    </trkpt>
    <trkpt lat="31.934023" lon="34.997534">
      <ele>215.9</ele>
      <time>2010-01-01T01:28:21Z</time>
    </trkpt>
    <trkpt lat="31.934007" lon="34.997586">
      <ele>216.0</ele>
      <time>2010-01-01T01:28:23Z</time>
    </trkpt>
    <trkpt lat="31.933982" lon="34.997633">
      <ele>216.2</ele>
      <time>2010-01-01T01:28:24Z</time>
    </trkpt>
    <trkpt lat="31.933958" lon="34.997684">
      <ele>216.5</ele>
      <time>2010-01-01T01:28:26Z</time>
    </trkpt>
    <trkpt lat="31.933925" lon="34.997729">
      <ele>217.0</ele>
      <time>2010-01-01T01:28:28Z</time>
    </trkpt>
    <trkpt lat="31.933889" lon="34.997768">
      <ele>217.5</ele>
      <time>2010-01-01T01:28:30Z</time>
    </trkpt>
    <trkpt lat="31.933847" lon="34.997803">
      <ele>218.3</ele>
      <time>2010-01-01T01:28:32Z</time>
    </trkpt>
    <trkpt lat="31.933813" lon="34.997834">
      <ele>218.9</ele>
      <time>2010-01-01T01:28:34Z</time>
    </trkpt>
    <trkpt lat="31.933781" lon="34.997874">
      <ele>219.4</ele>
      <time>2010-01-01T01:28:36Z</time>
    </trkpt>
    <trkpt lat="31.933747" lon="34.99791">
      <ele>220.1</ele>
      <time>2010-01-01T01:28:38Z</time>
    </trkpt>
    <trkpt lat="31.933711" lon="34.997949">
      <ele>220.2</ele>
      <time>2010-01-01T01:28:40Z</time>
    </trkpt>
    <trkpt lat="31.933687" lon="34.997978">
      <ele>220.2</ele>
      <time>2010-01-01T01:28:41Z</time>
    </trkpt>
    <trkpt lat="31.933658" lon="34.998013">
      <ele>220.2</ele>
      <time>2010-01-01T01:28:43Z</time>
    </trkpt>
    <trkpt lat="31.933629" lon="34.998051">
      <ele>220.1</ele>
      <time>2010-01-01T01:28:45Z</time>
    </trkpt>
    <trkpt lat="31.933604" lon="34.99809">
      <ele>220.0</ele>
      <time>2010-01-01T01:28:46Z</time>
    </trkpt>
    <trkpt lat="31.933581" lon="34.998121">
      <ele>220.0</ele>
      <time>2010-01-01T01:28:48Z</time>
    </trkpt>
    <trkpt lat="31.933555" lon="34.998156">
      <ele>220.0</ele>
      <time>2010-01-01T01:28:49Z</time>
    </trkpt>
    <trkpt lat="31.933537" lon="34.998189">
      <ele>219.8</ele>
      <time>2010-01-01T01:28:51Z</time>
    </trkpt>
    <trkpt lat="31.933518" lon="34.998223">
      <ele>219.7</ele>
      <time>2010-01-01T01:28:52Z</time>
    </trkpt>
    <trkpt lat="31.933499" lon="34.998248">
      <ele>219.7</ele>
      <time>2010-01-01T01:28:53Z</time>
    </trkpt>
    <trkpt lat="31.933486" lon="34.998279">
      <ele>219.5</ele>
      <time>2010-01-01T01:28:54Z</time>
    </trkpt>
    <trkpt lat="31.933466" lon="34.99832">
      <ele>219.3</ele>
      <time>2010-01-01T01:28:56Z</time>
    </trkpt>
    <trkpt lat="31.933442" lon="34.998346">
      <ele>219.3</ele>
      <time>2010-01-01T01:28:57Z</time>
    </trkpt>
    <trkpt lat="31.933405" lon="34.998382">
      <ele>219.5</ele>
      <time>2010-01-01T01:28:59Z</time>
    </trkpt>
    <trkpt lat="31.933375" lon="34.998417">
      <ele>219.5</ele>
      <time>2010-01-01T01:29:01Z</time>
    </trkpt>
    <trkpt lat="31.933345" lon="34.998453">
      <ele>219.6</ele>
      <time>2010-01-01T01:29:03Z</time>
    </trkpt>
    <trkpt lat="31.933304" lon="34.998494">
      <ele>219.7</ele>
      <time>2010-01-01T01:29:05Z</time>
    </trkpt>
    <trkpt lat="31.933282" lon="34.998517">
      <ele>219.8</ele>
      <time>2010-01-01T01:29:06Z</time>
    </trkpt>
    <trkpt lat="31.933256" lon="34.99855">
      <ele>219.8</ele>
      <time>2010-01-01T01:29:07Z</time>
    </trkpt>
    <trkpt lat="31.933233" lon="34.998587">
      <ele>219.7</ele>
      <time>2010-01-01T01:29:09Z</time>
    </trkpt>
    <trkpt lat="31.933203" lon="34.998618">
      <ele>219.8</ele>
      <time>2010-01-01T01:29:11Z</time>
    </trkpt>
    <trkpt lat="31.933177" lon="34.99864">
      <ele>220.0</ele>
      <time>2010-01-01T01:29:12Z</time>
    </trkpt>
    <trkpt lat="31.933144" lon="34.99866">
      <ele>220.3</ele>
      <time>2010-01-01T01:29:13Z</time>
    </trkpt>
    <trkpt lat="31.933118" lon="34.998691">
      <ele>220.3</ele>
      <time>2010-01-01T01:29:15Z</time>
    </trkpt>
    <trkpt lat="31.933082" lon="34.998707">
      <ele>220.7</ele>
      <time>2010-01-01T01:29:16Z</time>
    </trkpt>
    <trkpt lat="31.93303" lon="34.998741">
      <ele>221.2</ele>
      <time>2010-01-01T01:29:19Z</time>
    </trkpt>
    <trkpt lat="31.933004" lon="34.998758">
      <ele>221.4</ele>
      <time>2010-01-01T01:29:20Z</time>
    </trkpt>
    <trkpt lat="31.932975" lon="34.998771">
      <ele>221.5</ele>
      <time>2010-01-01T01:29:21Z</time>
    </trkpt>
    <trkpt lat="31.932947" lon="34.998787">
      <ele>221.6</ele>
      <time>2010-01-01T01:29:22Z</time>
    </trkpt>
    <trkpt lat="31.932919" lon="34.998802">
      <ele>221.8</ele>
      <time>2010-01-01T01:29:24Z</time>
    </trkpt>
    <trkpt lat="31.93287" lon="34.998839">
      <ele>221.5</ele>
      <time>2010-01-01T01:29:26Z</time>
    </trkpt>
    <trkpt lat="31.932841" lon="34.998872">
      <ele>221.1</ele>
      <time>2010-01-01T01:29:28Z</time>
    </trkpt>
    <trkpt lat="31.932814" lon="34.998904">
      <ele>220.8</ele>
      <time>2010-01-01T01:29:29Z</time>
    </trkpt>
    <trkpt lat="31.932787" lon="34.998929">
      <ele>220.6</ele>
      <time>2010-01-01T01:29:30Z</time>
    </trkpt>
    <trkpt lat="31.932761" lon="34.998948">
      <ele>220.5</ele>
      <time>2010-01-01T01:29:32Z</time>
    </trkpt>
    <trkpt lat="31.932735" lon="34.998968">
      <ele>220.4</ele>
      <time>2010-01-01T01:29:33Z</time>
    </trkpt>
    <trkpt lat="31.932695" lon="34.999004">
      <ele>220.3</ele>
      <time>2010-01-01T01:29:35Z</time>
    </trkpt>
    <trkpt lat="31.932668" lon="34.999022">
      <ele>220.3</ele>
      <time>2010-01-01T01:29:36Z</time>
    </trkpt>
    <trkpt lat="31.93264" lon="34.999038">
      <ele>220.3</ele>
      <time>2010-01-01T01:29:37Z</time>
    </trkpt>
    <trkpt lat="31.932613" lon="34.99906">
      <ele>220.3</ele>
      <time>2010-01-01T01:29:39Z</time>
    </trkpt>
    <trkpt lat="31.932579" lon="34.999074">
      <ele>220.5</ele>
      <time>2010-01-01T01:29:40Z</time>
    </trkpt>
    <trkpt lat="31.93255" lon="34.999084">
      <ele>220.8</ele>
      <time>2010-01-01T01:29:41Z</time>
    </trkpt>
    <trkpt lat="31.932515" lon="34.999086">
      <ele>221.2</ele>
      <time>2010-01-01T01:29:43Z</time>
    </trkpt>
    <trkpt lat="31.932458" lon="34.999117">
      <ele>221.5</ele>
      <time>2010-01-01T01:29:45Z</time>
    </trkpt>
    <trkpt lat="31.932425" lon="34.999133">
      <ele>221.7</ele>
      <time>2010-01-01T01:29:47Z</time>
    </trkpt>
    <trkpt lat="31.932378" lon="34.999158">
      <ele>222.0</ele>
      <time>2010-01-01T01:29:49Z</time>
    </trkpt>
    <trkpt lat="31.932336" lon="34.999185">
      <ele>222.3</ele>
      <time>2010-01-01T01:29:51Z</time>
    </trkpt>
    <trkpt lat="31.932293" lon="34.999216">
      <ele>222.5</ele>
      <time>2010-01-01T01:29:53Z</time>
    </trkpt>
    <trkpt lat="31.932246" lon="34.999242">
      <ele>222.8</ele>
      <time>2010-01-01T01:29:55Z</time>
    </trkpt>
    <trkpt lat="31.932198" lon="34.999257">
      <ele>223.4</ele>
      <time>2010-01-01T01:29:57Z</time>
    </trkpt>
    <trkpt lat="31.932156" lon="34.999277">
      <ele>223.8</ele>
      <time>2010-01-01T01:29:59Z</time>
    </trkpt>
    <trkpt lat="31.932114" lon="34.999304">
      <ele>224.2</ele>
      <time>2010-01-01T01:30:01Z</time>
    </trkpt>
    <trkpt lat="31.932075" lon="34.999322">
      <ele>224.5</ele>
      <time>2010-01-01T01:30:02Z</time>
    </trkpt>
    <trkpt lat="31.93204" lon="34.999341">
      <ele>224.6</ele>
      <time>2010-01-01T01:30:04Z</time>
    </trkpt>
    <trkpt lat="31.932005" lon="34.999368">
      <ele>224.7</ele>
      <time>2010-01-01T01:30:05Z</time>
    </trkpt>
    <trkpt lat="31.931968" lon="34.999385">
      <ele>224.8</ele>
      <time>2010-01-01T01:30:07Z</time>
    </trkpt>
    <trkpt lat="31.931936" lon="34.999408">
      <ele>224.9</ele>
      <time>2010-01-01T01:30:09Z</time>
    </trkpt>
    <trkpt lat="31.931903" lon="34.999438">
      <ele>225.0</ele>
      <time>2010-01-01T01:30:10Z</time>
    </trkpt>
    <trkpt lat="31.931875" lon="34.999463">
      <ele>225.0</ele>
      <time>2010-01-01T01:30:12Z</time>
    </trkpt>
    <trkpt lat="31.93185" lon="34.999503">
      <ele>224.9</ele>
      <time>2010-01-01T01:30:13Z</time>
    </trkpt>
    <trkpt lat="31.931821" lon="34.999542">
      <ele>224.9</ele>
      <time>2010-01-01T01:30:15Z</time>
    </trkpt>
    <trkpt lat="31.931798" lon="34.999581">
      <ele>224.8</ele>
      <time>2010-01-01T01:30:17Z</time>
    </trkpt>
    <trkpt lat="31.931773" lon="34.999616">
      <ele>224.4</ele>
      <time>2010-01-01T01:30:18Z</time>
    </trkpt>
    <trkpt lat="31.931748" lon="34.999641">
      <ele>224.2</ele>
      <time>2010-01-01T01:30:20Z</time>
    </trkpt>
    <trkpt lat="31.931724" lon="34.999673">
      <ele>223.8</ele>
      <time>2010-01-01T01:30:21Z</time>
    </trkpt>
    <trkpt lat="31.931699" lon="34.999707">
      <ele>223.4</ele>
      <time>2010-01-01T01:30:22Z</time>
    </trkpt>
    <trkpt lat="31.931677" lon="34.99974">
      <ele>223.1</ele>
      <time>2010-01-01T01:30:24Z</time>
    </trkpt>
    <trkpt lat="31.931656" lon="34.999781">
      <ele>222.5</ele>
      <time>2010-01-01T01:30:26Z</time>
    </trkpt>
    <trkpt lat="31.93164" lon="34.999816">
      <ele>222.0</ele>
      <time>2010-01-01T01:30:27Z</time>
    </trkpt>
    <trkpt lat="31.931617" lon="34.99985">
      <ele>221.7</ele>
      <time>2010-01-01T01:30:28Z</time>
    </trkpt>
    <trkpt lat="31.931587" lon="34.999877">
      <ele>221.6</ele>
      <time>2010-01-01T01:30:30Z</time>
    </trkpt>
    <trkpt lat="31.931551" lon="34.999899">
      <ele>221.7</ele>
      <time>2010-01-01T01:30:32Z</time>
    </trkpt>
    <trkpt lat="31.931521" lon="34.999925">
      <ele>221.6</ele>
      <time>2010-01-01T01:30:33Z</time>
    </trkpt>
    <trkpt lat="31.931499" lon="34.999961">
      <ele>221.2</ele>
      <time>2010-01-01T01:30:34Z</time>
    </trkpt>
    <trkpt lat="31.931476" lon="34.999995">
      <ele>220.9</ele>
      <time>2010-01-01T01:30:36Z</time>
    </trkpt>
    <trkpt lat="31.931455" lon="35.000023">
      <ele>220.7</ele>
      <time>2010-01-01T01:30:37Z</time>
    </trkpt>
    <trkpt lat="31.931436" lon="35.000047">
      <ele>220.6</ele>
      <time>2010-01-01T01:30:38Z</time>
    </trkpt>
    <trkpt lat="31.931403" lon="35.00006">
      <ele>220.9</ele>
      <time>2010-01-01T01:30:40Z</time>
    </trkpt>
    <trkpt lat="31.931378" lon="35.000076">
      <ele>221.0</ele>
      <time>2010-01-01T01:30:41Z</time>
    </trkpt>
    <trkpt lat="31.931351" lon="35.000101">
      <ele>221.0</ele>
      <time>2010-01-01T01:30:42Z</time>
    </trkpt>
    <trkpt lat="31.931319" lon="35.000125">
      <ele>221.1</ele>
      <time>2010-01-01T01:30:44Z</time>
    </trkpt>
    <trkpt lat="31.931291" lon="35.000147">
      <ele>221.1</ele>
      <time>2010-01-01T01:30:45Z</time>
    </trkpt>
    <trkpt lat="31.931256" lon="35.00016">
      <ele>221.5</ele>
      <time>2010-01-01T01:30:47Z</time>
    </trkpt>
    <trkpt lat="31.931222" lon="35.000172">
      <ele>221.1</ele>
      <time>2010-01-01T01:30:48Z</time>
    </trkpt>
    <trkpt lat="31.931185" lon="35.000173">
      <ele>220.6</ele>
      <time>2010-01-01T01:30:50Z</time>
    </trkpt>
    <trkpt lat="31.931151" lon="35.00018">
      <ele>220.1</ele>
      <time>2010-01-01T01:30:51Z</time>
    </trkpt>
    <trkpt lat="31.931122" lon="35.000187">
      <ele>219.6</ele>
      <time>2010-01-01T01:30:52Z</time>
    </trkpt>
    <trkpt lat="31.931087" lon="35.000192">
      <ele>219.1</ele>
      <time>2010-01-01T01:30:53Z</time>
    </trkpt>
    <trkpt lat="31.931056" lon="35.000205">
      <ele>218.5</ele>
      <time>2010-01-01T01:30:55Z</time>
    </trkpt>
    <trkpt lat="31.931013" lon="35.000204">
      <ele>218.1</ele>
      <time>2010-01-01T01:30:57Z</time>
    </trkpt>
    <trkpt lat="31.930971" lon="35.000207">
      <ele>217.5</ele>
      <time>2010-01-01T01:30:58Z</time>
    </trkpt>
    <trkpt lat="31.930938" lon="35.00021">
      <ele>217.1</ele>
      <time>2010-01-01T01:31:00Z</time>
    </trkpt>
    <trkpt lat="31.930909" lon="35.000208">
      <ele>216.8</ele>
      <time>2010-01-01T01:31:01Z</time>
    </trkpt>
    <trkpt lat="31.93088" lon="35.000215">
      <ele>216.3</ele>
      <time>2010-01-01T01:31:02Z</time>
    </trkpt>
    <trkpt lat="31.930842" lon="35.000219">
      <ele>215.8</ele>
      <time>2010-01-01T01:31:03Z</time>
    </trkpt>
    <trkpt lat="31.930808" lon="35.000221">
      <ele>215.4</ele>
      <time>2010-01-01T01:31:05Z</time>
    </trkpt>
    <trkpt lat="31.930767" lon="35.000223">
      <ele>214.9</ele>
      <time>2010-01-01T01:31:06Z</time>
    </trkpt>
    <trkpt lat="31.930725" lon="35.000219">
      <ele>214.4</ele>
      <time>2010-01-01T01:31:08Z</time>
    </trkpt>
    <trkpt lat="31.930688" lon="35.000213">
      <ele>214.1</ele>
      <time>2010-01-01T01:31:10Z</time>
    </trkpt>
    <trkpt lat="31.93065" lon="35.000207">
      <ele>213.8</ele>
      <time>2010-01-01T01:31:11Z</time>
    </trkpt>
    <trkpt lat="31.930607" lon="35.000194">
      <ele>213.4</ele>
      <time>2010-01-01T01:31:13Z</time>
    </trkpt>
    <trkpt lat="31.930563" lon="35.000176">
      <ele>213.2</ele>
      <time>2010-01-01T01:31:15Z</time>
    </trkpt>
    <trkpt lat="31.930499" lon="35.000147">
      <ele>212.9</ele>
      <time>2010-01-01T01:31:18Z</time>
    </trkpt>
    <trkpt lat="31.930453" lon="35.00013">
      <ele>212.6</ele>
      <time>2010-01-01T01:31:19Z</time>
    </trkpt>
    <trkpt lat="31.930409" lon="35.000115">
      <ele>212.3</ele>
      <time>2010-01-01T01:31:21Z</time>
    </trkpt>
    <trkpt lat="31.930361" lon="35.000096">
      <ele>212.4</ele>
      <time>2010-01-01T01:31:23Z</time>
    </trkpt>
    <trkpt lat="31.930312" lon="35.000077">
      <ele>212.5</ele>
      <time>2010-01-01T01:31:25Z</time>
    </trkpt>
    <trkpt lat="31.930256" lon="35.000059">
      <ele>212.4</ele>
      <time>2010-01-01T01:31:28Z</time>
    </trkpt>
    <trkpt lat="31.930194" lon="35.000048">
      <ele>212.3</ele>
      <time>2010-01-01T01:31:30Z</time>
    </trkpt>
    <trkpt lat="31.930135" lon="35.000039">
      <ele>212.1</ele>
      <time>2010-01-01T01:31:33Z</time>
    </trkpt>
    <trkpt lat="31.93007" lon="35.000001">
      <ele>212.1</ele>
      <time>2010-01-01T01:31:35Z</time>
    </trkpt>
    <trkpt lat="31.929996" lon="34.999967">
      <ele>212.0</ele>
      <time>2010-01-01T01:31:39Z</time>
    </trkpt>
    <trkpt lat="31.929928" lon="34.99993">
      <ele>211.8</ele>
      <time>2010-01-01T01:31:42Z</time>
    </trkpt>
    <trkpt lat="31.92986" lon="34.999892">
      <ele>211.6</ele>
      <time>2010-01-01T01:31:45Z</time>
    </trkpt>
    <trkpt lat="31.929798" lon="34.999842">
      <ele>211.4</ele>
      <time>2010-01-01T01:31:48Z</time>
    </trkpt>
    <trkpt lat="31.929763" lon="34.999786">
      <ele>211.3</ele>
      <time>2010-01-01T01:31:50Z</time>
    </trkpt>
    <trkpt lat="31.929717" lon="34.999731">
      <ele>211.1</ele>
      <time>2010-01-01T01:31:53Z</time>
    </trkpt>
    <trkpt lat="31.929679" lon="34.999686">
      <ele>210.9</ele>
      <time>2010-01-01T01:31:55Z</time>
    </trkpt>
    <trkpt lat="31.929651" lon="34.999618">
      <ele>210.7</ele>
      <time>2010-01-01T01:31:57Z</time>
    </trkpt>
    <trkpt lat="31.929628" lon="34.999573">
      <ele>210.6</ele>
      <time>2010-01-01T01:31:59Z</time>
    </trkpt>
    <trkpt lat="31.929607" lon="34.999529">
      <ele>210.5</ele>
      <time>2010-01-01T01:32:01Z</time>
    </trkpt>
    <trkpt lat="31.929579" lon="34.999484">
      <ele>210.5</ele>
      <time>2010-01-01T01:32:03Z</time>
    </trkpt>
    <trkpt lat="31.929547" lon="34.999447">
      <ele>211.2</ele>
      <time>2010-01-01T01:32:05Z</time>
    </trkpt>
    <trkpt lat="31.92952" lon="34.999417">
      <ele>211.8</ele>
      <time>2010-01-01T01:32:06Z</time>
    </trkpt>
    <trkpt lat="31.929491" lon="34.999374">
      <ele>212.4</ele>
      <time>2010-01-01T01:32:08Z</time>
    </trkpt>
    <trkpt lat="31.929464" lon="34.999335">
      <ele>213.0</ele>
      <time>2010-01-01T01:32:10Z</time>
    </trkpt>
    <trkpt lat="31.929436" lon="34.9993">
      <ele>213.6</ele>
      <time>2010-01-01T01:32:11Z</time>
    </trkpt>
    <trkpt lat="31.929403" lon="34.999261">
      <ele>214.2</ele>
      <time>2010-01-01T01:32:13Z</time>
    </trkpt>
    <trkpt lat="31.929367" lon="34.99923">
      <ele>214.9</ele>
      <time>2010-01-01T01:32:15Z</time>
    </trkpt>
    <trkpt lat="31.929334" lon="34.999196">
      <ele>215.5</ele>
      <time>2010-01-01T01:32:17Z</time>
    </trkpt>
    <trkpt lat="31.929304" lon="34.999172">
      <ele>216.0</ele>
      <time>2010-01-01T01:32:18Z</time>
    </trkpt>
    <trkpt lat="31.929274" lon="34.999146">
      <ele>216.5</ele>
      <time>2010-01-01T01:32:20Z</time>
    </trkpt>
    <trkpt lat="31.929253" lon="34.999111">
      <ele>216.9</ele>
      <time>2010-01-01T01:32:21Z</time>
    </trkpt>
    <trkpt lat="31.929227" lon="34.999099">
      <ele>217.3</ele>
      <time>2010-01-01T01:32:22Z</time>
    </trkpt>
    <trkpt lat="31.929195" lon="34.999084">
      <ele>217.8</ele>
      <time>2010-01-01T01:32:24Z</time>
    </trkpt>
    <trkpt lat="31.929152" lon="34.999091">
      <ele>218.4</ele>
      <time>2010-01-01T01:32:25Z</time>
    </trkpt>
    <trkpt lat="31.929128" lon="34.999111">
      <ele>218.7</ele>
      <time>2010-01-01T01:32:27Z</time>
    </trkpt>
    <trkpt lat="31.929107" lon="34.999134">
      <ele>218.9</ele>
      <time>2010-01-01T01:32:28Z</time>
    </trkpt>
    <trkpt lat="31.929096" lon="34.999174">
      <ele>219.0</ele>
      <time>2010-01-01T01:32:29Z</time>
    </trkpt>
    <trkpt lat="31.929095" lon="34.999209">
      <ele>218.9</ele>
      <time>2010-01-01T01:32:30Z</time>
    </trkpt>
    <trkpt lat="31.929088" lon="34.999249">
      <ele>219.0</ele>
      <time>2010-01-01T01:32:32Z</time>
    </trkpt>
    <trkpt lat="31.929089" lon="34.999302">
      <ele>218.9</ele>
      <time>2010-01-01T01:32:33Z</time>
    </trkpt>
    <trkpt lat="31.929111" lon="34.999357">
      <ele>218.4</ele>
      <time>2010-01-01T01:32:36Z</time>
    </trkpt>
    <trkpt lat="31.92912" lon="34.999409">
      <ele>218.2</ele>
      <time>2010-01-01T01:32:37Z</time>
    </trkpt>
    <trkpt lat="31.929134" lon="34.999475">
      <ele>217.8</ele>
      <time>2010-01-01T01:32:40Z</time>
    </trkpt>
    <trkpt lat="31.92916" lon="34.999543">
      <ele>217.2</ele>
      <time>2010-01-01T01:32:42Z</time>
    </trkpt>
    <trkpt lat="31.929181" lon="34.999614">
      <ele>216.8</ele>
      <time>2010-01-01T01:32:45Z</time>
    </trkpt>
    <trkpt lat="31.929208" lon="34.999688">
      <ele>216.3</ele>
      <time>2010-01-01T01:32:47Z</time>
    </trkpt>
    <trkpt lat="31.929238" lon="34.999762">
      <ele>215.9</ele>
      <time>2010-01-01T01:32:50Z</time>
    </trkpt>
    <trkpt lat="31.929262" lon="34.999833">
      <ele>215.4</ele>
      <time>2010-01-01T01:32:53Z</time>
    </trkpt>
    <trkpt lat="31.929293" lon="34.999914">
      <ele>214.9</ele>
      <time>2010-01-01T01:32:56Z</time>
    </trkpt>
    <trkpt lat="31.929332" lon="34.999997">
      <ele>214.2</ele>
      <time>2010-01-01T01:32:59Z</time>
    </trkpt>
    <trkpt lat="31.929381" lon="35.000078">
      <ele>213.2</ele>
      <time>2010-01-01T01:33:02Z</time>
    </trkpt>
    <trkpt lat="31.929431" lon="35.000156">
      <ele>212.2</ele>
      <time>2010-01-01T01:33:06Z</time>
    </trkpt>
    <trkpt lat="31.92949" lon="35.000232">
      <ele>211.1</ele>
      <time>2010-01-01T01:33:09Z</time>
    </trkpt>
    <trkpt lat="31.929547" lon="35.00031">
      <ele>209.9</ele>
      <time>2010-01-01T01:33:13Z</time>
    </trkpt>
    <trkpt lat="31.92961" lon="35.000386">
      <ele>209.0</ele>
      <time>2010-01-01T01:33:16Z</time>
    </trkpt>
    <trkpt lat="31.929684" lon="35.000464">
      <ele>209.3</ele>
      <time>2010-01-01T01:33:20Z</time>
    </trkpt>
    <trkpt lat="31.929746" lon="35.000547">
      <ele>209.8</ele>
      <time>2010-01-01T01:33:24Z</time>
    </trkpt>
    <trkpt lat="31.929813" lon="35.000637">
      <ele>209.9</ele>
      <time>2010-01-01T01:33:28Z</time>
    </trkpt>
    <trkpt lat="31.929885" lon="35.000725">
      <ele>209.5</ele>
      <time>2010-01-01T01:33:32Z</time>
    </trkpt>
    <trkpt lat="31.929955" lon="35.000802">
      <ele>208.7</ele>
      <time>2010-01-01T01:33:36Z</time>
    </trkpt>
    <trkpt lat="31.930017" lon="35.000878">
      <ele>207.7</ele>
      <time>2010-01-01T01:33:40Z</time>
    </trkpt>
    <trkpt lat="31.930079" lon="35.000963">
      <ele>206.3</ele>
      <time>2010-01-01T01:33:44Z</time>
    </trkpt>
    <trkpt lat="31.930125" lon="35.001049">
      <ele>204.9</ele>
      <time>2010-01-01T01:33:47Z</time>
    </trkpt>
    <trkpt lat="31.930171" lon="35.001143">
      <ele>203.1</ele>
      <time>2010-01-01T01:33:51Z</time>
    </trkpt>
    <trkpt lat="31.930198" lon="35.001233">
      <ele>201.7</ele>
      <time>2010-01-01T01:33:54Z</time>
    </trkpt>
    <trkpt lat="31.930207" lon="35.001323">
      <ele>201.1</ele>
      <time>2010-01-01T01:33:57Z</time>
    </trkpt>
    <trkpt lat="31.930209" lon="35.00141">
      <ele>200.8</ele>
      <time>2010-01-01T01:34:00Z</time>
    </trkpt>
    <trkpt lat="31.930203" lon="35.001504">
      <ele>200.7</ele>
      <time>2010-01-01T01:34:03Z</time>
    </trkpt>
    <trkpt lat="31.930185" lon="35.001587">
      <ele>201.1</ele>
      <time>2010-01-01T01:34:06Z</time>
    </trkpt>
    <trkpt lat="31.930166" lon="35.001668">
      <ele>201.6</ele>
      <time>2010-01-01T01:34:09Z</time>
    </trkpt>
    <trkpt lat="31.930142" lon="35.001749">
      <ele>202.2</ele>
      <time>2010-01-01T01:34:12Z</time>
    </trkpt>
    <trkpt lat="31.93012" lon="35.001828">
      <ele>202.9</ele>
      <time>2010-01-01T01:34:15Z</time>
    </trkpt>
    <trkpt lat="31.930093" lon="35.001909">
      <ele>203.7</ele>
      <time>2010-01-01T01:34:18Z</time>
    </trkpt>
    <trkpt lat="31.93007" lon="35.001984">
      <ele>204.4</ele>
      <time>2010-01-01T01:34:20Z</time>
    </trkpt>
    <trkpt lat="31.930045" lon="35.002067">
      <ele>205.3</ele>
      <time>2010-01-01T01:34:23Z</time>
    </trkpt>
    <trkpt lat="31.930019" lon="35.002149">
      <ele>205.4</ele>
      <time>2010-01-01T01:34:26Z</time>
    </trkpt>
    <trkpt lat="31.930004" lon="35.00224">
      <ele>204.9</ele>
      <time>2010-01-01T01:34:29Z</time>
    </trkpt>
    <trkpt lat="31.930001" lon="35.002346">
      <ele>203.6</ele>
      <time>2010-01-01T01:34:33Z</time>
    </trkpt>
    <trkpt lat="31.930002" lon="35.002442">
      <ele>202.4</ele>
      <time>2010-01-01T01:34:36Z</time>
    </trkpt>
    <trkpt lat="31.930021" lon="35.002532">
      <ele>200.4</ele>
      <time>2010-01-01T01:34:39Z</time>
    </trkpt>
    <trkpt lat="31.930052" lon="35.002618">
      <ele>197.9</ele>
      <time>2010-01-01T01:34:43Z</time>
    </trkpt>
    <trkpt lat="31.930088" lon="35.002699">
      <ele>195.2</ele>
      <time>2010-01-01T01:34:46Z</time>
    </trkpt>
    <trkpt lat="31.930118" lon="35.002782">
      <ele>192.6</ele>
      <time>2010-01-01T01:34:49Z</time>
    </trkpt>
    <trkpt lat="31.930131" lon="35.002872">
      <ele>190.7</ele>
      <time>2010-01-01T01:34:52Z</time>
    </trkpt>
    <trkpt lat="31.930129" lon="35.002965">
      <ele>189.7</ele>
      <time>2010-01-01T01:34:55Z</time>
    </trkpt>
    <trkpt lat="31.930127" lon="35.003077">
      <ele>188.9</ele>
      <time>2010-01-01T01:34:59Z</time>
    </trkpt>
    <trkpt lat="31.930129" lon="35.003173">
      <ele>188.0</ele>
      <time>2010-01-01T01:35:02Z</time>
    </trkpt>
    <trkpt lat="31.930125" lon="35.003272">
      <ele>187.3</ele>
      <time>2010-01-01T01:35:06Z</time>
    </trkpt>
    <trkpt lat="31.930122" lon="35.003377">
      <ele>186.5</ele>
      <time>2010-01-01T01:35:09Z</time>
    </trkpt>
    <trkpt lat="31.930126" lon="35.003479">
      <ele>185.5</ele>
      <time>2010-01-01T01:35:13Z</time>
    </trkpt>
    <trkpt lat="31.930135" lon="35.003575">
      <ele>184.3</ele>
      <time>2010-01-01T01:35:16Z</time>
    </trkpt>
    <trkpt lat="31.930141" lon="35.003658">
      <ele>183.4</ele>
      <time>2010-01-01T01:35:19Z</time>
    </trkpt>
    <trkpt lat="31.930146" lon="35.003747">
      <ele>182.4</ele>
      <time>2010-01-01T01:35:22Z</time>
    </trkpt>
    <trkpt lat="31.930151" lon="35.003833">
      <ele>181.4</ele>
      <time>2010-01-01T01:35:25Z</time>
    </trkpt>
    <trkpt lat="31.930137" lon="35.003888">
      <ele>181.3</ele>
      <time>2010-01-01T01:35:27Z</time>
    </trkpt>
    <trkpt lat="31.93013" lon="35.003963">
      <ele>180.7</ele>
      <time>2010-01-01T01:35:29Z</time>
    </trkpt>
    <trkpt lat="31.930119" lon="35.004031">
      <ele>180.3</ele>
      <time>2010-01-01T01:35:32Z</time>
    </trkpt>
    <trkpt lat="31.93012" lon="35.004097">
      <ele>179.6</ele>
      <time>2010-01-01T01:35:34Z</time>
    </trkpt>
    <trkpt lat="31.93012" lon="35.004154">
      <ele>178.9</ele>
      <time>2010-01-01T01:35:36Z</time>
    </trkpt>
    <trkpt lat="31.930118" lon="35.004208">
      <ele>178.4</ele>
      <time>2010-01-01T01:35:38Z</time>
    </trkpt>
    <trkpt lat="31.930119" lon="35.004264">
      <ele>177.8</ele>
      <time>2010-01-01T01:35:39Z</time>
    </trkpt>
    <trkpt lat="31.930123" lon="35.004316">
      <ele>177.1</ele>
      <time>2010-01-01T01:35:41Z</time>
    </trkpt>
    <trkpt lat="31.93012" lon="35.004365">
      <ele>176.6</ele>
      <time>2010-01-01T01:35:43Z</time>
    </trkpt>
    <trkpt lat="31.930121" lon="35.004416">
      <ele>176.1</ele>
      <time>2010-01-01T01:35:45Z</time>
    </trkpt>
    <trkpt lat="31.930107" lon="35.004468">
      <ele>175.7</ele>
      <time>2010-01-01T01:35:46Z</time>
    </trkpt>
    <trkpt lat="31.93008" lon="35.00451">
      <ele>175.7</ele>
      <time>2010-01-01T01:35:48Z</time>
    </trkpt>
    <trkpt lat="31.930058" lon="35.004556">
      <ele>175.5</ele>
      <time>2010-01-01T01:35:50Z</time>
    </trkpt>
    <trkpt lat="31.930027" lon="35.004596">
      <ele>175.5</ele>
      <time>2010-01-01T01:35:52Z</time>
    </trkpt>
    <trkpt lat="31.930002" lon="35.004638">
      <ele>175.6</ele>
      <time>2010-01-01T01:35:54Z</time>
    </trkpt>
    <trkpt lat="31.929975" lon="35.004676">
      <ele>175.8</ele>
      <time>2010-01-01T01:35:55Z</time>
    </trkpt>
    <trkpt lat="31.929937" lon="35.004719">
      <ele>175.9</ele>
      <time>2010-01-01T01:35:57Z</time>
    </trkpt>
    <trkpt lat="31.929909" lon="35.004763">
      <ele>175.9</ele>
      <time>2010-01-01T01:35:59Z</time>
    </trkpt>
    <trkpt lat="31.929866" lon="35.004792">
      <ele>176.2</ele>
      <time>2010-01-01T01:36:01Z</time>
    </trkpt>
    <trkpt lat="31.929833" lon="35.004825">
      <ele>176.3</ele>
      <time>2010-01-01T01:36:03Z</time>
    </trkpt>
    <trkpt lat="31.929798" lon="35.004856">
      <ele>176.3</ele>
      <time>2010-01-01T01:36:05Z</time>
    </trkpt>
    <trkpt lat="31.929764" lon="35.004887">
      <ele>176.3</ele>
      <time>2010-01-01T01:36:06Z</time>
    </trkpt>
    <trkpt lat="31.929736" lon="35.004919">
      <ele>176.3</ele>
      <time>2010-01-01T01:36:08Z</time>
    </trkpt>
    <trkpt lat="31.929708" lon="35.004945">
      <ele>176.2</ele>
      <time>2010-01-01T01:36:09Z</time>
    </trkpt>
    <trkpt lat="31.929667" lon="35.004976">
      <ele>176.2</ele>
      <time>2010-01-01T01:36:11Z</time>
    </trkpt>
    <trkpt lat="31.929631" lon="35.005007">
      <ele>176.1</ele>
      <time>2010-01-01T01:36:13Z</time>
    </trkpt>
    <trkpt lat="31.929598" lon="35.005035">
      <ele>175.9</ele>
      <time>2010-01-01T01:36:15Z</time>
    </trkpt>
    <trkpt lat="31.929559" lon="35.005049">
      <ele>176.3</ele>
      <time>2010-01-01T01:36:16Z</time>
    </trkpt>
    <trkpt lat="31.929517" lon="35.005072">
      <ele>176.7</ele>
      <time>2010-01-01T01:36:18Z</time>
    </trkpt>
    <trkpt lat="31.929485" lon="35.005097">
      <ele>176.8</ele>
      <time>2010-01-01T01:36:20Z</time>
    </trkpt>
    <trkpt lat="31.929441" lon="35.005136">
      <ele>176.9</ele>
      <time>2010-01-01T01:36:22Z</time>
    </trkpt>
    <trkpt lat="31.929407" lon="35.005163">
      <ele>177.0</ele>
      <time>2010-01-01T01:36:24Z</time>
    </trkpt>
    <trkpt lat="31.92937" lon="35.005191">
      <ele>177.1</ele>
      <time>2010-01-01T01:36:25Z</time>
    </trkpt>
    <trkpt lat="31.929339" lon="35.005223">
      <ele>177.0</ele>
      <time>2010-01-01T01:36:27Z</time>
    </trkpt>
    <trkpt lat="31.929303" lon="35.005247">
      <ele>177.1</ele>
      <time>2010-01-01T01:36:29Z</time>
    </trkpt>
    <trkpt lat="31.929265" lon="35.005268">
      <ele>177.2</ele>
      <time>2010-01-01T01:36:30Z</time>
    </trkpt>
    <trkpt lat="31.929226" lon="35.005284">
      <ele>177.4</ele>
      <time>2010-01-01T01:36:32Z</time>
    </trkpt>
    <trkpt lat="31.929196" lon="35.005306">
      <ele>177.4</ele>
      <time>2010-01-01T01:36:34Z</time>
    </trkpt>
    <trkpt lat="31.929156" lon="35.005308">
      <ele>177.9</ele>
      <time>2010-01-01T01:36:35Z</time>
    </trkpt>
    <trkpt lat="31.929114" lon="35.005323">
      <ele>178.1</ele>
      <time>2010-01-01T01:36:37Z</time>
    </trkpt>
    <trkpt lat="31.929077" lon="35.005348">
      <ele>178.0</ele>
      <time>2010-01-01T01:36:39Z</time>
    </trkpt>
    <trkpt lat="31.92904" lon="35.005377">
      <ele>177.8</ele>
      <time>2010-01-01T01:36:40Z</time>
    </trkpt>
    <trkpt lat="31.928995" lon="35.005401">
      <ele>177.7</ele>
      <time>2010-01-01T01:36:42Z</time>
    </trkpt>
    <trkpt lat="31.928955" lon="35.005423">
      <ele>177.7</ele>
      <time>2010-01-01T01:36:44Z</time>
    </trkpt>
    <trkpt lat="31.928921" lon="35.005445">
      <ele>177.9</ele>
      <time>2010-01-01T01:36:46Z</time>
    </trkpt>
    <trkpt lat="31.928886" lon="35.00547">
      <ele>178.0</ele>
      <time>2010-01-01T01:36:47Z</time>
    </trkpt>
    <trkpt lat="31.928845" lon="35.00549">
      <ele>178.1</ele>
      <time>2010-01-01T01:36:49Z</time>
    </trkpt>
    <trkpt lat="31.928806" lon="35.005519">
      <ele>178.1</ele>
      <time>2010-01-01T01:36:51Z</time>
    </trkpt>
    <trkpt lat="31.928767" lon="35.005555">
      <ele>178.0</ele>
      <time>2010-01-01T01:36:53Z</time>
    </trkpt>
    <trkpt lat="31.928725" lon="35.005584">
      <ele>178.1</ele>
      <time>2010-01-01T01:36:55Z</time>
    </trkpt>
    <trkpt lat="31.928685" lon="35.005593">
      <ele>178.5</ele>
      <time>2010-01-01T01:36:56Z</time>
    </trkpt>
    <trkpt lat="31.928646" lon="35.005622">
      <ele>178.6</ele>
      <time>2010-01-01T01:36:58Z</time>
    </trkpt>
    <trkpt lat="31.928605" lon="35.005645">
      <ele>178.8</ele>
      <time>2010-01-01T01:37:00Z</time>
    </trkpt>
    <trkpt lat="31.928578" lon="35.005647">
      <ele>179.1</ele>
      <time>2010-01-01T01:37:01Z</time>
    </trkpt>
    <trkpt lat="31.928542" lon="35.005666">
      <ele>179.3</ele>
      <time>2010-01-01T01:37:03Z</time>
    </trkpt>
    <trkpt lat="31.928501" lon="35.00569">
      <ele>179.4</ele>
      <time>2010-01-01T01:37:05Z</time>
    </trkpt>
    <trkpt lat="31.928459" lon="35.005715">
      <ele>179.5</ele>
      <time>2010-01-01T01:37:07Z</time>
    </trkpt>
    <trkpt lat="31.928416" lon="35.005739">
      <ele>179.6</ele>
      <time>2010-01-01T01:37:08Z</time>
    </trkpt>
    <trkpt lat="31.928378" lon="35.005769">
      <ele>179.5</ele>
      <time>2010-01-01T01:37:10Z</time>
    </trkpt>
    <trkpt lat="31.928332" lon="35.005775">
      <ele>179.8</ele>
      <time>2010-01-01T01:37:12Z</time>
    </trkpt>
    <trkpt lat="31.928295" lon="35.005801">
      <ele>179.8</ele>
      <time>2010-01-01T01:37:14Z</time>
    </trkpt>
    <trkpt lat="31.928252" lon="35.005816">
      <ele>179.9</ele>
      <time>2010-01-01T01:37:16Z</time>
    </trkpt>
    <trkpt lat="31.928208" lon="35.005833">
      <ele>180.0</ele>
      <time>2010-01-01T01:37:17Z</time>
    </trkpt>
    <trkpt lat="31.92817" lon="35.005852">
      <ele>180.0</ele>
      <time>2010-01-01T01:37:19Z</time>
    </trkpt>
    <trkpt lat="31.928128" lon="35.005856">
      <ele>180.4</ele>
      <time>2010-01-01T01:37:21Z</time>
    </trkpt>
    <trkpt lat="31.928087" lon="35.005864">
      <ele>180.6</ele>
      <time>2010-01-01T01:37:22Z</time>
    </trkpt>
    <trkpt lat="31.928046" lon="35.005881">
      <ele>180.6</ele>
      <time>2010-01-01T01:37:24Z</time>
    </trkpt>
    <trkpt lat="31.928" lon="35.005888">
      <ele>180.9</ele>
      <time>2010-01-01T01:37:26Z</time>
    </trkpt>
    <trkpt lat="31.927955" lon="35.005885">
      <ele>181.4</ele>
      <time>2010-01-01T01:37:28Z</time>
    </trkpt>
    <trkpt lat="31.927911" lon="35.005883">
      <ele>181.9</ele>
      <time>2010-01-01T01:37:30Z</time>
    </trkpt>
    <trkpt lat="31.92787" lon="35.005882">
      <ele>182.3</ele>
      <time>2010-01-01T01:37:31Z</time>
    </trkpt>
    <trkpt lat="31.927825" lon="35.005887">
      <ele>182.7</ele>
      <time>2010-01-01T01:37:33Z</time>
    </trkpt>
    <trkpt lat="31.92778" lon="35.005889">
      <ele>183.1</ele>
      <time>2010-01-01T01:37:35Z</time>
    </trkpt>
    <trkpt lat="31.927733" lon="35.005889">
      <ele>183.7</ele>
      <time>2010-01-01T01:37:37Z</time>
    </trkpt>
    <trkpt lat="31.927695" lon="35.005889">
      <ele>184.1</ele>
      <time>2010-01-01T01:37:38Z</time>
    </trkpt>
    <trkpt lat="31.927654" lon="35.005906">
      <ele>184.1</ele>
      <time>2010-01-01T01:37:40Z</time>
    </trkpt>
    <trkpt lat="31.927614" lon="35.005908">
      <ele>184.4</ele>
      <time>2010-01-01T01:37:42Z</time>
    </trkpt>
    <trkpt lat="31.927572" lon="35.005904">
      <ele>185.0</ele>
      <time>2010-01-01T01:37:43Z</time>
    </trkpt>
    <trkpt lat="31.927531" lon="35.005909">
      <ele>185.3</ele>
      <time>2010-01-01T01:37:45Z</time>
    </trkpt>
    <trkpt lat="31.927496" lon="35.005933">
      <ele>185.0</ele>
      <time>2010-01-01T01:37:47Z</time>
    </trkpt>
    <trkpt lat="31.927456" lon="35.005935">
      <ele>185.3</ele>
      <time>2010-01-01T01:37:48Z</time>
    </trkpt>
    <trkpt lat="31.927416" lon="35.005944">
      <ele>185.5</ele>
      <time>2010-01-01T01:37:50Z</time>
    </trkpt>
    <trkpt lat="31.927373" lon="35.005946">
      <ele>185.9</ele>
      <time>2010-01-01T01:37:52Z</time>
    </trkpt>
    <trkpt lat="31.92733" lon="35.005955">
      <ele>186.0</ele>
      <time>2010-01-01T01:37:53Z</time>
    </trkpt>
    <trkpt lat="31.927286" lon="35.005955">
      <ele>186.5</ele>
      <time>2010-01-01T01:37:55Z</time>
    </trkpt>
    <trkpt lat="31.92724" lon="35.005966">
      <ele>186.6</ele>
      <time>2010-01-01T01:37:57Z</time>
    </trkpt>
    <trkpt lat="31.927196" lon="35.005968">
      <ele>187.0</ele>
      <time>2010-01-01T01:37:59Z</time>
    </trkpt>
    <trkpt lat="31.927154" lon="35.005961">
      <ele>187.6</ele>
      <time>2010-01-01T01:38:00Z</time>
    </trkpt>
    <trkpt lat="31.927109" lon="35.00596">
      <ele>188.1</ele>
      <time>2010-01-01T01:38:02Z</time>
    </trkpt>
    <trkpt lat="31.927062" lon="35.005965">
      <ele>188.6</ele>
      <time>2010-01-01T01:38:04Z</time>
    </trkpt>
    <trkpt lat="31.927018" lon="35.005966">
      <ele>189.3</ele>
      <time>2010-01-01T01:38:06Z</time>
    </trkpt>
    <trkpt lat="31.926969" lon="35.005968">
      <ele>190.1</ele>
      <time>2010-01-01T01:38:08Z</time>
    </trkpt>
    <trkpt lat="31.926894" lon="35.005935">
      <ele>192.4</ele>
      <time>2010-01-01T01:38:11Z</time>
    </trkpt>
    <trkpt lat="31.926847" lon="35.005942">
      <ele>192.9</ele>
      <time>2010-01-01T01:38:13Z</time>
    </trkpt>
    <trkpt lat="31.926805" lon="35.005949">
      <ele>193.4</ele>
      <time>2010-01-01T01:38:15Z</time>
    </trkpt>
    <trkpt lat="31.926759" lon="35.005955">
      <ele>194.0</ele>
      <time>2010-01-01T01:38:16Z</time>
    </trkpt>
    <trkpt lat="31.926718" lon="35.00596">
      <ele>194.5</ele>
      <time>2010-01-01T01:38:18Z</time>
    </trkpt>
    <trkpt lat="31.926675" lon="35.005963">
      <ele>195.2</ele>
      <time>2010-01-01T01:38:20Z</time>
    </trkpt>
    <trkpt lat="31.926632" lon="35.005968">
      <ele>195.7</ele>
      <time>2010-01-01T01:38:22Z</time>
    </trkpt>
    <trkpt lat="31.92659" lon="35.005972">
      <ele>196.3</ele>
      <time>2010-01-01T01:38:23Z</time>
    </trkpt>
    <trkpt lat="31.926552" lon="35.005995">
      <ele>196.2</ele>
      <time>2010-01-01T01:38:25Z</time>
    </trkpt>
    <trkpt lat="31.926513" lon="35.005995">
      <ele>196.8</ele>
      <time>2010-01-01T01:38:27Z</time>
    </trkpt>
    <trkpt lat="31.926471" lon="35.00599">
      <ele>197.7</ele>
      <time>2010-01-01T01:38:28Z</time>
    </trkpt>
    <trkpt lat="31.926429" lon="35.005993">
      <ele>198.3</ele>
      <time>2010-01-01T01:38:30Z</time>
    </trkpt>
    <trkpt lat="31.926392" lon="35.00601">
      <ele>198.4</ele>
      <time>2010-01-01T01:38:31Z</time>
    </trkpt>
    <trkpt lat="31.926353" lon="35.006029">
      <ele>198.4</ele>
      <time>2010-01-01T01:38:33Z</time>
    </trkpt>
    <trkpt lat="31.926312" lon="35.006068">
      <ele>197.9</ele>
      <time>2010-01-01T01:38:35Z</time>
    </trkpt>
    <trkpt lat="31.926278" lon="35.006116">
      <ele>196.9</ele>
      <time>2010-01-01T01:38:37Z</time>
    </trkpt>
    <trkpt lat="31.926239" lon="35.006166">
      <ele>196.0</ele>
      <time>2010-01-01T01:38:40Z</time>
    </trkpt>
    <trkpt lat="31.926197" lon="35.006201">
      <ele>196.0</ele>
      <time>2010-01-01T01:38:42Z</time>
    </trkpt>
    <trkpt lat="31.926164" lon="35.006236">
      <ele>195.8</ele>
      <time>2010-01-01T01:38:44Z</time>
    </trkpt>
    <trkpt lat="31.926137" lon="35.006258">
      <ele>195.9</ele>
      <time>2010-01-01T01:38:45Z</time>
    </trkpt>
    <trkpt lat="31.926105" lon="35.006286">
      <ele>196.2</ele>
      <time>2010-01-01T01:38:46Z</time>
    </trkpt>
    <trkpt lat="31.926076" lon="35.006308">
      <ele>196.4</ele>
      <time>2010-01-01T01:38:48Z</time>
    </trkpt>
    <trkpt lat="31.926042" lon="35.006326">
      <ele>196.9</ele>
      <time>2010-01-01T01:38:49Z</time>
    </trkpt>
    <trkpt lat="31.926008" lon="35.006343">
      <ele>197.4</ele>
      <time>2010-01-01T01:38:51Z</time>
    </trkpt>
    <trkpt lat="31.925982" lon="35.00636">
      <ele>197.7</ele>
      <time>2010-01-01T01:38:52Z</time>
    </trkpt>
    <trkpt lat="31.92596" lon="35.00638">
      <ele>197.8</ele>
      <time>2010-01-01T01:38:53Z</time>
    </trkpt>
    <trkpt lat="31.925919" lon="35.006411">
      <ele>198.2</ele>
      <time>2010-01-01T01:38:55Z</time>
    </trkpt>
    <trkpt lat="31.925898" lon="35.006432">
      <ele>198.2</ele>
      <time>2010-01-01T01:38:56Z</time>
    </trkpt>
    <trkpt lat="31.925885" lon="35.006461">
      <ele>197.8</ele>
      <time>2010-01-01T01:38:57Z</time>
    </trkpt>
    <trkpt lat="31.925851" lon="35.006502">
      <ele>197.7</ele>
      <time>2010-01-01T01:38:59Z</time>
    </trkpt>
    <trkpt lat="31.925822" lon="35.00656">
      <ele>197.0</ele>
      <time>2010-01-01T01:39:02Z</time>
    </trkpt>
    <trkpt lat="31.925808" lon="35.00659">
      <ele>196.6</ele>
      <time>2010-01-01T01:39:03Z</time>
    </trkpt>
    <trkpt lat="31.925799" lon="35.006626">
      <ele>195.9</ele>
      <time>2010-01-01T01:39:04Z</time>
    </trkpt>
    <trkpt lat="31.925788" lon="35.006663">
      <ele>195.2</ele>
      <time>2010-01-01T01:39:05Z</time>
    </trkpt>
    <trkpt lat="31.925774" lon="35.006695">
      <ele>194.8</ele>
      <time>2010-01-01T01:39:07Z</time>
    </trkpt>
    <trkpt lat="31.925763" lon="35.006734">
      <ele>194.0</ele>
      <time>2010-01-01T01:39:08Z</time>
    </trkpt>
    <trkpt lat="31.925752" lon="35.006776">
      <ele>193.2</ele>
      <time>2010-01-01T01:39:09Z</time>
    </trkpt>
    <trkpt lat="31.925738" lon="35.006816">
      <ele>192.6</ele>
      <time>2010-01-01T01:39:11Z</time>
    </trkpt>
    <trkpt lat="31.925725" lon="35.006855">
      <ele>191.9</ele>
      <time>2010-01-01T01:39:12Z</time>
    </trkpt>
    <trkpt lat="31.925712" lon="35.006893">
      <ele>191.2</ele>
      <time>2010-01-01T01:39:14Z</time>
    </trkpt>
    <trkpt lat="31.925701" lon="35.006935">
      <ele>190.4</ele>
      <time>2010-01-01T01:39:15Z</time>
    </trkpt>
    <trkpt lat="31.92569" lon="35.006971">
      <ele>189.7</ele>
      <time>2010-01-01T01:39:16Z</time>
    </trkpt>
    <trkpt lat="31.925679" lon="35.007011">
      <ele>188.9</ele>
      <time>2010-01-01T01:39:18Z</time>
    </trkpt>
    <trkpt lat="31.925671" lon="35.007056">
      <ele>187.9</ele>
      <time>2010-01-01T01:39:19Z</time>
    </trkpt>
    <trkpt lat="31.925663" lon="35.0071">
      <ele>187.3</ele>
      <time>2010-01-01T01:39:21Z</time>
    </trkpt>
    <trkpt lat="31.925652" lon="35.00714">
      <ele>187.4</ele>
      <time>2010-01-01T01:39:22Z</time>
    </trkpt>
    <trkpt lat="31.925642" lon="35.00718">
      <ele>187.4</ele>
      <time>2010-01-01T01:39:24Z</time>
    </trkpt>
    <trkpt lat="31.925645" lon="35.007226">
      <ele>187.1</ele>
      <time>2010-01-01T01:39:25Z</time>
    </trkpt>
    <trkpt lat="31.92565" lon="35.007274">
      <ele>186.8</ele>
      <time>2010-01-01T01:39:27Z</time>
    </trkpt>
    <trkpt lat="31.925646" lon="35.007314">
      <ele>186.6</ele>
      <time>2010-01-01T01:39:28Z</time>
    </trkpt>
    <trkpt lat="31.925643" lon="35.00736">
      <ele>186.5</ele>
      <time>2010-01-01T01:39:30Z</time>
    </trkpt>
    <trkpt lat="31.925637" lon="35.007404">
      <ele>186.4</ele>
      <time>2010-01-01T01:39:32Z</time>
    </trkpt>
    <trkpt lat="31.92563" lon="35.007449">
      <ele>186.3</ele>
      <time>2010-01-01T01:39:33Z</time>
    </trkpt>
    <trkpt lat="31.92561" lon="35.007493">
      <ele>186.4</ele>
      <time>2010-01-01T01:39:35Z</time>
    </trkpt>
    <trkpt lat="31.925604" lon="35.007535">
      <ele>186.3</ele>
      <time>2010-01-01T01:39:36Z</time>
    </trkpt>
    <trkpt lat="31.925601" lon="35.007578">
      <ele>186.2</ele>
      <time>2010-01-01T01:39:38Z</time>
    </trkpt>
    <trkpt lat="31.925591" lon="35.007625">
      <ele>186.1</ele>
      <time>2010-01-01T01:39:39Z</time>
    </trkpt>
    <trkpt lat="31.925581" lon="35.00768">
      <ele>185.9</ele>
      <time>2010-01-01T01:39:41Z</time>
    </trkpt>
    <trkpt lat="31.92558" lon="35.007737">
      <ele>185.6</ele>
      <time>2010-01-01T01:39:43Z</time>
    </trkpt>
    <trkpt lat="31.925584" lon="35.007783">
      <ele>185.3</ele>
      <time>2010-01-01T01:39:45Z</time>
    </trkpt>
    <trkpt lat="31.925577" lon="35.007815">
      <ele>185.3</ele>
      <time>2010-01-01T01:39:46Z</time>
    </trkpt>
    <trkpt lat="31.925557" lon="35.007842">
      <ele>185.4</ele>
      <time>2010-01-01T01:39:47Z</time>
    </trkpt>
    <trkpt lat="31.925519" lon="35.007883">
      <ele>185.7</ele>
      <time>2010-01-01T01:39:49Z</time>
    </trkpt>
    <trkpt lat="31.925485" lon="35.007925">
      <ele>186.0</ele>
      <time>2010-01-01T01:39:51Z</time>
    </trkpt>
    <trkpt lat="31.925464" lon="35.007962">
      <ele>186.5</ele>
      <time>2010-01-01T01:39:53Z</time>
    </trkpt>
    <trkpt lat="31.925452" lon="35.008003">
      <ele>186.8</ele>
      <time>2010-01-01T01:39:54Z</time>
    </trkpt>
    <trkpt lat="31.925461" lon="35.008054">
      <ele>186.8</ele>
      <time>2010-01-01T01:39:56Z</time>
    </trkpt>
    <trkpt lat="31.925459" lon="35.008093">
      <ele>187.0</ele>
      <time>2010-01-01T01:39:57Z</time>
    </trkpt>
    <trkpt lat="31.925477" lon="35.008143">
      <ele>186.9</ele>
      <time>2010-01-01T01:39:59Z</time>
    </trkpt>
    <trkpt lat="31.925496" lon="35.008179">
      <ele>186.8</ele>
      <time>2010-01-01T01:40:00Z</time>
    </trkpt>
    <trkpt lat="31.925532" lon="35.008201">
      <ele>186.3</ele>
      <time>2010-01-01T01:40:02Z</time>
    </trkpt>
    <trkpt lat="31.925556" lon="35.00823">
      <ele>186.1</ele>
      <time>2010-01-01T01:40:03Z</time>
    </trkpt>
    <trkpt lat="31.925579" lon="35.008259">
      <ele>185.8</ele>
      <time>2010-01-01T01:40:05Z</time>
    </trkpt>
    <trkpt lat="31.92561" lon="35.008287">
      <ele>185.4</ele>
      <time>2010-01-01T01:40:06Z</time>
    </trkpt>
    <trkpt lat="31.925644" lon="35.008331">
      <ele>185.1</ele>
      <time>2010-01-01T01:40:08Z</time>
    </trkpt>
    <trkpt lat="31.925674" lon="35.00836">
      <ele>184.7</ele>
      <time>2010-01-01T01:40:10Z</time>
    </trkpt>
    <trkpt lat="31.925701" lon="35.008395">
      <ele>184.4</ele>
      <time>2010-01-01T01:40:12Z</time>
    </trkpt>
    <trkpt lat="31.925734" lon="35.008424">
      <ele>184.0</ele>
      <time>2010-01-01T01:40:13Z</time>
    </trkpt>
    <trkpt lat="31.92576" lon="35.008455">
      <ele>183.7</ele>
      <time>2010-01-01T01:40:15Z</time>
    </trkpt>
    <trkpt lat="31.925799" lon="35.008478">
      <ele>183.2</ele>
      <time>2010-01-01T01:40:16Z</time>
    </trkpt>
    <trkpt lat="31.925843" lon="35.008499">
      <ele>182.6</ele>
      <time>2010-01-01T01:40:18Z</time>
    </trkpt>
    <trkpt lat="31.925875" lon="35.008524">
      <ele>182.2</ele>
      <time>2010-01-01T01:40:20Z</time>
    </trkpt>
    <trkpt lat="31.925911" lon="35.00855">
      <ele>181.7</ele>
      <time>2010-01-01T01:40:22Z</time>
    </trkpt>
    <trkpt lat="31.925927" lon="35.008579">
      <ele>181.5</ele>
      <time>2010-01-01T01:40:23Z</time>
    </trkpt>
    <trkpt lat="31.92594" lon="35.008613">
      <ele>181.4</ele>
      <time>2010-01-01T01:40:24Z</time>
    </trkpt>
    <trkpt lat="31.925976" lon="35.008638">
      <ele>181.0</ele>
      <time>2010-01-01T01:40:26Z</time>
    </trkpt>
    <trkpt lat="31.926003" lon="35.008658">
      <ele>180.6</ele>
      <time>2010-01-01T01:40:27Z</time>
    </trkpt>
    <trkpt lat="31.926028" lon="35.00869">
      <ele>180.3</ele>
      <time>2010-01-01T01:40:28Z</time>
    </trkpt>
    <trkpt lat="31.926059" lon="35.008715">
      <ele>179.9</ele>
      <time>2010-01-01T01:40:30Z</time>
    </trkpt>
    <trkpt lat="31.92609" lon="35.008736">
      <ele>179.5</ele>
      <time>2010-01-01T01:40:31Z</time>
    </trkpt>
    <trkpt lat="31.926126" lon="35.008759">
      <ele>179.0</ele>
      <time>2010-01-01T01:40:33Z</time>
    </trkpt>
    <trkpt lat="31.926162" lon="35.008782">
      <ele>178.7</ele>
      <time>2010-01-01T01:40:35Z</time>
    </trkpt>
    <trkpt lat="31.926203" lon="35.0088">
      <ele>178.3</ele>
      <time>2010-01-01T01:40:36Z</time>
    </trkpt>
    <trkpt lat="31.926241" lon="35.00882">
      <ele>177.9</ele>
      <time>2010-01-01T01:40:38Z</time>
    </trkpt>
    <trkpt lat="31.926279" lon="35.008842">
      <ele>178.1</ele>
      <time>2010-01-01T01:40:40Z</time>
    </trkpt>
    <trkpt lat="31.92631" lon="35.008864">
      <ele>178.4</ele>
      <time>2010-01-01T01:40:41Z</time>
    </trkpt>
    <trkpt lat="31.926342" lon="35.008887">
      <ele>178.7</ele>
      <time>2010-01-01T01:40:43Z</time>
    </trkpt>
    <trkpt lat="31.926377" lon="35.008905">
      <ele>178.9</ele>
      <time>2010-01-01T01:40:44Z</time>
    </trkpt>
    <trkpt lat="31.926412" lon="35.008922">
      <ele>179.1</ele>
      <time>2010-01-01T01:40:46Z</time>
    </trkpt>
    <trkpt lat="31.926447" lon="35.008939">
      <ele>179.3</ele>
      <time>2010-01-01T01:40:47Z</time>
    </trkpt>
    <trkpt lat="31.926492" lon="35.008946">
      <ele>179.4</ele>
      <time>2010-01-01T01:40:49Z</time>
    </trkpt>
    <trkpt lat="31.926524" lon="35.008962">
      <ele>179.6</ele>
      <time>2010-01-01T01:40:50Z</time>
    </trkpt>
    <trkpt lat="31.92656" lon="35.008999">
      <ele>179.9</ele>
      <time>2010-01-01T01:40:52Z</time>
    </trkpt>
    <trkpt lat="31.926589" lon="35.009011">
      <ele>180.0</ele>
      <time>2010-01-01T01:40:54Z</time>
    </trkpt>
    <trkpt lat="31.926636" lon="35.009046">
      <ele>180.3</ele>
      <time>2010-01-01T01:40:56Z</time>
    </trkpt>
    <trkpt lat="31.926669" lon="35.009076">
      <ele>180.5</ele>
      <time>2010-01-01T01:40:58Z</time>
    </trkpt>
    <trkpt lat="31.926709" lon="35.0091">
      <ele>180.6</ele>
      <time>2010-01-01T01:40:59Z</time>
    </trkpt>
    <trkpt lat="31.926737" lon="35.009127">
      <ele>180.7</ele>
      <time>2010-01-01T01:41:01Z</time>
    </trkpt>
    <trkpt lat="31.92678" lon="35.009157">
      <ele>180.8</ele>
      <time>2010-01-01T01:41:03Z</time>
    </trkpt>
    <trkpt lat="31.926823" lon="35.009178">
      <ele>180.9</ele>
      <time>2010-01-01T01:41:05Z</time>
    </trkpt>
    <trkpt lat="31.926859" lon="35.009209">
      <ele>180.9</ele>
      <time>2010-01-01T01:41:06Z</time>
    </trkpt>
    <trkpt lat="31.926888" lon="35.009227">
      <ele>180.9</ele>
      <time>2010-01-01T01:41:08Z</time>
    </trkpt>
    <trkpt lat="31.926922" lon="35.009252">
      <ele>181.0</ele>
      <time>2010-01-01T01:41:09Z</time>
    </trkpt>
    <trkpt lat="31.926947" lon="35.009282">
      <ele>181.0</ele>
      <time>2010-01-01T01:41:11Z</time>
    </trkpt>
    <trkpt lat="31.926978" lon="35.009304">
      <ele>181.0</ele>
      <time>2010-01-01T01:41:12Z</time>
    </trkpt>
    <trkpt lat="31.927008" lon="35.009334">
      <ele>180.9</ele>
      <time>2010-01-01T01:41:14Z</time>
    </trkpt>
    <trkpt lat="31.927028" lon="35.009364">
      <ele>180.9</ele>
      <time>2010-01-01T01:41:15Z</time>
    </trkpt>
    <trkpt lat="31.927049" lon="35.009395">
      <ele>180.9</ele>
      <time>2010-01-01T01:41:16Z</time>
    </trkpt>
    <trkpt lat="31.927075" lon="35.009425">
      <ele>180.8</ele>
      <time>2010-01-01T01:41:18Z</time>
    </trkpt>
    <trkpt lat="31.927098" lon="35.009457">
      <ele>181.0</ele>
      <time>2010-01-01T01:41:19Z</time>
    </trkpt>
    <trkpt lat="31.927125" lon="35.009478">
      <ele>181.3</ele>
      <time>2010-01-01T01:41:21Z</time>
    </trkpt>
    <trkpt lat="31.927144" lon="35.009508">
      <ele>181.5</ele>
      <time>2010-01-01T01:41:22Z</time>
    </trkpt>
    <trkpt lat="31.92715" lon="35.009546">
      <ele>181.6</ele>
      <time>2010-01-01T01:41:23Z</time>
    </trkpt>
    <trkpt lat="31.927154" lon="35.009591">
      <ele>181.6</ele>
      <time>2010-01-01T01:41:25Z</time>
    </trkpt>
    <trkpt lat="31.927151" lon="35.009627">
      <ele>181.8</ele>
      <time>2010-01-01T01:41:26Z</time>
    </trkpt>
    <trkpt lat="31.927145" lon="35.009669">
      <ele>182.1</ele>
      <time>2010-01-01T01:41:27Z</time>
    </trkpt>
    <trkpt lat="31.927137" lon="35.009713">
      <ele>182.3</ele>
      <time>2010-01-01T01:41:29Z</time>
    </trkpt>
    <trkpt lat="31.927125" lon="35.009757">
      <ele>182.5</ele>
      <time>2010-01-01T01:41:31Z</time>
    </trkpt>
    <trkpt lat="31.92711" lon="35.009802">
      <ele>182.7</ele>
      <time>2010-01-01T01:41:32Z</time>
    </trkpt>
    <trkpt lat="31.927104" lon="35.009848">
      <ele>183.0</ele>
      <time>2010-01-01T01:41:34Z</time>
    </trkpt>
    <trkpt lat="31.927086" lon="35.009898">
      <ele>183.3</ele>
      <time>2010-01-01T01:41:36Z</time>
    </trkpt>
    <trkpt lat="31.927069" lon="35.009947">
      <ele>183.7</ele>
      <time>2010-01-01T01:41:37Z</time>
    </trkpt>
    <trkpt lat="31.927055" lon="35.01">
      <ele>184.2</ele>
      <time>2010-01-01T01:41:39Z</time>
    </trkpt>
    <trkpt lat="31.927036" lon="35.010051">
      <ele>184.7</ele>
      <time>2010-01-01T01:41:41Z</time>
    </trkpt>
    <trkpt lat="31.927015" lon="35.010099">
      <ele>185.3</ele>
      <time>2010-01-01T01:41:43Z</time>
    </trkpt>
    <trkpt lat="31.926994" lon="35.010142">
      <ele>185.8</ele>
      <time>2010-01-01T01:41:45Z</time>
    </trkpt>
    <trkpt lat="31.926974" lon="35.010186">
      <ele>186.3</ele>
      <time>2010-01-01T01:41:46Z</time>
    </trkpt>
    <trkpt lat="31.926948" lon="35.010231">
      <ele>186.9</ele>
      <time>2010-01-01T01:41:48Z</time>
    </trkpt>
    <trkpt lat="31.926923" lon="35.01027">
      <ele>187.4</ele>
      <time>2010-01-01T01:41:50Z</time>
    </trkpt>
    <trkpt lat="31.92689" lon="35.01031">
      <ele>188.0</ele>
      <time>2010-01-01T01:41:52Z</time>
    </trkpt>
    <trkpt lat="31.926857" lon="35.010345">
      <ele>188.6</ele>
      <time>2010-01-01T01:41:54Z</time>
    </trkpt>
    <trkpt lat="31.926841" lon="35.010386">
      <ele>189.1</ele>
      <time>2010-01-01T01:41:55Z</time>
    </trkpt>
    <trkpt lat="31.926813" lon="35.010413">
      <ele>189.6</ele>
      <time>2010-01-01T01:41:57Z</time>
    </trkpt>
    <trkpt lat="31.926788" lon="35.010431">
      <ele>189.7</ele>
      <time>2010-01-01T01:41:58Z</time>
    </trkpt>
    <trkpt lat="31.926739" lon="35.010459">
      <ele>190.0</ele>
      <time>2010-01-01T01:42:00Z</time>
    </trkpt>
    <trkpt lat="31.926682" lon="35.010481">
      <ele>190.3</ele>
      <time>2010-01-01T01:42:02Z</time>
    </trkpt>
    <trkpt lat="31.926648" lon="35.010509">
      <ele>190.5</ele>
      <time>2010-01-01T01:42:04Z</time>
    </trkpt>
    <trkpt lat="31.926608" lon="35.010518">
      <ele>190.8</ele>
      <time>2010-01-01T01:42:06Z</time>
    </trkpt>
    <trkpt lat="31.926577" lon="35.010531">
      <ele>191.0</ele>
      <time>2010-01-01T01:42:07Z</time>
    </trkpt>
    <trkpt lat="31.926544" lon="35.010546">
      <ele>191.2</ele>
      <time>2010-01-01T01:42:08Z</time>
    </trkpt>
    <trkpt lat="31.926507" lon="35.010569">
      <ele>191.4</ele>
      <time>2010-01-01T01:42:10Z</time>
    </trkpt>
    <trkpt lat="31.926473" lon="35.010586">
      <ele>191.6</ele>
      <time>2010-01-01T01:42:11Z</time>
    </trkpt>
    <trkpt lat="31.926445" lon="35.010604">
      <ele>191.7</ele>
      <time>2010-01-01T01:42:13Z</time>
    </trkpt>
    <trkpt lat="31.926409" lon="35.010628">
      <ele>191.9</ele>
      <time>2010-01-01T01:42:14Z</time>
    </trkpt>
    <trkpt lat="31.926379" lon="35.010652">
      <ele>192.0</ele>
      <time>2010-01-01T01:42:16Z</time>
    </trkpt>
    <trkpt lat="31.926345" lon="35.010672">
      <ele>192.2</ele>
      <time>2010-01-01T01:42:17Z</time>
    </trkpt>
    <trkpt lat="31.926315" lon="35.010689">
      <ele>192.4</ele>
      <time>2010-01-01T01:42:19Z</time>
    </trkpt>
    <trkpt lat="31.926281" lon="35.01071">
      <ele>192.6</ele>
      <time>2010-01-01T01:42:20Z</time>
    </trkpt>
    <trkpt lat="31.926244" lon="35.010731">
      <ele>192.8</ele>
      <time>2010-01-01T01:42:22Z</time>
    </trkpt>
    <trkpt lat="31.926207" lon="35.010751">
      <ele>193.3</ele>
      <time>2010-01-01T01:42:24Z</time>
    </trkpt>
    <trkpt lat="31.926174" lon="35.010779">
      <ele>193.7</ele>
      <time>2010-01-01T01:42:25Z</time>
    </trkpt>
    <trkpt lat="31.92614" lon="35.010804">
      <ele>194.1</ele>
      <time>2010-01-01T01:42:27Z</time>
    </trkpt>
    <trkpt lat="31.926112" lon="35.010829">
      <ele>194.5</ele>
      <time>2010-01-01T01:42:28Z</time>
    </trkpt>
    <trkpt lat="31.926082" lon="35.010848">
      <ele>195.0</ele>
      <time>2010-01-01T01:42:30Z</time>
    </trkpt>
    <trkpt lat="31.926057" lon="35.010866">
      <ele>195.3</ele>
      <time>2010-01-01T01:42:31Z</time>
    </trkpt>
    <trkpt lat="31.926033" lon="35.010891">
      <ele>195.7</ele>
      <time>2010-01-01T01:42:32Z</time>
    </trkpt>
    <trkpt lat="31.926011" lon="35.010914">
      <ele>196.0</ele>
      <time>2010-01-01T01:42:33Z</time>
    </trkpt>
    <trkpt lat="31.925984" lon="35.010934">
      <ele>196.4</ele>
      <time>2010-01-01T01:42:34Z</time>
    </trkpt>
    <trkpt lat="31.925952" lon="35.010951">
      <ele>197.0</ele>
      <time>2010-01-01T01:42:36Z</time>
    </trkpt>
    <trkpt lat="31.92593" lon="35.010973">
      <ele>197.4</ele>
      <time>2010-01-01T01:42:37Z</time>
    </trkpt>
    <trkpt lat="31.925911" lon="35.011008">
      <ele>197.7</ele>
      <time>2010-01-01T01:42:38Z</time>
    </trkpt>
    <trkpt lat="31.925908" lon="35.011054">
      <ele>197.7</ele>
      <time>2010-01-01T01:42:40Z</time>
    </trkpt>
    <trkpt lat="31.925916" lon="35.011111">
      <ele>197.3</ele>
      <time>2010-01-01T01:42:42Z</time>
    </trkpt>
    <trkpt lat="31.9259" lon="35.011166">
      <ele>197.6</ele>
      <time>2010-01-01T01:42:44Z</time>
    </trkpt>
    <trkpt lat="31.925882" lon="35.011194">
      <ele>197.9</ele>
      <time>2010-01-01T01:42:45Z</time>
    </trkpt>
    <trkpt lat="31.925838" lon="35.011227">
      <ele>198.9</ele>
      <time>2010-01-01T01:42:47Z</time>
    </trkpt>
    <trkpt lat="31.92579" lon="35.011236">
      <ele>200.0</ele>
      <time>2010-01-01T01:42:49Z</time>
    </trkpt>
    <trkpt lat="31.925739" lon="35.011256">
      <ele>201.1</ele>
      <time>2010-01-01T01:42:51Z</time>
    </trkpt>
    <trkpt lat="31.92571" lon="35.011273">
      <ele>201.5</ele>
      <time>2010-01-01T01:42:53Z</time>
    </trkpt>
    <trkpt lat="31.92568" lon="35.011296">
      <ele>201.7</ele>
      <time>2010-01-01T01:42:54Z</time>
    </trkpt>
    <trkpt lat="31.925661" lon="35.011328">
      <ele>201.5</ele>
      <time>2010-01-01T01:42:55Z</time>
    </trkpt>
    <trkpt lat="31.925634" lon="35.011353">
      <ele>201.5</ele>
      <time>2010-01-01T01:42:57Z</time>
    </trkpt>
    <trkpt lat="31.925606" lon="35.011371">
      <ele>201.7</ele>
      <time>2010-01-01T01:42:58Z</time>
    </trkpt>
    <trkpt lat="31.925575" lon="35.011387">
      <ele>202.0</ele>
      <time>2010-01-01T01:42:59Z</time>
    </trkpt>
    <trkpt lat="31.925549" lon="35.011406">
      <ele>202.1</ele>
      <time>2010-01-01T01:43:01Z</time>
    </trkpt>
    <trkpt lat="31.925524" lon="35.011424">
      <ele>202.1</ele>
      <time>2010-01-01T01:43:02Z</time>
    </trkpt>
    <trkpt lat="31.9255" lon="35.011443">
      <ele>202.1</ele>
      <time>2010-01-01T01:43:03Z</time>
    </trkpt>
    <trkpt lat="31.925471" lon="35.011464">
      <ele>202.1</ele>
      <time>2010-01-01T01:43:04Z</time>
    </trkpt>
    <trkpt lat="31.925443" lon="35.011483">
      <ele>202.1</ele>
      <time>2010-01-01T01:43:06Z</time>
    </trkpt>
    <trkpt lat="31.925408" lon="35.011504">
      <ele>202.4</ele>
      <time>2010-01-01T01:43:07Z</time>
    </trkpt>
    <trkpt lat="31.925374" lon="35.011523">
      <ele>203.3</ele>
      <time>2010-01-01T01:43:09Z</time>
    </trkpt>
    <trkpt lat="31.925341" lon="35.011545">
      <ele>204.1</ele>
      <time>2010-01-01T01:43:10Z</time>
    </trkpt>
    <trkpt lat="31.925309" lon="35.01157">
      <ele>204.9</ele>
      <time>2010-01-01T01:43:12Z</time>
    </trkpt>
    <trkpt lat="31.925288" lon="35.011604">
      <ele>205.0</ele>
      <time>2010-01-01T01:43:13Z</time>
    </trkpt>
    <trkpt lat="31.925259" lon="35.011634">
      <ele>205.6</ele>
      <time>2010-01-01T01:43:15Z</time>
    </trkpt>
    <trkpt lat="31.925232" lon="35.011671">
      <ele>206.0</ele>
      <time>2010-01-01T01:43:16Z</time>
    </trkpt>
    <trkpt lat="31.92521" lon="35.011702">
      <ele>206.4</ele>
      <time>2010-01-01T01:43:18Z</time>
    </trkpt>
    <trkpt lat="31.925185" lon="35.011732">
      <ele>207.0</ele>
      <time>2010-01-01T01:43:19Z</time>
    </trkpt>
    <trkpt lat="31.925159" lon="35.011772">
      <ele>207.5</ele>
      <time>2010-01-01T01:43:21Z</time>
    </trkpt>
    <trkpt lat="31.925141" lon="35.011805">
      <ele>207.8</ele>
      <time>2010-01-01T01:43:22Z</time>
    </trkpt>
    <trkpt lat="31.925127" lon="35.011848">
      <ele>207.7</ele>
      <time>2010-01-01T01:43:24Z</time>
    </trkpt>
    <trkpt lat="31.925105" lon="35.011884">
      <ele>208.2</ele>
      <time>2010-01-01T01:43:25Z</time>
    </trkpt>
    <trkpt lat="31.925092" lon="35.011928">
      <ele>208.2</ele>
      <time>2010-01-01T01:43:27Z</time>
    </trkpt>
    <trkpt lat="31.925072" lon="35.01197">
      <ele>208.6</ele>
      <time>2010-01-01T01:43:28Z</time>
    </trkpt>
    <trkpt lat="31.925055" lon="35.012011">
      <ele>208.9</ele>
      <time>2010-01-01T01:43:30Z</time>
    </trkpt>
    <trkpt lat="31.92504" lon="35.012047">
      <ele>209.2</ele>
      <time>2010-01-01T01:43:31Z</time>
    </trkpt>
    <trkpt lat="31.925022" lon="35.01208">
      <ele>209.7</ele>
      <time>2010-01-01T01:43:33Z</time>
    </trkpt>
    <trkpt lat="31.925007" lon="35.012132">
      <ele>209.9</ele>
      <time>2010-01-01T01:43:35Z</time>
    </trkpt>
    <trkpt lat="31.924992" lon="35.012188">
      <ele>210.1</ele>
      <time>2010-01-01T01:43:37Z</time>
    </trkpt>
    <trkpt lat="31.924985" lon="35.012242">
      <ele>209.7</ele>
      <time>2010-01-01T01:43:38Z</time>
    </trkpt>
    <trkpt lat="31.924975" lon="35.012306">
      <ele>209.4</ele>
      <time>2010-01-01T01:43:41Z</time>
    </trkpt>
    <trkpt lat="31.924986" lon="35.012368">
      <ele>208.0</ele>
      <time>2010-01-01T01:43:43Z</time>
    </trkpt>
    <trkpt lat="31.924988" lon="35.012428">
      <ele>207.1</ele>
      <time>2010-01-01T01:43:45Z</time>
    </trkpt>
    <trkpt lat="31.924984" lon="35.012474">
      <ele>206.6</ele>
      <time>2010-01-01T01:43:46Z</time>
    </trkpt>
    <trkpt lat="31.92499" lon="35.012506">
      <ele>205.9</ele>
      <time>2010-01-01T01:43:47Z</time>
    </trkpt>
    <trkpt lat="31.925011" lon="35.012544">
      <ele>204.4</ele>
      <time>2010-01-01T01:43:49Z</time>
    </trkpt>
    <trkpt lat="31.925038" lon="35.012605">
      <ele>202.3</ele>
      <time>2010-01-01T01:43:51Z</time>
    </trkpt>
    <trkpt lat="31.925049" lon="35.012641">
      <ele>201.4</ele>
      <time>2010-01-01T01:43:53Z</time>
    </trkpt>
    <trkpt lat="31.925069" lon="35.012678">
      <ele>200.1</ele>
      <time>2010-01-01T01:43:54Z</time>
    </trkpt>
    <trkpt lat="31.925084" lon="35.012714">
      <ele>199.0</ele>
      <time>2010-01-01T01:43:56Z</time>
    </trkpt>
    <trkpt lat="31.925093" lon="35.012745">
      <ele>198.3</ele>
      <time>2010-01-01T01:43:57Z</time>
    </trkpt>
    <trkpt lat="31.925113" lon="35.012785">
      <ele>197.0</ele>
      <time>2010-01-01T01:43:58Z</time>
    </trkpt>
    <trkpt lat="31.925131" lon="35.012816">
      <ele>196.0</ele>
      <time>2010-01-01T01:43:59Z</time>
    </trkpt>
    <trkpt lat="31.925147" lon="35.012853">
      <ele>195.0</ele>
      <time>2010-01-01T01:44:01Z</time>
    </trkpt>
    <trkpt lat="31.925164" lon="35.012881">
      <ele>194.0</ele>
      <time>2010-01-01T01:44:02Z</time>
    </trkpt>
    <trkpt lat="31.925186" lon="35.012901">
      <ele>193.0</ele>
      <time>2010-01-01T01:44:03Z</time>
    </trkpt>
    <trkpt lat="31.925208" lon="35.012923">
      <ele>192.0</ele>
      <time>2010-01-01T01:44:04Z</time>
    </trkpt>
    <trkpt lat="31.925236" lon="35.012951">
      <ele>191.1</ele>
      <time>2010-01-01T01:44:06Z</time>
    </trkpt>
    <trkpt lat="31.925265" lon="35.012966">
      <ele>190.1</ele>
      <time>2010-01-01T01:44:07Z</time>
    </trkpt>
    <trkpt lat="31.925293" lon="35.012974">
      <ele>189.0</ele>
      <time>2010-01-01T01:44:08Z</time>
    </trkpt>
    <trkpt lat="31.925332" lon="35.012986">
      <ele>187.6</ele>
      <time>2010-01-01T01:44:10Z</time>
    </trkpt>
    <trkpt lat="31.925367" lon="35.013006">
      <ele>186.4</ele>
      <time>2010-01-01T01:44:11Z</time>
    </trkpt>
    <trkpt lat="31.9254" lon="35.013026">
      <ele>185.3</ele>
      <time>2010-01-01T01:44:13Z</time>
    </trkpt>
    <trkpt lat="31.925431" lon="35.013048">
      <ele>184.8</ele>
      <time>2010-01-01T01:44:14Z</time>
    </trkpt>
    <trkpt lat="31.925467" lon="35.01307">
      <ele>185.0</ele>
      <time>2010-01-01T01:44:16Z</time>
    </trkpt>
    <trkpt lat="31.925499" lon="35.013098">
      <ele>185.3</ele>
      <time>2010-01-01T01:44:18Z</time>
    </trkpt>
    <trkpt lat="31.925542" lon="35.013124">
      <ele>185.5</ele>
      <time>2010-01-01T01:44:19Z</time>
    </trkpt>
    <trkpt lat="31.925574" lon="35.01315">
      <ele>185.6</ele>
      <time>2010-01-01T01:44:21Z</time>
    </trkpt>
    <trkpt lat="31.925598" lon="35.013171">
      <ele>185.8</ele>
      <time>2010-01-01T01:44:22Z</time>
    </trkpt>
    <trkpt lat="31.925634" lon="35.013193">
      <ele>185.9</ele>
      <time>2010-01-01T01:44:24Z</time>
    </trkpt>
    <trkpt lat="31.925675" lon="35.013205">
      <ele>186.0</ele>
      <time>2010-01-01T01:44:26Z</time>
    </trkpt>
    <trkpt lat="31.925711" lon="35.013211">
      <ele>186.1</ele>
      <time>2010-01-01T01:44:27Z</time>
    </trkpt>
    <trkpt lat="31.925742" lon="35.013212">
      <ele>186.1</ele>
      <time>2010-01-01T01:44:28Z</time>
    </trkpt>
    <trkpt lat="31.925771" lon="35.013218">
      <ele>186.2</ele>
      <time>2010-01-01T01:44:29Z</time>
    </trkpt>
    <trkpt lat="31.9258" lon="35.013231">
      <ele>186.2</ele>
      <time>2010-01-01T01:44:31Z</time>
    </trkpt>
    <trkpt lat="31.925828" lon="35.013239">
      <ele>186.3</ele>
      <time>2010-01-01T01:44:32Z</time>
    </trkpt>
    <trkpt lat="31.925876" lon="35.013264">
      <ele>186.4</ele>
      <time>2010-01-01T01:44:34Z</time>
    </trkpt>
    <trkpt lat="31.925922" lon="35.013297">
      <ele>186.4</ele>
      <time>2010-01-01T01:44:36Z</time>
    </trkpt>
    <trkpt lat="31.925974" lon="35.013327">
      <ele>186.5</ele>
      <time>2010-01-01T01:44:38Z</time>
    </trkpt>
    <trkpt lat="31.926002" lon="35.013338">
      <ele>186.5</ele>
      <time>2010-01-01T01:44:40Z</time>
    </trkpt>
    <trkpt lat="31.926034" lon="35.013354">
      <ele>186.5</ele>
      <time>2010-01-01T01:44:41Z</time>
    </trkpt>
    <trkpt lat="31.926073" lon="35.013373">
      <ele>186.5</ele>
      <time>2010-01-01T01:44:43Z</time>
    </trkpt>
    <trkpt lat="31.926106" lon="35.013387">
      <ele>186.5</ele>
      <time>2010-01-01T01:44:44Z</time>
    </trkpt>
    <trkpt lat="31.926135" lon="35.0134">
      <ele>186.5</ele>
      <time>2010-01-01T01:44:45Z</time>
    </trkpt>
    <trkpt lat="31.926172" lon="35.013417">
      <ele>186.5</ele>
      <time>2010-01-01T01:44:47Z</time>
    </trkpt>
    <trkpt lat="31.926213" lon="35.013435">
      <ele>186.4</ele>
      <time>2010-01-01T01:44:49Z</time>
    </trkpt>
    <trkpt lat="31.926241" lon="35.013456">
      <ele>186.4</ele>
      <time>2010-01-01T01:44:50Z</time>
    </trkpt>
    <trkpt lat="31.926274" lon="35.013487">
      <ele>186.6</ele>
      <time>2010-01-01T01:44:52Z</time>
    </trkpt>
    <trkpt lat="31.926299" lon="35.013517">
      <ele>186.8</ele>
      <time>2010-01-01T01:44:53Z</time>
    </trkpt>
    <trkpt lat="31.926322" lon="35.013543">
      <ele>187.0</ele>
      <time>2010-01-01T01:44:54Z</time>
    </trkpt>
    <trkpt lat="31.926338" lon="35.013573">
      <ele>187.1</ele>
      <time>2010-01-01T01:44:56Z</time>
    </trkpt>
    <trkpt lat="31.926354" lon="35.013609">
      <ele>187.2</ele>
      <time>2010-01-01T01:44:57Z</time>
    </trkpt>
    <trkpt lat="31.92637" lon="35.013642">
      <ele>187.3</ele>
      <time>2010-01-01T01:44:58Z</time>
    </trkpt>
    <trkpt lat="31.926389" lon="35.01368">
      <ele>187.4</ele>
      <time>2010-01-01T01:45:00Z</time>
    </trkpt>
    <trkpt lat="31.926408" lon="35.013708">
      <ele>187.6</ele>
      <time>2010-01-01T01:45:01Z</time>
    </trkpt>
    <trkpt lat="31.926401" lon="35.013769">
      <ele>187.5</ele>
      <time>2010-01-01T01:45:03Z</time>
    </trkpt>
    <trkpt lat="31.92641" lon="35.013806">
      <ele>187.6</ele>
      <time>2010-01-01T01:45:04Z</time>
    </trkpt>
    <trkpt lat="31.926404" lon="35.013879">
      <ele>187.6</ele>
      <time>2010-01-01T01:45:07Z</time>
    </trkpt>
    <trkpt lat="31.926403" lon="35.013919">
      <ele>187.6</ele>
      <time>2010-01-01T01:45:08Z</time>
    </trkpt>
    <trkpt lat="31.926377" lon="35.013951">
      <ele>187.4</ele>
      <time>2010-01-01T01:45:10Z</time>
    </trkpt>
    <trkpt lat="31.926359" lon="35.01399">
      <ele>187.3</ele>
      <time>2010-01-01T01:45:11Z</time>
    </trkpt>
    <trkpt lat="31.926339" lon="35.014034">
      <ele>187.2</ele>
      <time>2010-01-01T01:45:13Z</time>
    </trkpt>
    <trkpt lat="31.926325" lon="35.014073">
      <ele>187.2</ele>
      <time>2010-01-01T01:45:14Z</time>
    </trkpt>
    <trkpt lat="31.92629" lon="35.01413">
      <ele>187.1</ele>
      <time>2010-01-01T01:45:17Z</time>
    </trkpt>
    <trkpt lat="31.926272" lon="35.014165">
      <ele>187.1</ele>
      <time>2010-01-01T01:45:18Z</time>
    </trkpt>
    <trkpt lat="31.926251" lon="35.014206">
      <ele>187.1</ele>
      <time>2010-01-01T01:45:20Z</time>
    </trkpt>
    <trkpt lat="31.926231" lon="35.014242">
      <ele>187.3</ele>
      <time>2010-01-01T01:45:21Z</time>
    </trkpt>
    <trkpt lat="31.926199" lon="35.014298">
      <ele>187.8</ele>
      <time>2010-01-01T01:45:24Z</time>
    </trkpt>
    <trkpt lat="31.926192" lon="35.01435">
      <ele>188.0</ele>
      <time>2010-01-01T01:45:25Z</time>
    </trkpt>
    <trkpt lat="31.926196" lon="35.014397">
      <ele>188.1</ele>
      <time>2010-01-01T01:45:27Z</time>
    </trkpt>
    <trkpt lat="31.926205" lon="35.014452">
      <ele>188.2</ele>
      <time>2010-01-01T01:45:29Z</time>
    </trkpt>
    <trkpt lat="31.926208" lon="35.014514">
      <ele>188.3</ele>
      <time>2010-01-01T01:45:31Z</time>
    </trkpt>
    <trkpt lat="31.926212" lon="35.014569">
      <ele>188.4</ele>
      <time>2010-01-01T01:45:33Z</time>
    </trkpt>
    <trkpt lat="31.926228" lon="35.014611">
      <ele>188.4</ele>
      <time>2010-01-01T01:45:34Z</time>
    </trkpt>
    <trkpt lat="31.926234" lon="35.01466">
      <ele>188.6</ele>
      <time>2010-01-01T01:45:36Z</time>
    </trkpt>
    <trkpt lat="31.926229" lon="35.014691">
      <ele>188.8</ele>
      <time>2010-01-01T01:45:37Z</time>
    </trkpt>
    <trkpt lat="31.926216" lon="35.014732">
      <ele>189.1</ele>
      <time>2010-01-01T01:45:39Z</time>
    </trkpt>
    <trkpt lat="31.926207" lon="35.014764">
      <ele>189.4</ele>
      <time>2010-01-01T01:45:40Z</time>
    </trkpt>
    <trkpt lat="31.926195" lon="35.014824">
      <ele>189.9</ele>
      <time>2010-01-01T01:45:42Z</time>
    </trkpt>
    <trkpt lat="31.926174" lon="35.014883">
      <ele>190.4</ele>
      <time>2010-01-01T01:45:44Z</time>
    </trkpt>
    <trkpt lat="31.926157" lon="35.014919">
      <ele>190.9</ele>
      <time>2010-01-01T01:45:45Z</time>
    </trkpt>
    <trkpt lat="31.926143" lon="35.014969">
      <ele>191.3</ele>
      <time>2010-01-01T01:45:47Z</time>
    </trkpt>
    <trkpt lat="31.926132" lon="35.015004">
      <ele>191.6</ele>
      <time>2010-01-01T01:45:48Z</time>
    </trkpt>
    <trkpt lat="31.926123" lon="35.015042">
      <ele>192.0</ele>
      <time>2010-01-01T01:45:50Z</time>
    </trkpt>
    <trkpt lat="31.926108" lon="35.015086">
      <ele>192.4</ele>
      <time>2010-01-01T01:45:51Z</time>
    </trkpt>
    <trkpt lat="31.926095" lon="35.015135">
      <ele>192.9</ele>
      <time>2010-01-01T01:45:53Z</time>
    </trkpt>
    <trkpt lat="31.926094" lon="35.015184">
      <ele>193.2</ele>
      <time>2010-01-01T01:45:55Z</time>
    </trkpt>
    <trkpt lat="31.926085" lon="35.015226">
      <ele>193.5</ele>
      <time>2010-01-01T01:45:56Z</time>
    </trkpt>
    <trkpt lat="31.926078" lon="35.015267">
      <ele>193.9</ele>
      <time>2010-01-01T01:45:58Z</time>
    </trkpt>
    <trkpt lat="31.926069" lon="35.015305">
      <ele>194.2</ele>
      <time>2010-01-01T01:45:59Z</time>
    </trkpt>
    <trkpt lat="31.926061" lon="35.015344">
      <ele>194.5</ele>
      <time>2010-01-01T01:46:00Z</time>
    </trkpt>
    <trkpt lat="31.926051" lon="35.015385">
      <ele>194.9</ele>
      <time>2010-01-01T01:46:02Z</time>
    </trkpt>
    <trkpt lat="31.926055" lon="35.015459">
      <ele>195.0</ele>
      <time>2010-01-01T01:46:04Z</time>
    </trkpt>
    <trkpt lat="31.926051" lon="35.015511">
      <ele>195.0</ele>
      <time>2010-01-01T01:46:06Z</time>
    </trkpt>
    <trkpt lat="31.926049" lon="35.015549">
      <ele>195.0</ele>
      <time>2010-01-01T01:46:07Z</time>
    </trkpt>
    <trkpt lat="31.926054" lon="35.015599">
      <ele>194.8</ele>
      <time>2010-01-01T01:46:09Z</time>
    </trkpt>
    <trkpt lat="31.926059" lon="35.015635">
      <ele>194.7</ele>
      <time>2010-01-01T01:46:10Z</time>
    </trkpt>
    <trkpt lat="31.926058" lon="35.01568">
      <ele>194.7</ele>
      <time>2010-01-01T01:46:12Z</time>
    </trkpt>
    <trkpt lat="31.926051" lon="35.015717">
      <ele>194.7</ele>
      <time>2010-01-01T01:46:13Z</time>
    </trkpt>
    <trkpt lat="31.926044" lon="35.015755">
      <ele>194.8</ele>
      <time>2010-01-01T01:46:15Z</time>
    </trkpt>
    <trkpt lat="31.926038" lon="35.015796">
      <ele>194.9</ele>
      <time>2010-01-01T01:46:16Z</time>
    </trkpt>
    <trkpt lat="31.925995" lon="35.015839">
      <ele>195.6</ele>
      <time>2010-01-01T01:46:18Z</time>
    </trkpt>
    <trkpt lat="31.925972" lon="35.015867">
      <ele>196.0</ele>
      <time>2010-01-01T01:46:20Z</time>
    </trkpt>
    <trkpt lat="31.925943" lon="35.015884">
      <ele>196.5</ele>
      <time>2010-01-01T01:46:21Z</time>
    </trkpt>
    <trkpt lat="31.92591" lon="35.015897">
      <ele>197.1</ele>
      <time>2010-01-01T01:46:22Z</time>
    </trkpt>
    <trkpt lat="31.925874" lon="35.0159">
      <ele>197.8</ele>
      <time>2010-01-01T01:46:24Z</time>
    </trkpt>
    <trkpt lat="31.92585" lon="35.015923">
      <ele>198.2</ele>
      <time>2010-01-01T01:46:25Z</time>
    </trkpt>
    <trkpt lat="31.925826" lon="35.015947">
      <ele>198.6</ele>
      <time>2010-01-01T01:46:26Z</time>
    </trkpt>
    <trkpt lat="31.925819" lon="35.015993">
      <ele>198.8</ele>
      <time>2010-01-01T01:46:28Z</time>
    </trkpt>
    <trkpt lat="31.925814" lon="35.01603">
      <ele>198.9</ele>
      <time>2010-01-01T01:46:29Z</time>
    </trkpt>
    <trkpt lat="31.925811" lon="35.016072">
      <ele>198.9</ele>
      <time>2010-01-01T01:46:30Z</time>
    </trkpt>
    <trkpt lat="31.925806" lon="35.016113">
      <ele>199.0</ele>
      <time>2010-01-01T01:46:32Z</time>
    </trkpt>
    <trkpt lat="31.925792" lon="35.016147">
      <ele>199.3</ele>
      <time>2010-01-01T01:46:33Z</time>
    </trkpt>
    <trkpt lat="31.925779" lon="35.01618">
      <ele>199.6</ele>
      <time>2010-01-01T01:46:34Z</time>
    </trkpt>
    <trkpt lat="31.925742" lon="35.016235">
      <ele>200.4</ele>
      <time>2010-01-01T01:46:37Z</time>
    </trkpt>
    <trkpt lat="31.925738" lon="35.016284">
      <ele>200.5</ele>
      <time>2010-01-01T01:46:38Z</time>
    </trkpt>
    <trkpt lat="31.925732" lon="35.016317">
      <ele>200.6</ele>
      <time>2010-01-01T01:46:40Z</time>
    </trkpt>
    <trkpt lat="31.925718" lon="35.016348">
      <ele>200.9</ele>
      <time>2010-01-01T01:46:41Z</time>
    </trkpt>
    <trkpt lat="31.925708" lon="35.016384">
      <ele>201.1</ele>
      <time>2010-01-01T01:46:42Z</time>
    </trkpt>
    <trkpt lat="31.925698" lon="35.016428">
      <ele>201.3</ele>
      <time>2010-01-01T01:46:44Z</time>
    </trkpt>
    <trkpt lat="31.925694" lon="35.016462">
      <ele>201.4</ele>
      <time>2010-01-01T01:46:45Z</time>
    </trkpt>
    <trkpt lat="31.925689" lon="35.016497">
      <ele>201.5</ele>
      <time>2010-01-01T01:46:46Z</time>
    </trkpt>
    <trkpt lat="31.925708" lon="35.016562">
      <ele>201.2</ele>
      <time>2010-01-01T01:46:48Z</time>
    </trkpt>
    <trkpt lat="31.9257" lon="35.016605">
      <ele>201.4</ele>
      <time>2010-01-01T01:46:50Z</time>
    </trkpt>
    <trkpt lat="31.925687" lon="35.01665">
      <ele>201.6</ele>
      <time>2010-01-01T01:46:51Z</time>
    </trkpt>
    <trkpt lat="31.925675" lon="35.016696">
      <ele>201.9</ele>
      <time>2010-01-01T01:46:53Z</time>
    </trkpt>
    <trkpt lat="31.925665" lon="35.01673">
      <ele>202.1</ele>
      <time>2010-01-01T01:46:54Z</time>
    </trkpt>
    <trkpt lat="31.925651" lon="35.016762">
      <ele>202.4</ele>
      <time>2010-01-01T01:46:56Z</time>
    </trkpt>
    <trkpt lat="31.925631" lon="35.016788">
      <ele>202.8</ele>
      <time>2010-01-01T01:46:57Z</time>
    </trkpt>
    <trkpt lat="31.925617" lon="35.016821">
      <ele>203.1</ele>
      <time>2010-01-01T01:46:58Z</time>
    </trkpt>
    <trkpt lat="31.925605" lon="35.016862">
      <ele>203.3</ele>
      <time>2010-01-01T01:46:59Z</time>
    </trkpt>
    <trkpt lat="31.925593" lon="35.016898">
      <ele>203.6</ele>
      <time>2010-01-01T01:47:01Z</time>
    </trkpt>
    <trkpt lat="31.925584" lon="35.016936">
      <ele>203.8</ele>
      <time>2010-01-01T01:47:02Z</time>
    </trkpt>
    <trkpt lat="31.925576" lon="35.016972">
      <ele>203.9</ele>
      <time>2010-01-01T01:47:03Z</time>
    </trkpt>
    <trkpt lat="31.925576" lon="35.017044">
      <ele>203.9</ele>
      <time>2010-01-01T01:47:06Z</time>
    </trkpt>
    <trkpt lat="31.925575" lon="35.017083">
      <ele>204.0</ele>
      <time>2010-01-01T01:47:07Z</time>
    </trkpt>
    <trkpt lat="31.925566" lon="35.01712">
      <ele>204.1</ele>
      <time>2010-01-01T01:47:08Z</time>
    </trkpt>
    <trkpt lat="31.925555" lon="35.017155">
      <ele>204.3</ele>
      <time>2010-01-01T01:47:10Z</time>
    </trkpt>
    <trkpt lat="31.925546" lon="35.017187">
      <ele>204.4</ele>
      <time>2010-01-01T01:47:11Z</time>
    </trkpt>
    <trkpt lat="31.92553" lon="35.017213">
      <ele>204.7</ele>
      <time>2010-01-01T01:47:12Z</time>
    </trkpt>
    <trkpt lat="31.925512" lon="35.01726">
      <ele>204.9</ele>
      <time>2010-01-01T01:47:14Z</time>
    </trkpt>
    <trkpt lat="31.925488" lon="35.017308">
      <ele>205.3</ele>
      <time>2010-01-01T01:47:16Z</time>
    </trkpt>
    <trkpt lat="31.925472" lon="35.017344">
      <ele>205.5</ele>
      <time>2010-01-01T01:47:17Z</time>
    </trkpt>
    <trkpt lat="31.925449" lon="35.017365">
      <ele>205.8</ele>
      <time>2010-01-01T01:47:18Z</time>
    </trkpt>
    <trkpt lat="31.925416" lon="35.017411">
      <ele>206.2</ele>
      <time>2010-01-01T01:47:20Z</time>
    </trkpt>
    <trkpt lat="31.925378" lon="35.017461">
      <ele>207.3</ele>
      <time>2010-01-01T01:47:22Z</time>
    </trkpt>
    <trkpt lat="31.925352" lon="35.017502">
      <ele>208.1</ele>
      <time>2010-01-01T01:47:24Z</time>
    </trkpt>
    <trkpt lat="31.925324" lon="35.017543">
      <ele>208.8</ele>
      <time>2010-01-01T01:47:26Z</time>
    </trkpt>
    <trkpt lat="31.925305" lon="35.017574">
      <ele>209.3</ele>
      <time>2010-01-01T01:47:27Z</time>
    </trkpt>
    <trkpt lat="31.92528" lon="35.017613">
      <ele>210.0</ele>
      <time>2010-01-01T01:47:29Z</time>
    </trkpt>
    <trkpt lat="31.925241" lon="35.017655">
      <ele>211.1</ele>
      <time>2010-01-01T01:47:31Z</time>
    </trkpt>
    <trkpt lat="31.925221" lon="35.017683">
      <ele>211.6</ele>
      <time>2010-01-01T01:47:32Z</time>
    </trkpt>
    <trkpt lat="31.925206" lon="35.017713">
      <ele>212.0</ele>
      <time>2010-01-01T01:47:34Z</time>
    </trkpt>
    <trkpt lat="31.925194" lon="35.017745">
      <ele>212.3</ele>
      <time>2010-01-01T01:47:35Z</time>
    </trkpt>
    <trkpt lat="31.925175" lon="35.017804">
      <ele>212.6</ele>
      <time>2010-01-01T01:47:37Z</time>
    </trkpt>
    <trkpt lat="31.925179" lon="35.017883">
      <ele>212.2</ele>
      <time>2010-01-01T01:47:40Z</time>
    </trkpt>
    <trkpt lat="31.925186" lon="35.017932">
      <ele>211.8</ele>
      <time>2010-01-01T01:47:41Z</time>
    </trkpt>
    <trkpt lat="31.92518" lon="35.017975">
      <ele>211.6</ele>
      <time>2010-01-01T01:47:43Z</time>
    </trkpt>
    <trkpt lat="31.92518" lon="35.018011">
      <ele>211.3</ele>
      <time>2010-01-01T01:47:44Z</time>
    </trkpt>
    <trkpt lat="31.925174" lon="35.01805">
      <ele>211.1</ele>
      <time>2010-01-01T01:47:45Z</time>
    </trkpt>
    <trkpt lat="31.925176" lon="35.01809">
      <ele>210.7</ele>
      <time>2010-01-01T01:47:47Z</time>
    </trkpt>
    <trkpt lat="31.925153" lon="35.018145">
      <ele>210.8</ele>
      <time>2010-01-01T01:47:49Z</time>
    </trkpt>
    <trkpt lat="31.925161" lon="35.018209">
      <ele>210.0</ele>
      <time>2010-01-01T01:47:51Z</time>
    </trkpt>
    <trkpt lat="31.925143" lon="35.018244">
      <ele>210.2</ele>
      <time>2010-01-01T01:47:52Z</time>
    </trkpt>
    <trkpt lat="31.925137" lon="35.018287">
      <ele>210.0</ele>
      <time>2010-01-01T01:47:54Z</time>
    </trkpt>
    <trkpt lat="31.925147" lon="35.018322">
      <ele>209.4</ele>
      <time>2010-01-01T01:47:55Z</time>
    </trkpt>
    <trkpt lat="31.925146" lon="35.018374">
      <ele>208.9</ele>
      <time>2010-01-01T01:47:57Z</time>
    </trkpt>
    <trkpt lat="31.925142" lon="35.018421">
      <ele>208.6</ele>
      <time>2010-01-01T01:47:58Z</time>
    </trkpt>
    <trkpt lat="31.925129" lon="35.01847">
      <ele>208.5</ele>
      <time>2010-01-01T01:48:00Z</time>
    </trkpt>
    <trkpt lat="31.925127" lon="35.018512">
      <ele>208.2</ele>
      <time>2010-01-01T01:48:02Z</time>
    </trkpt>
    <trkpt lat="31.925128" lon="35.018565">
      <ele>207.6</ele>
      <time>2010-01-01T01:48:03Z</time>
    </trkpt>
    <trkpt lat="31.925125" lon="35.018605">
      <ele>207.3</ele>
      <time>2010-01-01T01:48:05Z</time>
    </trkpt>
    <trkpt lat="31.92513" lon="35.018647">
      <ele>206.8</ele>
      <time>2010-01-01T01:48:06Z</time>
    </trkpt>
    <trkpt lat="31.925126" lon="35.018702">
      <ele>206.4</ele>
      <time>2010-01-01T01:48:08Z</time>
    </trkpt>
    <trkpt lat="31.925127" lon="35.018758">
      <ele>205.9</ele>
      <time>2010-01-01T01:48:10Z</time>
    </trkpt>
    <trkpt lat="31.925112" lon="35.018793">
      <ele>206.0</ele>
      <time>2010-01-01T01:48:11Z</time>
    </trkpt>
    <trkpt lat="31.925106" lon="35.018846">
      <ele>205.8</ele>
      <time>2010-01-01T01:48:13Z</time>
    </trkpt>
    <trkpt lat="31.925095" lon="35.018882">
      <ele>205.8</ele>
      <time>2010-01-01T01:48:14Z</time>
    </trkpt>
    <trkpt lat="31.925078" lon="35.018911">
      <ele>206.0</ele>
      <time>2010-01-01T01:48:16Z</time>
    </trkpt>
    <trkpt lat="31.925076" lon="35.018946">
      <ele>205.8</ele>
      <time>2010-01-01T01:48:17Z</time>
    </trkpt>
    <trkpt lat="31.92505" lon="35.018975">
      <ele>206.2</ele>
      <time>2010-01-01T01:48:18Z</time>
    </trkpt>
    <trkpt lat="31.925043" lon="35.019025">
      <ele>205.9</ele>
      <time>2010-01-01T01:48:20Z</time>
    </trkpt>
    <trkpt lat="31.925056" lon="35.019072">
      <ele>205.3</ele>
      <time>2010-01-01T01:48:22Z</time>
    </trkpt>
    <trkpt lat="31.925051" lon="35.019111">
      <ele>205.1</ele>
      <time>2010-01-01T01:48:23Z</time>
    </trkpt>
    <trkpt lat="31.925061" lon="35.019147">
      <ele>204.7</ele>
      <time>2010-01-01T01:48:24Z</time>
    </trkpt>
    <trkpt lat="31.925063" lon="35.019192">
      <ele>204.3</ele>
      <time>2010-01-01T01:48:26Z</time>
    </trkpt>
    <trkpt lat="31.925059" lon="35.019233">
      <ele>204.1</ele>
      <time>2010-01-01T01:48:27Z</time>
    </trkpt>
    <trkpt lat="31.925043" lon="35.019293">
      <ele>204.0</ele>
      <time>2010-01-01T01:48:29Z</time>
    </trkpt>
    <trkpt lat="31.925022" lon="35.019377">
      <ele>203.7</ele>
      <time>2010-01-01T01:48:32Z</time>
    </trkpt>
    <trkpt lat="31.925017" lon="35.01944">
      <ele>203.3</ele>
      <time>2010-01-01T01:48:34Z</time>
    </trkpt>
    <trkpt lat="31.924995" lon="35.019477">
      <ele>203.4</ele>
      <time>2010-01-01T01:48:36Z</time>
    </trkpt>
    <trkpt lat="31.924991" lon="35.019537">
      <ele>203.0</ele>
      <time>2010-01-01T01:48:38Z</time>
    </trkpt>
    <trkpt lat="31.92498" lon="35.019587">
      <ele>202.8</ele>
      <time>2010-01-01T01:48:40Z</time>
    </trkpt>
    <trkpt lat="31.924979" lon="35.019637">
      <ele>202.9</ele>
      <time>2010-01-01T01:48:41Z</time>
    </trkpt>
    <trkpt lat="31.924988" lon="35.019688">
      <ele>202.8</ele>
      <time>2010-01-01T01:48:43Z</time>
    </trkpt>
    <trkpt lat="31.924984" lon="35.019737">
      <ele>202.8</ele>
      <time>2010-01-01T01:48:45Z</time>
    </trkpt>
    <trkpt lat="31.924973" lon="35.019778">
      <ele>203.0</ele>
      <time>2010-01-01T01:48:46Z</time>
    </trkpt>
    <trkpt lat="31.924968" lon="35.019827">
      <ele>203.2</ele>
      <time>2010-01-01T01:48:48Z</time>
    </trkpt>
    <trkpt lat="31.92497" lon="35.019872">
      <ele>203.2</ele>
      <time>2010-01-01T01:48:50Z</time>
    </trkpt>
    <trkpt lat="31.92497" lon="35.019919">
      <ele>203.2</ele>
      <time>2010-01-01T01:48:51Z</time>
    </trkpt>
    <trkpt lat="31.924967" lon="35.019971">
      <ele>203.3</ele>
      <time>2010-01-01T01:48:53Z</time>
    </trkpt>
    <trkpt lat="31.92496" lon="35.020016">
      <ele>203.4</ele>
      <time>2010-01-01T01:48:55Z</time>
    </trkpt>
    <trkpt lat="31.924946" lon="35.020077">
      <ele>203.7</ele>
      <time>2010-01-01T01:48:57Z</time>
    </trkpt>
    <trkpt lat="31.924939" lon="35.020121">
      <ele>203.8</ele>
      <time>2010-01-01T01:48:58Z</time>
    </trkpt>
    <trkpt lat="31.924932" lon="35.020165">
      <ele>204.0</ele>
      <time>2010-01-01T01:49:00Z</time>
    </trkpt>
    <trkpt lat="31.92492" lon="35.020212">
      <ele>204.2</ele>
      <time>2010-01-01T01:49:01Z</time>
    </trkpt>
    <trkpt lat="31.924909" lon="35.020256">
      <ele>204.4</ele>
      <time>2010-01-01T01:49:03Z</time>
    </trkpt>
    <trkpt lat="31.924912" lon="35.0203">
      <ele>204.4</ele>
      <time>2010-01-01T01:49:04Z</time>
    </trkpt>
    <trkpt lat="31.924922" lon="35.020338">
      <ele>204.3</ele>
      <time>2010-01-01T01:49:06Z</time>
    </trkpt>
    <trkpt lat="31.924918" lon="35.020375">
      <ele>204.3</ele>
      <time>2010-01-01T01:49:07Z</time>
    </trkpt>
    <trkpt lat="31.92492" lon="35.020413">
      <ele>204.3</ele>
      <time>2010-01-01T01:49:08Z</time>
    </trkpt>
    <trkpt lat="31.924927" lon="35.020464">
      <ele>204.1</ele>
      <time>2010-01-01T01:49:10Z</time>
    </trkpt>
    <trkpt lat="31.924906" lon="35.020511">
      <ele>204.3</ele>
      <time>2010-01-01T01:49:12Z</time>
    </trkpt>
    <trkpt lat="31.924903" lon="35.020555">
      <ele>204.3</ele>
      <time>2010-01-01T01:49:13Z</time>
    </trkpt>
    <trkpt lat="31.924898" lon="35.020616">
      <ele>204.2</ele>
      <time>2010-01-01T01:49:15Z</time>
    </trkpt>
    <trkpt lat="31.924883" lon="35.020689">
      <ele>204.2</ele>
      <time>2010-01-01T01:49:18Z</time>
    </trkpt>
    <trkpt lat="31.924871" lon="35.020755">
      <ele>204.2</ele>
      <time>2010-01-01T01:49:20Z</time>
    </trkpt>
    <trkpt lat="31.924865" lon="35.020818">
      <ele>204.2</ele>
      <time>2010-01-01T01:49:22Z</time>
    </trkpt>
    <trkpt lat="31.924867" lon="35.020863">
      <ele>204.0</ele>
      <time>2010-01-01T01:49:24Z</time>
    </trkpt>
    <trkpt lat="31.924866" lon="35.020909">
      <ele>203.9</ele>
      <time>2010-01-01T01:49:26Z</time>
    </trkpt>
    <trkpt lat="31.924854" lon="35.020947">
      <ele>203.9</ele>
      <time>2010-01-01T01:49:27Z</time>
    </trkpt>
    <trkpt lat="31.924849" lon="35.021">
      <ele>203.9</ele>
      <time>2010-01-01T01:49:29Z</time>
    </trkpt>
    <trkpt lat="31.924842" lon="35.021034">
      <ele>203.8</ele>
      <time>2010-01-01T01:49:30Z</time>
    </trkpt>
    <trkpt lat="31.924842" lon="35.021113">
      <ele>203.6</ele>
      <time>2010-01-01T01:49:33Z</time>
    </trkpt>
    <trkpt lat="31.92483" lon="35.021151">
      <ele>203.6</ele>
      <time>2010-01-01T01:49:34Z</time>
    </trkpt>
    <trkpt lat="31.924821" lon="35.021188">
      <ele>203.6</ele>
      <time>2010-01-01T01:49:35Z</time>
    </trkpt>
    <trkpt lat="31.924808" lon="35.021217">
      <ele>203.7</ele>
      <time>2010-01-01T01:49:36Z</time>
    </trkpt>
    <trkpt lat="31.924795" lon="35.021254">
      <ele>203.7</ele>
      <time>2010-01-01T01:49:38Z</time>
    </trkpt>
    <trkpt lat="31.924779" lon="35.021287">
      <ele>203.7</ele>
      <time>2010-01-01T01:49:39Z</time>
    </trkpt>
    <trkpt lat="31.924763" lon="35.021332">
      <ele>203.7</ele>
      <time>2010-01-01T01:49:41Z</time>
    </trkpt>
    <trkpt lat="31.92475" lon="35.021367">
      <ele>203.6</ele>
      <time>2010-01-01T01:49:42Z</time>
    </trkpt>
    <trkpt lat="31.924737" lon="35.021408">
      <ele>203.6</ele>
      <time>2010-01-01T01:49:44Z</time>
    </trkpt>
    <trkpt lat="31.924732" lon="35.02145">
      <ele>203.4</ele>
      <time>2010-01-01T01:49:45Z</time>
    </trkpt>
    <trkpt lat="31.924724" lon="35.02149">
      <ele>203.2</ele>
      <time>2010-01-01T01:49:46Z</time>
    </trkpt>
    <trkpt lat="31.924708" lon="35.021531">
      <ele>203.1</ele>
      <time>2010-01-01T01:49:48Z</time>
    </trkpt>
    <trkpt lat="31.924698" lon="35.021569">
      <ele>203.0</ele>
      <time>2010-01-01T01:49:49Z</time>
    </trkpt>
    <trkpt lat="31.924686" lon="35.021608">
      <ele>202.8</ele>
      <time>2010-01-01T01:49:51Z</time>
    </trkpt>
    <trkpt lat="31.924674" lon="35.021652">
      <ele>202.7</ele>
      <time>2010-01-01T01:49:52Z</time>
    </trkpt>
    <trkpt lat="31.924669" lon="35.0217">
      <ele>202.4</ele>
      <time>2010-01-01T01:49:54Z</time>
    </trkpt>
    <trkpt lat="31.924658" lon="35.021744">
      <ele>202.2</ele>
      <time>2010-01-01T01:49:55Z</time>
    </trkpt>
    <trkpt lat="31.924648" lon="35.021795">
      <ele>201.9</ele>
      <time>2010-01-01T01:49:57Z</time>
    </trkpt>
    <trkpt lat="31.924639" lon="35.021837">
      <ele>201.6</ele>
      <time>2010-01-01T01:49:59Z</time>
    </trkpt>
    <trkpt lat="31.924627" lon="35.02188">
      <ele>201.4</ele>
      <time>2010-01-01T01:50:00Z</time>
    </trkpt>
    <trkpt lat="31.924614" lon="35.02192">
      <ele>201.1</ele>
      <time>2010-01-01T01:50:02Z</time>
    </trkpt>
    <trkpt lat="31.924601" lon="35.021959">
      <ele>200.9</ele>
      <time>2010-01-01T01:50:03Z</time>
    </trkpt>
    <trkpt lat="31.924602" lon="35.022006">
      <ele>200.6</ele>
      <time>2010-01-01T01:50:05Z</time>
    </trkpt>
    <trkpt lat="31.924584" lon="35.022051">
      <ele>200.2</ele>
      <time>2010-01-01T01:50:06Z</time>
    </trkpt>
    <trkpt lat="31.924572" lon="35.022081">
      <ele>200.3</ele>
      <time>2010-01-01T01:50:08Z</time>
    </trkpt>
    <trkpt lat="31.924573" lon="35.022121">
      <ele>200.4</ele>
      <time>2010-01-01T01:50:09Z</time>
    </trkpt>
    <trkpt lat="31.924573" lon="35.022161">
      <ele>200.5</ele>
      <time>2010-01-01T01:50:10Z</time>
    </trkpt>
    <trkpt lat="31.924569" lon="35.022203">
      <ele>200.7</ele>
      <time>2010-01-01T01:50:12Z</time>
    </trkpt>
    <trkpt lat="31.924562" lon="35.022252">
      <ele>201.1</ele>
      <time>2010-01-01T01:50:13Z</time>
    </trkpt>
    <trkpt lat="31.924558" lon="35.022298">
      <ele>201.3</ele>
      <time>2010-01-01T01:50:15Z</time>
    </trkpt>
    <trkpt lat="31.924547" lon="35.022338">
      <ele>201.7</ele>
      <time>2010-01-01T01:50:16Z</time>
    </trkpt>
    <trkpt lat="31.924553" lon="35.022385">
      <ele>201.8</ele>
      <time>2010-01-01T01:50:18Z</time>
    </trkpt>
    <trkpt lat="31.924564" lon="35.022426">
      <ele>201.7</ele>
      <time>2010-01-01T01:50:19Z</time>
    </trkpt>
    <trkpt lat="31.924568" lon="35.022469">
      <ele>201.7</ele>
      <time>2010-01-01T01:50:21Z</time>
    </trkpt>
    <trkpt lat="31.924563" lon="35.022515">
      <ele>202.0</ele>
      <time>2010-01-01T01:50:22Z</time>
    </trkpt>
    <trkpt lat="31.924559" lon="35.02256">
      <ele>202.3</ele>
      <time>2010-01-01T01:50:24Z</time>
    </trkpt>
    <trkpt lat="31.924544" lon="35.022608">
      <ele>202.8</ele>
      <time>2010-01-01T01:50:26Z</time>
    </trkpt>
    <trkpt lat="31.924528" lon="35.022656">
      <ele>203.3</ele>
      <time>2010-01-01T01:50:28Z</time>
    </trkpt>
    <trkpt lat="31.924514" lon="35.022702">
      <ele>203.8</ele>
      <time>2010-01-01T01:50:29Z</time>
    </trkpt>
    <trkpt lat="31.924505" lon="35.02275">
      <ele>204.2</ele>
      <time>2010-01-01T01:50:31Z</time>
    </trkpt>
    <trkpt lat="31.924497" lon="35.022792">
      <ele>204.6</ele>
      <time>2010-01-01T01:50:32Z</time>
    </trkpt>
    <trkpt lat="31.92449" lon="35.022831">
      <ele>204.9</ele>
      <time>2010-01-01T01:50:34Z</time>
    </trkpt>
    <trkpt lat="31.924485" lon="35.022872">
      <ele>205.2</ele>
      <time>2010-01-01T01:50:35Z</time>
    </trkpt>
    <trkpt lat="31.92448" lon="35.022907">
      <ele>205.4</ele>
      <time>2010-01-01T01:50:36Z</time>
    </trkpt>
    <trkpt lat="31.924475" lon="35.022947">
      <ele>205.8</ele>
      <time>2010-01-01T01:50:38Z</time>
    </trkpt>
    <trkpt lat="31.92446" lon="35.022985">
      <ele>206.3</ele>
      <time>2010-01-01T01:50:39Z</time>
    </trkpt>
    <trkpt lat="31.924451" lon="35.023023">
      <ele>206.8</ele>
      <time>2010-01-01T01:50:40Z</time>
    </trkpt>
    <trkpt lat="31.924435" lon="35.023088">
      <ele>207.5</ele>
      <time>2010-01-01T01:50:43Z</time>
    </trkpt>
    <trkpt lat="31.924434" lon="35.023146">
      <ele>207.9</ele>
      <time>2010-01-01T01:50:45Z</time>
    </trkpt>
    <trkpt lat="31.924432" lon="35.023185">
      <ele>208.1</ele>
      <time>2010-01-01T01:50:46Z</time>
    </trkpt>
    <trkpt lat="31.924432" lon="35.023221">
      <ele>208.3</ele>
      <time>2010-01-01T01:50:47Z</time>
    </trkpt>
    <trkpt lat="31.924421" lon="35.023266">
      <ele>208.8</ele>
      <time>2010-01-01T01:50:49Z</time>
    </trkpt>
    <trkpt lat="31.924407" lon="35.023297">
      <ele>209.3</ele>
      <time>2010-01-01T01:50:50Z</time>
    </trkpt>
    <trkpt lat="31.9244" lon="35.023336">
      <ele>209.7</ele>
      <time>2010-01-01T01:50:51Z</time>
    </trkpt>
    <trkpt lat="31.924403" lon="35.02338">
      <ele>209.9</ele>
      <time>2010-01-01T01:50:53Z</time>
    </trkpt>
    <trkpt lat="31.924405" lon="35.023423">
      <ele>210.1</ele>
      <time>2010-01-01T01:50:54Z</time>
    </trkpt>
    <trkpt lat="31.924415" lon="35.023482">
      <ele>210.2</ele>
      <time>2010-01-01T01:50:56Z</time>
    </trkpt>
    <trkpt lat="31.924426" lon="35.023529">
      <ele>210.2</ele>
      <time>2010-01-01T01:50:58Z</time>
    </trkpt>
    <trkpt lat="31.924427" lon="35.023567">
      <ele>210.4</ele>
      <time>2010-01-01T01:50:59Z</time>
    </trkpt>
    <trkpt lat="31.924442" lon="35.02361">
      <ele>210.3</ele>
      <time>2010-01-01T01:51:01Z</time>
    </trkpt>
    <trkpt lat="31.924457" lon="35.023652">
      <ele>210.2</ele>
      <time>2010-01-01T01:51:02Z</time>
    </trkpt>
    <trkpt lat="31.924466" lon="35.023694">
      <ele>210.2</ele>
      <time>2010-01-01T01:51:04Z</time>
    </trkpt>
    <trkpt lat="31.924488" lon="35.023718">
      <ele>209.9</ele>
      <time>2010-01-01T01:51:05Z</time>
    </trkpt>
    <trkpt lat="31.924497" lon="35.023753">
      <ele>209.9</ele>
      <time>2010-01-01T01:51:06Z</time>
    </trkpt>
    <trkpt lat="31.924504" lon="35.023785">
      <ele>209.9</ele>
      <time>2010-01-01T01:51:07Z</time>
    </trkpt>
    <trkpt lat="31.924516" lon="35.023829">
      <ele>209.8</ele>
      <time>2010-01-01T01:51:09Z</time>
    </trkpt>
    <trkpt lat="31.924516" lon="35.02388">
      <ele>210.1</ele>
      <time>2010-01-01T01:51:11Z</time>
    </trkpt>
    <trkpt lat="31.92453" lon="35.023927">
      <ele>210.0</ele>
      <time>2010-01-01T01:51:12Z</time>
    </trkpt>
    <trkpt lat="31.924547" lon="35.023962">
      <ele>209.8</ele>
      <time>2010-01-01T01:51:14Z</time>
    </trkpt>
    <trkpt lat="31.924564" lon="35.023996">
      <ele>209.6</ele>
      <time>2010-01-01T01:51:15Z</time>
    </trkpt>
    <trkpt lat="31.924571" lon="35.024035">
      <ele>209.6</ele>
      <time>2010-01-01T01:51:17Z</time>
    </trkpt>
    <trkpt lat="31.924586" lon="35.024097">
      <ele>209.6</ele>
      <time>2010-01-01T01:51:19Z</time>
    </trkpt>
    <trkpt lat="31.924598" lon="35.024139">
      <ele>209.7</ele>
      <time>2010-01-01T01:51:20Z</time>
    </trkpt>
    <trkpt lat="31.924612" lon="35.024173">
      <ele>209.8</ele>
      <time>2010-01-01T01:51:22Z</time>
    </trkpt>
    <trkpt lat="31.924617" lon="35.024212">
      <ele>209.9</ele>
      <time>2010-01-01T01:51:23Z</time>
    </trkpt>
    <trkpt lat="31.924624" lon="35.024258">
      <ele>210.0</ele>
      <time>2010-01-01T01:51:24Z</time>
    </trkpt>
    <trkpt lat="31.924651" lon="35.024311">
      <ele>209.9</ele>
      <time>2010-01-01T01:51:27Z</time>
    </trkpt>
    <trkpt lat="31.924666" lon="35.024362">
      <ele>210.0</ele>
      <time>2010-01-01T01:51:28Z</time>
    </trkpt>
    <trkpt lat="31.92468" lon="35.024414">
      <ele>210.0</ele>
      <time>2010-01-01T01:51:30Z</time>
    </trkpt>
    <trkpt lat="31.924685" lon="35.024448">
      <ele>210.0</ele>
      <time>2010-01-01T01:51:31Z</time>
    </trkpt>
    <trkpt lat="31.924696" lon="35.024482">
      <ele>210.0</ele>
      <time>2010-01-01T01:51:33Z</time>
    </trkpt>
    <trkpt lat="31.924714" lon="35.024515">
      <ele>209.9</ele>
      <time>2010-01-01T01:51:34Z</time>
    </trkpt>
    <trkpt lat="31.924732" lon="35.024542">
      <ele>209.7</ele>
      <time>2010-01-01T01:51:35Z</time>
    </trkpt>
    <trkpt lat="31.92475" lon="35.024591">
      <ele>209.6</ele>
      <time>2010-01-01T01:51:37Z</time>
    </trkpt>
    <trkpt lat="31.924763" lon="35.024656">
      <ele>209.8</ele>
      <time>2010-01-01T01:51:39Z</time>
    </trkpt>
    <trkpt lat="31.924776" lon="35.024686">
      <ele>209.8</ele>
      <time>2010-01-01T01:51:40Z</time>
    </trkpt>
    <trkpt lat="31.924785" lon="35.024718">
      <ele>209.8</ele>
      <time>2010-01-01T01:51:42Z</time>
    </trkpt>
    <trkpt lat="31.924784" lon="35.024756">
      <ele>210.0</ele>
      <time>2010-01-01T01:51:43Z</time>
    </trkpt>
    <trkpt lat="31.92478" lon="35.024791">
      <ele>210.2</ele>
      <time>2010-01-01T01:51:44Z</time>
    </trkpt>
    <trkpt lat="31.924781" lon="35.024832">
      <ele>210.4</ele>
      <time>2010-01-01T01:51:45Z</time>
    </trkpt>
    <trkpt lat="31.924787" lon="35.024867">
      <ele>210.5</ele>
      <time>2010-01-01T01:51:47Z</time>
    </trkpt>
    <trkpt lat="31.924784" lon="35.024903">
      <ele>210.8</ele>
      <time>2010-01-01T01:51:48Z</time>
    </trkpt>
    <trkpt lat="31.924787" lon="35.024952">
      <ele>211.0</ele>
      <time>2010-01-01T01:51:50Z</time>
    </trkpt>
    <trkpt lat="31.924784" lon="35.025002">
      <ele>211.3</ele>
      <time>2010-01-01T01:51:51Z</time>
    </trkpt>
    <trkpt lat="31.92478" lon="35.025053">
      <ele>211.6</ele>
      <time>2010-01-01T01:51:53Z</time>
    </trkpt>
    <trkpt lat="31.924782" lon="35.025125">
      <ele>211.9</ele>
      <time>2010-01-01T01:51:55Z</time>
    </trkpt>
    <trkpt lat="31.924784" lon="35.02516">
      <ele>212.1</ele>
      <time>2010-01-01T01:51:57Z</time>
    </trkpt>
    <trkpt lat="31.924789" lon="35.025198">
      <ele>212.2</ele>
      <time>2010-01-01T01:51:58Z</time>
    </trkpt>
    <trkpt lat="31.924796" lon="35.02523">
      <ele>212.2</ele>
      <time>2010-01-01T01:51:59Z</time>
    </trkpt>
    <trkpt lat="31.924792" lon="35.025263">
      <ele>212.5</ele>
      <time>2010-01-01T01:52:00Z</time>
    </trkpt>
    <trkpt lat="31.924786" lon="35.025332">
      <ele>212.9</ele>
      <time>2010-01-01T01:52:03Z</time>
    </trkpt>
    <trkpt lat="31.924777" lon="35.025368">
      <ele>213.3</ele>
      <time>2010-01-01T01:52:04Z</time>
    </trkpt>
    <trkpt lat="31.924771" lon="35.025448">
      <ele>213.5</ele>
      <time>2010-01-01T01:52:07Z</time>
    </trkpt>
    <trkpt lat="31.924773" lon="35.025481">
      <ele>213.4</ele>
      <time>2010-01-01T01:52:08Z</time>
    </trkpt>
    <trkpt lat="31.924765" lon="35.025542">
      <ele>213.3</ele>
      <time>2010-01-01T01:52:10Z</time>
    </trkpt>
    <trkpt lat="31.924744" lon="35.025585">
      <ele>213.5</ele>
      <time>2010-01-01T01:52:11Z</time>
    </trkpt>
    <trkpt lat="31.924715" lon="35.0256">
      <ele>214.0</ele>
      <time>2010-01-01T01:52:13Z</time>
    </trkpt>
    <trkpt lat="31.924657" lon="35.025631">
      <ele>214.8</ele>
      <time>2010-01-01T01:52:15Z</time>
    </trkpt>
    <trkpt lat="31.924623" lon="35.025645">
      <ele>215.3</ele>
      <time>2010-01-01T01:52:17Z</time>
    </trkpt>
    <trkpt lat="31.924595" lon="35.025664">
      <ele>215.6</ele>
      <time>2010-01-01T01:52:18Z</time>
    </trkpt>
    <trkpt lat="31.924571" lon="35.025686">
      <ele>215.9</ele>
      <time>2010-01-01T01:52:19Z</time>
    </trkpt>
    <trkpt lat="31.924548" lon="35.025702">
      <ele>216.1</ele>
      <time>2010-01-01T01:52:20Z</time>
    </trkpt>
    <trkpt lat="31.924525" lon="35.025721">
      <ele>216.3</ele>
      <time>2010-01-01T01:52:21Z</time>
    </trkpt>
    <trkpt lat="31.924495" lon="35.025734">
      <ele>216.6</ele>
      <time>2010-01-01T01:52:23Z</time>
    </trkpt>
    <trkpt lat="31.924474" lon="35.025756">
      <ele>216.8</ele>
      <time>2010-01-01T01:52:24Z</time>
    </trkpt>
    <trkpt lat="31.924431" lon="35.025776">
      <ele>217.2</ele>
      <time>2010-01-01T01:52:26Z</time>
    </trkpt>
    <trkpt lat="31.924392" lon="35.025793">
      <ele>217.6</ele>
      <time>2010-01-01T01:52:27Z</time>
    </trkpt>
    <trkpt lat="31.924369" lon="35.025813">
      <ele>217.8</ele>
      <time>2010-01-01T01:52:28Z</time>
    </trkpt>
    <trkpt lat="31.924346" lon="35.025842">
      <ele>217.9</ele>
      <time>2010-01-01T01:52:30Z</time>
    </trkpt>
    <trkpt lat="31.924326" lon="35.025876">
      <ele>218.0</ele>
      <time>2010-01-01T01:52:31Z</time>
    </trkpt>
    <trkpt lat="31.924298" lon="35.025908">
      <ele>218.2</ele>
      <time>2010-01-01T01:52:33Z</time>
    </trkpt>
    <trkpt lat="31.924271" lon="35.025941">
      <ele>218.4</ele>
      <time>2010-01-01T01:52:34Z</time>
    </trkpt>
    <trkpt lat="31.92425" lon="35.025978">
      <ele>218.4</ele>
      <time>2010-01-01T01:52:36Z</time>
    </trkpt>
    <trkpt lat="31.924211" lon="35.026012">
      <ele>218.7</ele>
      <time>2010-01-01T01:52:38Z</time>
    </trkpt>
    <trkpt lat="31.924166" lon="35.026033">
      <ele>219.2</ele>
      <time>2010-01-01T01:52:40Z</time>
    </trkpt>
    <trkpt lat="31.924131" lon="35.026053">
      <ele>219.5</ele>
      <time>2010-01-01T01:52:41Z</time>
    </trkpt>
    <trkpt lat="31.924101" lon="35.026057">
      <ele>219.8</ele>
      <time>2010-01-01T01:52:42Z</time>
    </trkpt>
    <trkpt lat="31.924062" lon="35.026074">
      <ele>220.2</ele>
      <time>2010-01-01T01:52:44Z</time>
    </trkpt>
    <trkpt lat="31.924019" lon="35.026082">
      <ele>220.7</ele>
      <time>2010-01-01T01:52:46Z</time>
    </trkpt>
    <trkpt lat="31.923986" lon="35.026079">
      <ele>221.1</ele>
      <time>2010-01-01T01:52:47Z</time>
    </trkpt>
    <trkpt lat="31.923956" lon="35.02609">
      <ele>221.4</ele>
      <time>2010-01-01T01:52:48Z</time>
    </trkpt>
    <trkpt lat="31.923922" lon="35.026088">
      <ele>221.9</ele>
      <time>2010-01-01T01:52:50Z</time>
    </trkpt>
    <trkpt lat="31.923896" lon="35.026102">
      <ele>222.1</ele>
      <time>2010-01-01T01:52:51Z</time>
    </trkpt>
    <trkpt lat="31.923863" lon="35.026099">
      <ele>222.5</ele>
      <time>2010-01-01T01:52:52Z</time>
    </trkpt>
    <trkpt lat="31.923833" lon="35.026105">
      <ele>222.9</ele>
      <time>2010-01-01T01:52:54Z</time>
    </trkpt>
    <trkpt lat="31.923804" lon="35.026119">
      <ele>223.1</ele>
      <time>2010-01-01T01:52:55Z</time>
    </trkpt>
    <trkpt lat="31.923773" lon="35.026139">
      <ele>223.4</ele>
      <time>2010-01-01T01:52:56Z</time>
    </trkpt>
    <trkpt lat="31.923733" lon="35.026145">
      <ele>223.8</ele>
      <time>2010-01-01T01:52:58Z</time>
    </trkpt>
    <trkpt lat="31.923687" lon="35.026156">
      <ele>224.1</ele>
      <time>2010-01-01T01:53:00Z</time>
    </trkpt>
    <trkpt lat="31.923651" lon="35.026168">
      <ele>224.4</ele>
      <time>2010-01-01T01:53:01Z</time>
    </trkpt>
    <trkpt lat="31.923607" lon="35.026179">
      <ele>224.7</ele>
      <time>2010-01-01T01:53:03Z</time>
    </trkpt>
    <trkpt lat="31.923579" lon="35.026195">
      <ele>224.8</ele>
      <time>2010-01-01T01:53:04Z</time>
    </trkpt>
    <trkpt lat="31.923548" lon="35.026221">
      <ele>224.9</ele>
      <time>2010-01-01T01:53:06Z</time>
    </trkpt>
    <trkpt lat="31.923509" lon="35.026235">
      <ele>225.1</ele>
      <time>2010-01-01T01:53:07Z</time>
    </trkpt>
    <trkpt lat="31.923474" lon="35.026246">
      <ele>225.4</ele>
      <time>2010-01-01T01:53:09Z</time>
    </trkpt>
    <trkpt lat="31.923421" lon="35.026261">
      <ele>225.7</ele>
      <time>2010-01-01T01:53:11Z</time>
    </trkpt>
    <trkpt lat="31.923375" lon="35.026268">
      <ele>226.0</ele>
      <time>2010-01-01T01:53:13Z</time>
    </trkpt>
    <trkpt lat="31.923322" lon="35.026283">
      <ele>226.3</ele>
      <time>2010-01-01T01:53:15Z</time>
    </trkpt>
    <trkpt lat="31.923287" lon="35.026302">
      <ele>226.3</ele>
      <time>2010-01-01T01:53:17Z</time>
    </trkpt>
    <trkpt lat="31.923257" lon="35.026317">
      <ele>226.4</ele>
      <time>2010-01-01T01:53:18Z</time>
    </trkpt>
    <trkpt lat="31.92322" lon="35.026333">
      <ele>226.5</ele>
      <time>2010-01-01T01:53:19Z</time>
    </trkpt>
    <trkpt lat="31.923179" lon="35.026343">
      <ele>226.7</ele>
      <time>2010-01-01T01:53:21Z</time>
    </trkpt>
    <trkpt lat="31.923135" lon="35.026362">
      <ele>226.9</ele>
      <time>2010-01-01T01:53:23Z</time>
    </trkpt>
    <trkpt lat="31.923087" lon="35.026381">
      <ele>227.0</ele>
      <time>2010-01-01T01:53:25Z</time>
    </trkpt>
    <trkpt lat="31.923034" lon="35.026392">
      <ele>227.3</ele>
      <time>2010-01-01T01:53:27Z</time>
    </trkpt>
    <trkpt lat="31.922976" lon="35.026403">
      <ele>227.5</ele>
      <time>2010-01-01T01:53:30Z</time>
    </trkpt>
    <trkpt lat="31.922917" lon="35.026423">
      <ele>227.7</ele>
      <time>2010-01-01T01:53:32Z</time>
    </trkpt>
    <trkpt lat="31.922859" lon="35.026444">
      <ele>228.0</ele>
      <time>2010-01-01T01:53:34Z</time>
    </trkpt>
    <trkpt lat="31.922805" lon="35.026448">
      <ele>228.5</ele>
      <time>2010-01-01T01:53:37Z</time>
    </trkpt>
    <trkpt lat="31.922763" lon="35.026455">
      <ele>228.8</ele>
      <time>2010-01-01T01:53:38Z</time>
    </trkpt>
    <trkpt lat="31.922716" lon="35.026458">
      <ele>229.2</ele>
      <time>2010-01-01T01:53:40Z</time>
    </trkpt>
    <trkpt lat="31.922678" lon="35.026472">
      <ele>229.3</ele>
      <time>2010-01-01T01:53:42Z</time>
    </trkpt>
    <trkpt lat="31.922645" lon="35.026485">
      <ele>229.5</ele>
      <time>2010-01-01T01:53:43Z</time>
    </trkpt>
    <trkpt lat="31.922616" lon="35.026491">
      <ele>229.6</ele>
      <time>2010-01-01T01:53:44Z</time>
    </trkpt>
    <trkpt lat="31.922589" lon="35.026494">
      <ele>229.9</ele>
      <time>2010-01-01T01:53:45Z</time>
    </trkpt>
    <trkpt lat="31.922561" lon="35.026508">
      <ele>229.9</ele>
      <time>2010-01-01T01:53:47Z</time>
    </trkpt>
    <trkpt lat="31.92253" lon="35.026521">
      <ele>230.0</ele>
      <time>2010-01-01T01:53:48Z</time>
    </trkpt>
    <trkpt lat="31.922505" lon="35.026537">
      <ele>230.0</ele>
      <time>2010-01-01T01:53:49Z</time>
    </trkpt>
    <trkpt lat="31.922478" lon="35.026548">
      <ele>230.1</ele>
      <time>2010-01-01T01:53:50Z</time>
    </trkpt>
    <trkpt lat="31.922441" lon="35.026558">
      <ele>230.2</ele>
      <time>2010-01-01T01:53:52Z</time>
    </trkpt>
    <trkpt lat="31.922406" lon="35.026569">
      <ele>230.4</ele>
      <time>2010-01-01T01:53:53Z</time>
    </trkpt>
    <trkpt lat="31.922369" lon="35.026572">
      <ele>230.6</ele>
      <time>2010-01-01T01:53:55Z</time>
    </trkpt>
    <trkpt lat="31.922338" lon="35.026583">
      <ele>230.7</ele>
      <time>2010-01-01T01:53:56Z</time>
    </trkpt>
    <trkpt lat="31.922311" lon="35.026589">
      <ele>230.9</ele>
      <time>2010-01-01T01:53:57Z</time>
    </trkpt>
    <trkpt lat="31.92227" lon="35.026595">
      <ele>231.1</ele>
      <time>2010-01-01T01:53:59Z</time>
    </trkpt>
    <trkpt lat="31.922225" lon="35.026593">
      <ele>231.6</ele>
      <time>2010-01-01T01:54:01Z</time>
    </trkpt>
    <trkpt lat="31.922198" lon="35.026596">
      <ele>231.8</ele>
      <time>2010-01-01T01:54:02Z</time>
    </trkpt>
    <trkpt lat="31.922145" lon="35.026617">
      <ele>231.9</ele>
      <time>2010-01-01T01:54:04Z</time>
    </trkpt>
    <trkpt lat="31.922104" lon="35.026613">
      <ele>232.3</ele>
      <time>2010-01-01T01:54:06Z</time>
    </trkpt>
    <trkpt lat="31.922065" lon="35.026621">
      <ele>232.4</ele>
      <time>2010-01-01T01:54:07Z</time>
    </trkpt>
    <trkpt lat="31.922034" lon="35.02663">
      <ele>232.4</ele>
      <time>2010-01-01T01:54:08Z</time>
    </trkpt>
    <trkpt lat="31.922005" lon="35.026642">
      <ele>232.4</ele>
      <time>2010-01-01T01:54:10Z</time>
    </trkpt>
    <trkpt lat="31.921956" lon="35.026634">
      <ele>232.8</ele>
      <time>2010-01-01T01:54:12Z</time>
    </trkpt>
    <trkpt lat="31.921904" lon="35.026641">
      <ele>233.0</ele>
      <time>2010-01-01T01:54:14Z</time>
    </trkpt>
    <trkpt lat="31.921876" lon="35.026648">
      <ele>233.0</ele>
      <time>2010-01-01T01:54:15Z</time>
    </trkpt>
    <trkpt lat="31.921826" lon="35.026656">
      <ele>233.1</ele>
      <time>2010-01-01T01:54:17Z</time>
    </trkpt>
    <trkpt lat="31.921793" lon="35.026668">
      <ele>233.0</ele>
      <time>2010-01-01T01:54:18Z</time>
    </trkpt>
    <trkpt lat="31.921747" lon="35.026678">
      <ele>233.1</ele>
      <time>2010-01-01T01:54:20Z</time>
    </trkpt>
    <trkpt lat="31.921706" lon="35.026666">
      <ele>233.6</ele>
      <time>2010-01-01T01:54:22Z</time>
    </trkpt>
    <trkpt lat="31.921666" lon="35.026658">
      <ele>233.9</ele>
      <time>2010-01-01T01:54:23Z</time>
    </trkpt>
    <trkpt lat="31.921635" lon="35.026641">
      <ele>234.4</ele>
      <time>2010-01-01T01:54:25Z</time>
    </trkpt>
    <trkpt lat="31.921599" lon="35.026608">
      <ele>235.3</ele>
      <time>2010-01-01T01:54:27Z</time>
    </trkpt>
    <trkpt lat="31.921613" lon="35.026574">
      <ele>235.9</ele>
      <time>2010-01-01T01:54:28Z</time>
    </trkpt>
    <trkpt lat="31.921644" lon="35.026549">
      <ele>236.2</ele>
      <time>2010-01-01T01:54:29Z</time>
    </trkpt>
    <trkpt lat="31.921684" lon="35.026531">
      <ele>236.3</ele>
      <time>2010-01-01T01:54:31Z</time>
    </trkpt>
    <trkpt lat="31.92173" lon="35.026499">
      <ele>236.7</ele>
      <time>2010-01-01T01:54:33Z</time>
    </trkpt>
    <trkpt lat="31.921755" lon="35.026487">
      <ele>236.8</ele>
      <time>2010-01-01T01:54:34Z</time>
    </trkpt>
    <trkpt lat="31.921782" lon="35.026478">
      <ele>236.8</ele>
      <time>2010-01-01T01:54:36Z</time>
    </trkpt>
    <trkpt lat="31.921815" lon="35.026475">
      <ele>236.6</ele>
      <time>2010-01-01T01:54:37Z</time>
    </trkpt>
    <trkpt lat="31.921847" lon="35.026469">
      <ele>236.5</ele>
      <time>2010-01-01T01:54:38Z</time>
    </trkpt>
    <trkpt lat="31.921876" lon="35.026462">
      <ele>236.5</ele>
      <time>2010-01-01T01:54:39Z</time>
    </trkpt>
    <trkpt lat="31.921913" lon="35.026434">
      <ele>236.8</ele>
      <time>2010-01-01T01:54:41Z</time>
    </trkpt>
    <trkpt lat="31.921948" lon="35.026414">
      <ele>236.9</ele>
      <time>2010-01-01T01:54:43Z</time>
    </trkpt>
    <trkpt lat="31.921984" lon="35.026395">
      <ele>237.0</ele>
      <time>2010-01-01T01:54:44Z</time>
    </trkpt>
    <trkpt lat="31.922016" lon="35.026365">
      <ele>237.4</ele>
      <time>2010-01-01T01:54:46Z</time>
    </trkpt>
    <trkpt lat="31.92204" lon="35.026338">
      <ele>237.7</ele>
      <time>2010-01-01T01:54:47Z</time>
    </trkpt>
    <trkpt lat="31.922064" lon="35.026317">
      <ele>237.9</ele>
      <time>2010-01-01T01:54:48Z</time>
    </trkpt>
    <trkpt lat="31.92209" lon="35.026296">
      <ele>238.1</ele>
      <time>2010-01-01T01:54:50Z</time>
    </trkpt>
    <trkpt lat="31.922126" lon="35.026279">
      <ele>238.0</ele>
      <time>2010-01-01T01:54:51Z</time>
    </trkpt>
    <trkpt lat="31.922163" lon="35.026249">
      <ele>238.2</ele>
      <time>2010-01-01T01:54:53Z</time>
    </trkpt>
    <trkpt lat="31.922191" lon="35.026225">
      <ele>238.3</ele>
      <time>2010-01-01T01:54:54Z</time>
    </trkpt>
    <trkpt lat="31.922228" lon="35.026209">
      <ele>238.2</ele>
      <time>2010-01-01T01:54:56Z</time>
    </trkpt>
    <trkpt lat="31.922252" lon="35.026189">
      <ele>238.3</ele>
      <time>2010-01-01T01:54:57Z</time>
    </trkpt>
    <trkpt lat="31.922278" lon="35.026173">
      <ele>238.3</ele>
      <time>2010-01-01T01:54:58Z</time>
    </trkpt>
    <trkpt lat="31.922313" lon="35.026155">
      <ele>238.2</ele>
      <time>2010-01-01T01:55:00Z</time>
    </trkpt>
    <trkpt lat="31.922341" lon="35.026144">
      <ele>238.1</ele>
      <time>2010-01-01T01:55:01Z</time>
    </trkpt>
    <trkpt lat="31.922375" lon="35.026127">
      <ele>238.0</ele>
      <time>2010-01-01T01:55:02Z</time>
    </trkpt>
    <trkpt lat="31.922421" lon="35.0261">
      <ele>237.9</ele>
      <time>2010-01-01T01:55:05Z</time>
    </trkpt>
    <trkpt lat="31.922448" lon="35.026089">
      <ele>237.7</ele>
      <time>2010-01-01T01:55:06Z</time>
    </trkpt>
    <trkpt lat="31.922478" lon="35.026078">
      <ele>237.6</ele>
      <time>2010-01-01T01:55:07Z</time>
    </trkpt>
    <trkpt lat="31.922506" lon="35.026067">
      <ele>237.4</ele>
      <time>2010-01-01T01:55:08Z</time>
    </trkpt>
    <trkpt lat="31.922558" lon="35.026036">
      <ele>237.3</ele>
      <time>2010-01-01T01:55:10Z</time>
    </trkpt>
    <trkpt lat="31.922592" lon="35.02602">
      <ele>237.1</ele>
      <time>2010-01-01T01:55:12Z</time>
    </trkpt>
    <trkpt lat="31.922621" lon="35.026004">
      <ele>237.0</ele>
      <time>2010-01-01T01:55:13Z</time>
    </trkpt>
    <trkpt lat="31.922651" lon="35.02599">
      <ele>236.8</ele>
      <time>2010-01-01T01:55:14Z</time>
    </trkpt>
    <trkpt lat="31.922689" lon="35.025974">
      <ele>236.6</ele>
      <time>2010-01-01T01:55:16Z</time>
    </trkpt>
    <trkpt lat="31.922723" lon="35.025954">
      <ele>236.4</ele>
      <time>2010-01-01T01:55:18Z</time>
    </trkpt>
    <trkpt lat="31.922752" lon="35.025948">
      <ele>236.1</ele>
      <time>2010-01-01T01:55:19Z</time>
    </trkpt>
    <trkpt lat="31.922779" lon="35.025937">
      <ele>235.9</ele>
      <time>2010-01-01T01:55:20Z</time>
    </trkpt>
    <trkpt lat="31.922804" lon="35.025922">
      <ele>235.8</ele>
      <time>2010-01-01T01:55:21Z</time>
    </trkpt>
    <trkpt lat="31.922832" lon="35.02591">
      <ele>235.6</ele>
      <time>2010-01-01T01:55:22Z</time>
    </trkpt>
    <trkpt lat="31.922861" lon="35.0259">
      <ele>235.4</ele>
      <time>2010-01-01T01:55:23Z</time>
    </trkpt>
    <trkpt lat="31.922887" lon="35.025889">
      <ele>235.2</ele>
      <time>2010-01-01T01:55:25Z</time>
    </trkpt>
    <trkpt lat="31.922931" lon="35.025863">
      <ele>234.9</ele>
      <time>2010-01-01T01:55:27Z</time>
    </trkpt>
    <trkpt lat="31.922959" lon="35.02585">
      <ele>234.8</ele>
      <time>2010-01-01T01:55:28Z</time>
    </trkpt>
    <trkpt lat="31.922985" lon="35.025839">
      <ele>234.6</ele>
      <time>2010-01-01T01:55:29Z</time>
    </trkpt>
    <trkpt lat="31.923043" lon="35.025817">
      <ele>234.2</ele>
      <time>2010-01-01T01:55:31Z</time>
    </trkpt>
    <trkpt lat="31.923077" lon="35.025805">
      <ele>233.9</ele>
      <time>2010-01-01T01:55:33Z</time>
    </trkpt>
    <trkpt lat="31.92311" lon="35.025786">
      <ele>233.7</ele>
      <time>2010-01-01T01:55:34Z</time>
    </trkpt>
    <trkpt lat="31.923148" lon="35.025761">
      <ele>233.5</ele>
      <time>2010-01-01T01:55:36Z</time>
    </trkpt>
    <trkpt lat="31.92318" lon="35.025738">
      <ele>233.4</ele>
      <time>2010-01-01T01:55:37Z</time>
    </trkpt>
    <trkpt lat="31.9232" lon="35.025703">
      <ele>233.5</ele>
      <time>2010-01-01T01:55:39Z</time>
    </trkpt>
    <trkpt lat="31.923222" lon="35.025664">
      <ele>233.6</ele>
      <time>2010-01-01T01:55:40Z</time>
    </trkpt>
    <trkpt lat="31.923236" lon="35.025635">
      <ele>233.7</ele>
      <time>2010-01-01T01:55:42Z</time>
    </trkpt>
    <trkpt lat="31.923259" lon="35.025599">
      <ele>233.8</ele>
      <time>2010-01-01T01:55:43Z</time>
    </trkpt>
    <trkpt lat="31.923279" lon="35.025572">
      <ele>233.8</ele>
      <time>2010-01-01T01:55:44Z</time>
    </trkpt>
    <trkpt lat="31.923302" lon="35.025543">
      <ele>233.7</ele>
      <time>2010-01-01T01:55:46Z</time>
    </trkpt>
    <trkpt lat="31.923317" lon="35.025507">
      <ele>233.9</ele>
      <time>2010-01-01T01:55:47Z</time>
    </trkpt>
    <trkpt lat="31.923328" lon="35.025473">
      <ele>234.0</ele>
      <time>2010-01-01T01:55:48Z</time>
    </trkpt>
    <trkpt lat="31.92334" lon="35.02544">
      <ele>234.2</ele>
      <time>2010-01-01T01:55:50Z</time>
    </trkpt>
    <trkpt lat="31.923351" lon="35.025411">
      <ele>234.2</ele>
      <time>2010-01-01T01:55:51Z</time>
    </trkpt>
    <trkpt lat="31.923366" lon="35.025342">
      <ele>234.1</ele>
      <time>2010-01-01T01:55:53Z</time>
    </trkpt>
    <trkpt lat="31.923376" lon="35.025305">
      <ele>234.0</ele>
      <time>2010-01-01T01:55:54Z</time>
    </trkpt>
    <trkpt lat="31.923382" lon="35.02527">
      <ele>234.0</ele>
      <time>2010-01-01T01:55:56Z</time>
    </trkpt>
    <trkpt lat="31.923376" lon="35.025197">
      <ele>234.2</ele>
      <time>2010-01-01T01:55:58Z</time>
    </trkpt>
    <trkpt lat="31.923378" lon="35.025155">
      <ele>234.3</ele>
      <time>2010-01-01T01:55:59Z</time>
    </trkpt>
    <trkpt lat="31.923377" lon="35.025121">
      <ele>234.4</ele>
      <time>2010-01-01T01:56:01Z</time>
    </trkpt>
    <trkpt lat="31.923379" lon="35.025056">
      <ele>234.5</ele>
      <time>2010-01-01T01:56:03Z</time>
    </trkpt>
    <trkpt lat="31.923375" lon="35.025023">
      <ele>234.6</ele>
      <time>2010-01-01T01:56:04Z</time>
    </trkpt>
    <trkpt lat="31.923368" lon="35.024988">
      <ele>234.8</ele>
      <time>2010-01-01T01:56:05Z</time>
    </trkpt>
    <trkpt lat="31.923368" lon="35.02495">
      <ele>234.8</ele>
      <time>2010-01-01T01:56:06Z</time>
    </trkpt>
    <trkpt lat="31.923365" lon="35.024914">
      <ele>234.9</ele>
      <time>2010-01-01T01:56:08Z</time>
    </trkpt>
    <trkpt lat="31.923365" lon="35.024873">
      <ele>235.0</ele>
      <time>2010-01-01T01:56:09Z</time>
    </trkpt>
    <trkpt lat="31.92337" lon="35.02483">
      <ele>235.0</ele>
      <time>2010-01-01T01:56:11Z</time>
    </trkpt>
    <trkpt lat="31.923368" lon="35.024793">
      <ele>235.1</ele>
      <time>2010-01-01T01:56:12Z</time>
    </trkpt>
    <trkpt lat="31.923359" lon="35.024755">
      <ele>235.3</ele>
      <time>2010-01-01T01:56:13Z</time>
    </trkpt>
    <trkpt lat="31.923348" lon="35.02472">
      <ele>235.5</ele>
      <time>2010-01-01T01:56:14Z</time>
    </trkpt>
    <trkpt lat="31.923339" lon="35.024683">
      <ele>235.7</ele>
      <time>2010-01-01T01:56:16Z</time>
    </trkpt>
    <trkpt lat="31.923331" lon="35.024647">
      <ele>235.9</ele>
      <time>2010-01-01T01:56:17Z</time>
    </trkpt>
    <trkpt lat="31.923319" lon="35.024606">
      <ele>236.2</ele>
      <time>2010-01-01T01:56:18Z</time>
    </trkpt>
    <trkpt lat="31.923304" lon="35.024565">
      <ele>236.3</ele>
      <time>2010-01-01T01:56:20Z</time>
    </trkpt>
    <trkpt lat="31.923295" lon="35.024524">
      <ele>236.3</ele>
      <time>2010-01-01T01:56:21Z</time>
    </trkpt>
    <trkpt lat="31.923289" lon="35.024481">
      <ele>236.2</ele>
      <time>2010-01-01T01:56:23Z</time>
    </trkpt>
    <trkpt lat="31.92328" lon="35.024441">
      <ele>236.2</ele>
      <time>2010-01-01T01:56:24Z</time>
    </trkpt>
    <trkpt lat="31.923264" lon="35.024396">
      <ele>236.2</ele>
      <time>2010-01-01T01:56:26Z</time>
    </trkpt>
    <trkpt lat="31.923251" lon="35.024344">
      <ele>236.2</ele>
      <time>2010-01-01T01:56:28Z</time>
    </trkpt>
    <trkpt lat="31.92324" lon="35.024301">
      <ele>236.2</ele>
      <time>2010-01-01T01:56:29Z</time>
    </trkpt>
    <trkpt lat="31.923222" lon="35.024258">
      <ele>236.3</ele>
      <time>2010-01-01T01:56:31Z</time>
    </trkpt>
    <trkpt lat="31.923199" lon="35.024206">
      <ele>236.4</ele>
      <time>2010-01-01T01:56:33Z</time>
    </trkpt>
    <trkpt lat="31.92318" lon="35.024168">
      <ele>236.6</ele>
      <time>2010-01-01T01:56:34Z</time>
    </trkpt>
    <trkpt lat="31.92316" lon="35.024127">
      <ele>236.7</ele>
      <time>2010-01-01T01:56:36Z</time>
    </trkpt>
    <trkpt lat="31.92314" lon="35.024089">
      <ele>236.8</ele>
      <time>2010-01-01T01:56:38Z</time>
    </trkpt>
    <trkpt lat="31.923123" lon="35.024045">
      <ele>236.9</ele>
      <time>2010-01-01T01:56:39Z</time>
    </trkpt>
    <trkpt lat="31.923107" lon="35.02401">
      <ele>237.0</ele>
      <time>2010-01-01T01:56:41Z</time>
    </trkpt>
    <trkpt lat="31.923083" lon="35.023986">
      <ele>237.3</ele>
      <time>2010-01-01T01:56:42Z</time>
    </trkpt>
    <trkpt lat="31.923069" lon="35.023953">
      <ele>237.4</ele>
      <time>2010-01-01T01:56:43Z</time>
    </trkpt>
    <trkpt lat="31.923048" lon="35.023903">
      <ele>237.5</ele>
      <time>2010-01-01T01:56:45Z</time>
    </trkpt>
    <trkpt lat="31.923031" lon="35.02387">
      <ele>237.7</ele>
      <time>2010-01-01T01:56:46Z</time>
    </trkpt>
    <trkpt lat="31.923013" lon="35.023843">
      <ele>237.8</ele>
      <time>2010-01-01T01:56:47Z</time>
    </trkpt>
    <trkpt lat="31.922995" lon="35.023817">
      <ele>238.0</ele>
      <time>2010-01-01T01:56:49Z</time>
    </trkpt>
    <trkpt lat="31.922983" lon="35.023786">
      <ele>238.1</ele>
      <time>2010-01-01T01:56:50Z</time>
    </trkpt>
    <trkpt lat="31.922952" lon="35.023745">
      <ele>238.4</ele>
      <time>2010-01-01T01:56:52Z</time>
    </trkpt>
    <trkpt lat="31.922931" lon="35.02372">
      <ele>238.7</ele>
      <time>2010-01-01T01:56:53Z</time>
    </trkpt>
    <trkpt lat="31.922892" lon="35.023665">
      <ele>239.0</ele>
      <time>2010-01-01T01:56:55Z</time>
    </trkpt>
    <trkpt lat="31.922862" lon="35.02361">
      <ele>239.1</ele>
      <time>2010-01-01T01:56:58Z</time>
    </trkpt>
    <trkpt lat="31.92284" lon="35.023586">
      <ele>239.3</ele>
      <time>2010-01-01T01:56:59Z</time>
    </trkpt>
    <trkpt lat="31.922818" lon="35.023563">
      <ele>239.4</ele>
      <time>2010-01-01T01:57:00Z</time>
    </trkpt>
    <trkpt lat="31.922794" lon="35.023524">
      <ele>239.5</ele>
      <time>2010-01-01T01:57:02Z</time>
    </trkpt>
    <trkpt lat="31.922771" lon="35.023499">
      <ele>239.7</ele>
      <time>2010-01-01T01:57:03Z</time>
    </trkpt>
    <trkpt lat="31.922749" lon="35.023468">
      <ele>239.8</ele>
      <time>2010-01-01T01:57:04Z</time>
    </trkpt>
    <trkpt lat="31.922724" lon="35.023433">
      <ele>239.9</ele>
      <time>2010-01-01T01:57:06Z</time>
    </trkpt>
    <trkpt lat="31.922697" lon="35.023396">
      <ele>240.1</ele>
      <time>2010-01-01T01:57:07Z</time>
    </trkpt>
    <trkpt lat="31.922665" lon="35.023366">
      <ele>240.3</ele>
      <time>2010-01-01T01:57:09Z</time>
    </trkpt>
    <trkpt lat="31.92264" lon="35.023331">
      <ele>240.5</ele>
      <time>2010-01-01T01:57:11Z</time>
    </trkpt>
    <trkpt lat="31.922597" lon="35.023285">
      <ele>240.8</ele>
      <time>2010-01-01T01:57:13Z</time>
    </trkpt>
    <trkpt lat="31.922564" lon="35.023234">
      <ele>241.0</ele>
      <time>2010-01-01T01:57:15Z</time>
    </trkpt>
    <trkpt lat="31.922537" lon="35.023205">
      <ele>241.2</ele>
      <time>2010-01-01T01:57:17Z</time>
    </trkpt>
    <trkpt lat="31.922513" lon="35.023176">
      <ele>241.3</ele>
      <time>2010-01-01T01:57:18Z</time>
    </trkpt>
    <trkpt lat="31.922487" lon="35.023155">
      <ele>241.5</ele>
      <time>2010-01-01T01:57:19Z</time>
    </trkpt>
    <trkpt lat="31.922466" lon="35.023132">
      <ele>241.7</ele>
      <time>2010-01-01T01:57:20Z</time>
    </trkpt>
    <trkpt lat="31.922454" lon="35.023098">
      <ele>241.8</ele>
      <time>2010-01-01T01:57:22Z</time>
    </trkpt>
    <trkpt lat="31.922437" lon="35.023066">
      <ele>241.9</ele>
      <time>2010-01-01T01:57:23Z</time>
    </trkpt>
    <trkpt lat="31.922415" lon="35.02303">
      <ele>242.0</ele>
      <time>2010-01-01T01:57:24Z</time>
    </trkpt>
    <trkpt lat="31.922402" lon="35.022993">
      <ele>242.1</ele>
      <time>2010-01-01T01:57:26Z</time>
    </trkpt>
    <trkpt lat="31.92239" lon="35.022957">
      <ele>242.1</ele>
      <time>2010-01-01T01:57:27Z</time>
    </trkpt>
    <trkpt lat="31.922382" lon="35.022908">
      <ele>242.1</ele>
      <time>2010-01-01T01:57:29Z</time>
    </trkpt>
    <trkpt lat="31.922371" lon="35.02287">
      <ele>242.1</ele>
      <time>2010-01-01T01:57:30Z</time>
    </trkpt>
    <trkpt lat="31.922349" lon="35.022838">
      <ele>242.2</ele>
      <time>2010-01-01T01:57:31Z</time>
    </trkpt>
    <trkpt lat="31.922328" lon="35.022799">
      <ele>242.2</ele>
      <time>2010-01-01T01:57:33Z</time>
    </trkpt>
    <trkpt lat="31.922313" lon="35.022753">
      <ele>242.2</ele>
      <time>2010-01-01T01:57:35Z</time>
    </trkpt>
    <trkpt lat="31.922295" lon="35.022716">
      <ele>242.3</ele>
      <time>2010-01-01T01:57:36Z</time>
    </trkpt>
    <trkpt lat="31.92228" lon="35.022675">
      <ele>242.3</ele>
      <time>2010-01-01T01:57:38Z</time>
    </trkpt>
    <trkpt lat="31.92226" lon="35.022635">
      <ele>242.4</ele>
      <time>2010-01-01T01:57:39Z</time>
    </trkpt>
    <trkpt lat="31.922239" lon="35.022599">
      <ele>242.5</ele>
      <time>2010-01-01T01:57:41Z</time>
    </trkpt>
    <trkpt lat="31.922214" lon="35.022561">
      <ele>242.7</ele>
      <time>2010-01-01T01:57:42Z</time>
    </trkpt>
    <trkpt lat="31.922192" lon="35.022522">
      <ele>242.8</ele>
      <time>2010-01-01T01:57:44Z</time>
    </trkpt>
    <trkpt lat="31.922175" lon="35.022464">
      <ele>242.9</ele>
      <time>2010-01-01T01:57:46Z</time>
    </trkpt>
    <trkpt lat="31.922145" lon="35.022405">
      <ele>243.0</ele>
      <time>2010-01-01T01:57:48Z</time>
    </trkpt>
    <trkpt lat="31.922124" lon="35.022355">
      <ele>243.2</ele>
      <time>2010-01-01T01:57:50Z</time>
    </trkpt>
    <trkpt lat="31.922109" lon="35.022307">
      <ele>243.2</ele>
      <time>2010-01-01T01:57:52Z</time>
    </trkpt>
    <trkpt lat="31.922089" lon="35.02227">
      <ele>243.4</ele>
      <time>2010-01-01T01:57:54Z</time>
    </trkpt>
    <trkpt lat="31.922088" lon="35.022195">
      <ele>243.2</ele>
      <time>2010-01-01T01:57:56Z</time>
    </trkpt>
    <trkpt lat="31.922091" lon="35.022149">
      <ele>243.1</ele>
      <time>2010-01-01T01:57:58Z</time>
    </trkpt>
    <trkpt lat="31.922099" lon="35.022106">
      <ele>242.8</ele>
      <time>2010-01-01T01:57:59Z</time>
    </trkpt>
    <trkpt lat="31.922108" lon="35.022049">
      <ele>242.9</ele>
      <time>2010-01-01T01:58:01Z</time>
    </trkpt>
    <trkpt lat="31.922116" lon="35.021987">
      <ele>243.1</ele>
      <time>2010-01-01T01:58:03Z</time>
    </trkpt>
    <trkpt lat="31.922119" lon="35.021918">
      <ele>243.5</ele>
      <time>2010-01-01T01:58:06Z</time>
    </trkpt>
    <trkpt lat="31.922123" lon="35.021851">
      <ele>243.8</ele>
      <time>2010-01-01T01:58:08Z</time>
    </trkpt>
    <trkpt lat="31.922126" lon="35.021787">
      <ele>244.1</ele>
      <time>2010-01-01T01:58:10Z</time>
    </trkpt>
    <trkpt lat="31.922118" lon="35.021721">
      <ele>244.6</ele>
      <time>2010-01-01T01:58:12Z</time>
    </trkpt>
    <trkpt lat="31.922126" lon="35.02165">
      <ele>244.9</ele>
      <time>2010-01-01T01:58:15Z</time>
    </trkpt>
    <trkpt lat="31.922133" lon="35.021581">
      <ele>245.1</ele>
      <time>2010-01-01T01:58:17Z</time>
    </trkpt>
    <trkpt lat="31.922132" lon="35.021515">
      <ele>245.5</ele>
      <time>2010-01-01T01:58:19Z</time>
    </trkpt>
    <trkpt lat="31.92214" lon="35.021451">
      <ele>245.7</ele>
      <time>2010-01-01T01:58:22Z</time>
    </trkpt>
    <trkpt lat="31.922149" lon="35.021387">
      <ele>245.9</ele>
      <time>2010-01-01T01:58:24Z</time>
    </trkpt>
    <trkpt lat="31.922163" lon="35.021315">
      <ele>246.0</ele>
      <time>2010-01-01T01:58:26Z</time>
    </trkpt>
    <trkpt lat="31.922171" lon="35.02125">
      <ele>246.2</ele>
      <time>2010-01-01T01:58:28Z</time>
    </trkpt>
    <trkpt lat="31.922179" lon="35.021177">
      <ele>246.5</ele>
      <time>2010-01-01T01:58:31Z</time>
    </trkpt>
    <trkpt lat="31.922186" lon="35.021109">
      <ele>246.7</ele>
      <time>2010-01-01T01:58:33Z</time>
    </trkpt>
    <trkpt lat="31.922204" lon="35.021044">
      <ele>246.7</ele>
      <time>2010-01-01T01:58:36Z</time>
    </trkpt>
    <trkpt lat="31.922212" lon="35.020978">
      <ele>246.9</ele>
      <time>2010-01-01T01:58:38Z</time>
    </trkpt>
    <trkpt lat="31.922218" lon="35.020914">
      <ele>247.1</ele>
      <time>2010-01-01T01:58:40Z</time>
    </trkpt>
    <trkpt lat="31.92222" lon="35.020854">
      <ele>247.4</ele>
      <time>2010-01-01T01:58:42Z</time>
    </trkpt>
    <trkpt lat="31.922227" lon="35.020789">
      <ele>247.5</ele>
      <time>2010-01-01T01:58:44Z</time>
    </trkpt>
    <trkpt lat="31.922233" lon="35.020725">
      <ele>247.8</ele>
      <time>2010-01-01T01:58:47Z</time>
    </trkpt>
    <trkpt lat="31.922242" lon="35.020665">
      <ele>247.9</ele>
      <time>2010-01-01T01:58:49Z</time>
    </trkpt>
    <trkpt lat="31.922244" lon="35.020607">
      <ele>248.1</ele>
      <time>2010-01-01T01:58:51Z</time>
    </trkpt>
    <trkpt lat="31.922254" lon="35.020542">
      <ele>248.2</ele>
      <time>2010-01-01T01:58:53Z</time>
    </trkpt>
    <trkpt lat="31.922257" lon="35.020481">
      <ele>248.5</ele>
      <time>2010-01-01T01:58:55Z</time>
    </trkpt>
    <trkpt lat="31.922269" lon="35.020415">
      <ele>248.5</ele>
      <time>2010-01-01T01:58:57Z</time>
    </trkpt>
    <trkpt lat="31.922272" lon="35.020355">
      <ele>248.4</ele>
      <time>2010-01-01T01:58:59Z</time>
    </trkpt>
    <trkpt lat="31.922278" lon="35.020292">
      <ele>248.1</ele>
      <time>2010-01-01T01:59:01Z</time>
    </trkpt>
    <trkpt lat="31.922285" lon="35.02023">
      <ele>247.9</ele>
      <time>2010-01-01T01:59:04Z</time>
    </trkpt>
    <trkpt lat="31.922291" lon="35.02017">
      <ele>247.6</ele>
      <time>2010-01-01T01:59:06Z</time>
    </trkpt>
    <trkpt lat="31.922304" lon="35.0201">
      <ele>247.2</ele>
      <time>2010-01-01T01:59:08Z</time>
    </trkpt>
    <trkpt lat="31.922304" lon="35.020034">
      <ele>247.2</ele>
      <time>2010-01-01T01:59:10Z</time>
    </trkpt>
    <trkpt lat="31.922317" lon="35.019971">
      <ele>246.8</ele>
      <time>2010-01-01T01:59:12Z</time>
    </trkpt>
    <trkpt lat="31.922326" lon="35.019905">
      <ele>246.5</ele>
      <time>2010-01-01T01:59:15Z</time>
    </trkpt>
    <trkpt lat="31.922335" lon="35.019837">
      <ele>246.2</ele>
      <time>2010-01-01T01:59:17Z</time>
    </trkpt>
    <trkpt lat="31.922341" lon="35.01978">
      <ele>246.0</ele>
      <time>2010-01-01T01:59:19Z</time>
    </trkpt>
    <trkpt lat="31.92234" lon="35.019715">
      <ele>245.9</ele>
      <time>2010-01-01T01:59:21Z</time>
    </trkpt>
    <trkpt lat="31.92234" lon="35.019661">
      <ele>245.9</ele>
      <time>2010-01-01T01:59:23Z</time>
    </trkpt>
    <trkpt lat="31.922342" lon="35.019604">
      <ele>245.7</ele>
      <time>2010-01-01T01:59:25Z</time>
    </trkpt>
    <trkpt lat="31.922351" lon="35.019563">
      <ele>245.6</ele>
      <time>2010-01-01T01:59:26Z</time>
    </trkpt>
    <trkpt lat="31.922352" lon="35.019515">
      <ele>245.6</ele>
      <time>2010-01-01T01:59:28Z</time>
    </trkpt>
    <trkpt lat="31.922355" lon="35.019455">
      <ele>245.6</ele>
      <time>2010-01-01T01:59:30Z</time>
    </trkpt>
    <trkpt lat="31.922361" lon="35.019407">
      <ele>245.5</ele>
      <time>2010-01-01T01:59:32Z</time>
    </trkpt>
    <trkpt lat="31.922367" lon="35.019352">
      <ele>245.4</ele>
      <time>2010-01-01T01:59:34Z</time>
    </trkpt>
    <trkpt lat="31.922367" lon="35.019285">
      <ele>245.5</ele>
      <time>2010-01-01T01:59:36Z</time>
    </trkpt>
    <trkpt lat="31.922365" lon="35.019236">
      <ele>245.5</ele>
      <time>2010-01-01T01:59:38Z</time>
    </trkpt>
    <trkpt lat="31.922361" lon="35.019188">
      <ele>245.7</ele>
      <time>2010-01-01T01:59:39Z</time>
    </trkpt>
    <trkpt lat="31.922369" lon="35.019143">
      <ele>245.5</ele>
      <time>2010-01-01T01:59:41Z</time>
    </trkpt>
    <trkpt lat="31.922369" lon="35.019096">
      <ele>245.6</ele>
      <time>2010-01-01T01:59:42Z</time>
    </trkpt>
    <trkpt lat="31.922364" lon="35.019057">
      <ele>245.7</ele>
      <time>2010-01-01T01:59:44Z</time>
    </trkpt>
    <trkpt lat="31.922363" lon="35.019023">
      <ele>245.8</ele>
      <time>2010-01-01T01:59:45Z</time>
    </trkpt>
    <trkpt lat="31.922368" lon="35.018989">
      <ele>245.7</ele>
      <time>2010-01-01T01:59:46Z</time>
    </trkpt>
    <trkpt lat="31.922366" lon="35.018928">
      <ele>245.8</ele>
      <time>2010-01-01T01:59:48Z</time>
    </trkpt>
    <trkpt lat="31.92237" lon="35.018895">
      <ele>245.7</ele>
      <time>2010-01-01T01:59:49Z</time>
    </trkpt>
    <trkpt lat="31.922382" lon="35.01886">
      <ele>245.6</ele>
      <time>2010-01-01T01:59:51Z</time>
    </trkpt>
    <trkpt lat="31.922387" lon="35.018815">
      <ele>245.6</ele>
      <time>2010-01-01T01:59:52Z</time>
    </trkpt>
    <trkpt lat="31.922391" lon="35.018781">
      <ele>245.5</ele>
      <time>2010-01-01T01:59:53Z</time>
    </trkpt>
    <trkpt lat="31.922396" lon="35.018742">
      <ele>245.5</ele>
      <time>2010-01-01T01:59:55Z</time>
    </trkpt>
    <trkpt lat="31.922408" lon="35.018705">
      <ele>245.4</ele>
      <time>2010-01-01T01:59:56Z</time>
    </trkpt>
    <trkpt lat="31.922418" lon="35.018664">
      <ele>245.4</ele>
      <time>2010-01-01T01:59:57Z</time>
    </trkpt>
    <trkpt lat="31.922426" lon="35.018617">
      <ele>245.4</ele>
      <time>2010-01-01T01:59:59Z</time>
    </trkpt>
    <trkpt lat="31.922444" lon="35.018571">
      <ele>245.3</ele>
      <time>2010-01-01T02:00:01Z</time>
    </trkpt>
    <trkpt lat="31.922458" lon="35.018533">
      <ele>245.2</ele>
      <time>2010-01-01T02:00:02Z</time>
    </trkpt>
    <trkpt lat="31.922464" lon="35.018497">
      <ele>245.2</ele>
      <time>2010-01-01T02:00:03Z</time>
    </trkpt>
    <trkpt lat="31.922478" lon="35.018438">
      <ele>245.2</ele>
      <time>2010-01-01T02:00:05Z</time>
    </trkpt>
    <trkpt lat="31.922482" lon="35.0184">
      <ele>245.3</ele>
      <time>2010-01-01T02:00:07Z</time>
    </trkpt>
    <trkpt lat="31.922492" lon="35.018362">
      <ele>245.3</ele>
      <time>2010-01-01T02:00:08Z</time>
    </trkpt>
    <trkpt lat="31.922501" lon="35.018326">
      <ele>245.3</ele>
      <time>2010-01-01T02:00:09Z</time>
    </trkpt>
    <trkpt lat="31.922514" lon="35.018289">
      <ele>245.2</ele>
      <time>2010-01-01T02:00:11Z</time>
    </trkpt>
    <trkpt lat="31.922518" lon="35.018252">
      <ele>245.3</ele>
      <time>2010-01-01T02:00:12Z</time>
    </trkpt>
    <trkpt lat="31.922519" lon="35.018213">
      <ele>245.4</ele>
      <time>2010-01-01T02:00:13Z</time>
    </trkpt>
    <trkpt lat="31.922528" lon="35.018172">
      <ele>245.4</ele>
      <time>2010-01-01T02:00:15Z</time>
    </trkpt>
    <trkpt lat="31.922535" lon="35.018137">
      <ele>245.4</ele>
      <time>2010-01-01T02:00:16Z</time>
    </trkpt>
    <trkpt lat="31.92254" lon="35.018101">
      <ele>245.5</ele>
      <time>2010-01-01T02:00:17Z</time>
    </trkpt>
    <trkpt lat="31.922545" lon="35.018062">
      <ele>245.5</ele>
      <time>2010-01-01T02:00:19Z</time>
    </trkpt>
    <trkpt lat="31.922546" lon="35.018017">
      <ele>245.7</ele>
      <time>2010-01-01T02:00:20Z</time>
    </trkpt>
    <trkpt lat="31.922548" lon="35.017977">
      <ele>245.8</ele>
      <time>2010-01-01T02:00:21Z</time>
    </trkpt>
    <trkpt lat="31.922548" lon="35.017917">
      <ele>246.0</ele>
      <time>2010-01-01T02:00:24Z</time>
    </trkpt>
    <trkpt lat="31.922552" lon="35.017882">
      <ele>246.2</ele>
      <time>2010-01-01T02:00:25Z</time>
    </trkpt>
    <trkpt lat="31.922556" lon="35.01785">
      <ele>246.4</ele>
      <time>2010-01-01T02:00:26Z</time>
    </trkpt>
    <trkpt lat="31.922552" lon="35.017797">
      <ele>246.9</ele>
      <time>2010-01-01T02:00:28Z</time>
    </trkpt>
    <trkpt lat="31.922544" lon="35.017749">
      <ele>247.4</ele>
      <time>2010-01-01T02:00:29Z</time>
    </trkpt>
    <trkpt lat="31.922535" lon="35.017698">
      <ele>247.9</ele>
      <time>2010-01-01T02:00:31Z</time>
    </trkpt>
    <trkpt lat="31.922524" lon="35.017655">
      <ele>248.3</ele>
      <time>2010-01-01T02:00:33Z</time>
    </trkpt>
    <trkpt lat="31.922505" lon="35.017612">
      <ele>248.8</ele>
      <time>2010-01-01T02:00:34Z</time>
    </trkpt>
    <trkpt lat="31.922493" lon="35.017568">
      <ele>249.3</ele>
      <time>2010-01-01T02:00:36Z</time>
    </trkpt>
    <trkpt lat="31.922484" lon="35.017522">
      <ele>249.7</ele>
      <time>2010-01-01T02:00:37Z</time>
    </trkpt>
    <trkpt lat="31.922472" lon="35.017476">
      <ele>250.2</ele>
      <time>2010-01-01T02:00:39Z</time>
    </trkpt>
    <trkpt lat="31.922459" lon="35.017426">
      <ele>250.6</ele>
      <time>2010-01-01T02:00:41Z</time>
    </trkpt>
    <trkpt lat="31.922452" lon="35.017369">
      <ele>251.1</ele>
      <time>2010-01-01T02:00:43Z</time>
    </trkpt>
    <trkpt lat="31.92246" lon="35.017311">
      <ele>251.5</ele>
      <time>2010-01-01T02:00:45Z</time>
    </trkpt>
    <trkpt lat="31.922461" lon="35.017279">
      <ele>251.7</ele>
      <time>2010-01-01T02:00:46Z</time>
    </trkpt>
    <trkpt lat="31.922466" lon="35.017245">
      <ele>251.9</ele>
      <time>2010-01-01T02:00:47Z</time>
    </trkpt>
    <trkpt lat="31.922476" lon="35.017187">
      <ele>252.3</ele>
      <time>2010-01-01T02:00:49Z</time>
    </trkpt>
    <trkpt lat="31.922492" lon="35.017141">
      <ele>252.6</ele>
      <time>2010-01-01T02:00:51Z</time>
    </trkpt>
    <trkpt lat="31.922507" lon="35.017095">
      <ele>252.9</ele>
      <time>2010-01-01T02:00:52Z</time>
    </trkpt>
    <trkpt lat="31.922522" lon="35.017052">
      <ele>253.0</ele>
      <time>2010-01-01T02:00:54Z</time>
    </trkpt>
    <trkpt lat="31.922545" lon="35.017011">
      <ele>253.1</ele>
      <time>2010-01-01T02:00:56Z</time>
    </trkpt>
    <trkpt lat="31.922571" lon="35.016967">
      <ele>253.1</ele>
      <time>2010-01-01T02:00:57Z</time>
    </trkpt>
    <trkpt lat="31.922598" lon="35.016927">
      <ele>253.2</ele>
      <time>2010-01-01T02:00:59Z</time>
    </trkpt>
    <trkpt lat="31.922614" lon="35.0169">
      <ele>253.3</ele>
      <time>2010-01-01T02:01:00Z</time>
    </trkpt>
    <trkpt lat="31.922637" lon="35.01688">
      <ele>253.3</ele>
      <time>2010-01-01T02:01:01Z</time>
    </trkpt>
    <trkpt lat="31.922663" lon="35.016862">
      <ele>253.3</ele>
      <time>2010-01-01T02:01:03Z</time>
    </trkpt>
    <trkpt lat="31.922697" lon="35.01684">
      <ele>253.3</ele>
      <time>2010-01-01T02:01:04Z</time>
    </trkpt>
    <trkpt lat="31.922728" lon="35.016829">
      <ele>253.3</ele>
      <time>2010-01-01T02:01:06Z</time>
    </trkpt>
    <trkpt lat="31.922766" lon="35.016817">
      <ele>253.3</ele>
      <time>2010-01-01T02:01:07Z</time>
    </trkpt>
    <trkpt lat="31.92281" lon="35.0168">
      <ele>253.3</ele>
      <time>2010-01-01T02:01:09Z</time>
    </trkpt>
    <trkpt lat="31.922857" lon="35.016795">
      <ele>253.2</ele>
      <time>2010-01-01T02:01:11Z</time>
    </trkpt>
    <trkpt lat="31.922913" lon="35.016792">
      <ele>253.1</ele>
      <time>2010-01-01T02:01:13Z</time>
    </trkpt>
    <trkpt lat="31.922965" lon="35.016795">
      <ele>252.5</ele>
      <time>2010-01-01T02:01:15Z</time>
    </trkpt>
    <trkpt lat="31.92302" lon="35.016795">
      <ele>251.9</ele>
      <time>2010-01-01T02:01:17Z</time>
    </trkpt>
    <trkpt lat="31.923087" lon="35.016791">
      <ele>251.2</ele>
      <time>2010-01-01T02:01:20Z</time>
    </trkpt>
    <trkpt lat="31.923147" lon="35.016793">
      <ele>250.5</ele>
      <time>2010-01-01T02:01:22Z</time>
    </trkpt>
    <trkpt lat="31.923211" lon="35.016787">
      <ele>249.8</ele>
      <time>2010-01-01T02:01:25Z</time>
    </trkpt>
    <trkpt lat="31.923272" lon="35.016782">
      <ele>249.2</ele>
      <time>2010-01-01T02:01:27Z</time>
    </trkpt>
    <trkpt lat="31.923334" lon="35.016781">
      <ele>248.5</ele>
      <time>2010-01-01T02:01:30Z</time>
    </trkpt>
    <trkpt lat="31.923393" lon="35.016777">
      <ele>247.9</ele>
      <time>2010-01-01T02:01:32Z</time>
    </trkpt>
    <trkpt lat="31.923454" lon="35.016758">
      <ele>247.3</ele>
      <time>2010-01-01T02:01:35Z</time>
    </trkpt>
    <trkpt lat="31.923515" lon="35.01673">
      <ele>246.8</ele>
      <time>2010-01-01T02:01:37Z</time>
    </trkpt>
    <trkpt lat="31.923576" lon="35.016701">
      <ele>246.3</ele>
      <time>2010-01-01T02:01:40Z</time>
    </trkpt>
    <trkpt lat="31.92364" lon="35.01665">
      <ele>245.9</ele>
      <time>2010-01-01T02:01:43Z</time>
    </trkpt>
    <trkpt lat="31.923695" lon="35.016611">
      <ele>245.5</ele>
      <time>2010-01-01T02:01:46Z</time>
    </trkpt>
    <trkpt lat="31.92375" lon="35.016561">
      <ele>245.1</ele>
      <time>2010-01-01T02:01:49Z</time>
    </trkpt>
    <trkpt lat="31.923803" lon="35.016516">
      <ele>244.6</ele>
      <time>2010-01-01T02:01:51Z</time>
    </trkpt>
    <trkpt lat="31.923846" lon="35.016451">
      <ele>244.2</ele>
      <time>2010-01-01T02:01:54Z</time>
    </trkpt>
    <trkpt lat="31.923882" lon="35.016388">
      <ele>243.9</ele>
      <time>2010-01-01T02:01:57Z</time>
    </trkpt>
    <trkpt lat="31.923892" lon="35.016303">
      <ele>244.1</ele>
      <time>2010-01-01T02:01:59Z</time>
    </trkpt>
    <trkpt lat="31.923885" lon="35.016231">
      <ele>244.5</ele>
      <time>2010-01-01T02:02:02Z</time>
    </trkpt>
    <trkpt lat="31.923885" lon="35.016156">
      <ele>244.7</ele>
      <time>2010-01-01T02:02:04Z</time>
    </trkpt>
    <trkpt lat="31.923886" lon="35.016099">
      <ele>244.8</ele>
      <time>2010-01-01T02:02:06Z</time>
    </trkpt>
    <trkpt lat="31.923867" lon="35.016048">
      <ele>245.3</ele>
      <time>2010-01-01T02:02:08Z</time>
    </trkpt>
    <trkpt lat="31.923865" lon="35.016023">
      <ele>245.4</ele>
      <time>2010-01-01T02:02:09Z</time>
    </trkpt>
    <trkpt lat="31.923864" lon="35.015999">
      <ele>245.5</ele>
      <time>2010-01-01T02:02:10Z</time>
    </trkpt>
    <trkpt lat="31.923858" lon="35.015941">
      <ele>245.8</ele>
      <time>2010-01-01T02:02:12Z</time>
    </trkpt>
    <trkpt lat="31.923866" lon="35.0159">
      <ele>245.7</ele>
      <time>2010-01-01T02:02:13Z</time>
    </trkpt>
    <trkpt lat="31.923869" lon="35.015861">
      <ele>245.8</ele>
      <time>2010-01-01T02:02:15Z</time>
    </trkpt>
    <trkpt lat="31.923867" lon="35.015803">
      <ele>246.0</ele>
      <time>2010-01-01T02:02:17Z</time>
    </trkpt>
    <trkpt lat="31.923871" lon="35.015765">
      <ele>246.0</ele>
      <time>2010-01-01T02:02:18Z</time>
    </trkpt>
    <trkpt lat="31.923879" lon="35.015717">
      <ele>245.9</ele>
      <time>2010-01-01T02:02:20Z</time>
    </trkpt>
    <trkpt lat="31.923884" lon="35.015668">
      <ele>246.0</ele>
      <time>2010-01-01T02:02:21Z</time>
    </trkpt>
    <trkpt lat="31.923895" lon="35.015624">
      <ele>245.8</ele>
      <time>2010-01-01T02:02:23Z</time>
    </trkpt>
    <trkpt lat="31.923906" lon="35.015573">
      <ele>245.7</ele>
      <time>2010-01-01T02:02:25Z</time>
    </trkpt>
    <trkpt lat="31.92391" lon="35.01553">
      <ele>245.7</ele>
      <time>2010-01-01T02:02:26Z</time>
    </trkpt>
    <trkpt lat="31.923914" lon="35.015487">
      <ele>245.7</ele>
      <time>2010-01-01T02:02:28Z</time>
    </trkpt>
    <trkpt lat="31.923914" lon="35.015443">
      <ele>245.8</ele>
      <time>2010-01-01T02:02:29Z</time>
    </trkpt>
    <trkpt lat="31.923922" lon="35.015398">
      <ele>245.6</ele>
      <time>2010-01-01T02:02:31Z</time>
    </trkpt>
    <trkpt lat="31.923927" lon="35.015355">
      <ele>245.3</ele>
      <time>2010-01-01T02:02:32Z</time>
    </trkpt>
    <trkpt lat="31.923935" lon="35.015314">
      <ele>245.0</ele>
      <time>2010-01-01T02:02:34Z</time>
    </trkpt>
    <trkpt lat="31.923941" lon="35.01527">
      <ele>244.7</ele>
      <time>2010-01-01T02:02:35Z</time>
    </trkpt>
    <trkpt lat="31.923944" lon="35.015227">
      <ele>244.4</ele>
      <time>2010-01-01T02:02:37Z</time>
    </trkpt>
    <trkpt lat="31.923954" lon="35.015181">
      <ele>244.0</ele>
      <time>2010-01-01T02:02:38Z</time>
    </trkpt>
    <trkpt lat="31.923955" lon="35.015142">
      <ele>243.9</ele>
      <time>2010-01-01T02:02:39Z</time>
    </trkpt>
    <trkpt lat="31.92395" lon="35.015101">
      <ele>243.8</ele>
      <time>2010-01-01T02:02:41Z</time>
    </trkpt>
    <trkpt lat="31.923949" lon="35.015059">
      <ele>243.7</ele>
      <time>2010-01-01T02:02:42Z</time>
    </trkpt>
    <trkpt lat="31.923948" lon="35.015012">
      <ele>243.6</ele>
      <time>2010-01-01T02:02:44Z</time>
    </trkpt>
    <trkpt lat="31.923938" lon="35.014958">
      <ele>243.7</ele>
      <time>2010-01-01T02:02:46Z</time>
    </trkpt>
    <trkpt lat="31.923923" lon="35.014911">
      <ele>243.9</ele>
      <time>2010-01-01T02:02:48Z</time>
    </trkpt>
    <trkpt lat="31.923905" lon="35.01486">
      <ele>244.3</ele>
      <time>2010-01-01T02:02:49Z</time>
    </trkpt>
    <trkpt lat="31.923882" lon="35.014815">
      <ele>244.8</ele>
      <time>2010-01-01T02:02:51Z</time>
    </trkpt>
    <trkpt lat="31.923869" lon="35.014764">
      <ele>245.0</ele>
      <time>2010-01-01T02:02:53Z</time>
    </trkpt>
    <trkpt lat="31.923854" lon="35.014715">
      <ele>245.3</ele>
      <time>2010-01-01T02:02:55Z</time>
    </trkpt>
    <trkpt lat="31.923837" lon="35.014669">
      <ele>245.6</ele>
      <time>2010-01-01T02:02:56Z</time>
    </trkpt>
    <trkpt lat="31.92382" lon="35.014624">
      <ele>246.0</ele>
      <time>2010-01-01T02:02:58Z</time>
    </trkpt>
    <trkpt lat="31.923803" lon="35.014579">
      <ele>246.4</ele>
      <time>2010-01-01T02:03:00Z</time>
    </trkpt>
    <trkpt lat="31.923791" lon="35.014535">
      <ele>246.7</ele>
      <time>2010-01-01T02:03:01Z</time>
    </trkpt>
    <trkpt lat="31.923773" lon="35.014477">
      <ele>247.2</ele>
      <time>2010-01-01T02:03:03Z</time>
    </trkpt>
    <trkpt lat="31.92376" lon="35.014436">
      <ele>247.5</ele>
      <time>2010-01-01T02:03:05Z</time>
    </trkpt>
    <trkpt lat="31.923744" lon="35.014378">
      <ele>247.8</ele>
      <time>2010-01-01T02:03:07Z</time>
    </trkpt>
    <trkpt lat="31.923728" lon="35.014334">
      <ele>247.9</ele>
      <time>2010-01-01T02:03:09Z</time>
    </trkpt>
    <trkpt lat="31.923713" lon="35.014289">
      <ele>248.1</ele>
      <time>2010-01-01T02:03:10Z</time>
    </trkpt>
    <trkpt lat="31.9237" lon="35.014249">
      <ele>248.2</ele>
      <time>2010-01-01T02:03:12Z</time>
    </trkpt>
    <trkpt lat="31.923683" lon="35.014207">
      <ele>248.3</ele>
      <time>2010-01-01T02:03:13Z</time>
    </trkpt>
    <trkpt lat="31.923668" lon="35.014161">
      <ele>248.4</ele>
      <time>2010-01-01T02:03:15Z</time>
    </trkpt>
    <trkpt lat="31.923653" lon="35.014118">
      <ele>248.6</ele>
      <time>2010-01-01T02:03:17Z</time>
    </trkpt>
    <trkpt lat="31.923638" lon="35.014074">
      <ele>248.7</ele>
      <time>2010-01-01T02:03:18Z</time>
    </trkpt>
    <trkpt lat="31.923621" lon="35.014031">
      <ele>248.8</ele>
      <time>2010-01-01T02:03:20Z</time>
    </trkpt>
    <trkpt lat="31.923601" lon="35.013961">
      <ele>249.0</ele>
      <time>2010-01-01T02:03:22Z</time>
    </trkpt>
    <trkpt lat="31.923583" lon="35.013909">
      <ele>249.2</ele>
      <time>2010-01-01T02:03:24Z</time>
    </trkpt>
    <trkpt lat="31.923572" lon="35.013864">
      <ele>249.2</ele>
      <time>2010-01-01T02:03:26Z</time>
    </trkpt>
    <trkpt lat="31.923561" lon="35.013822">
      <ele>249.3</ele>
      <time>2010-01-01T02:03:27Z</time>
    </trkpt>
    <trkpt lat="31.923555" lon="35.013777">
      <ele>249.4</ele>
      <time>2010-01-01T02:03:29Z</time>
    </trkpt>
    <trkpt lat="31.923546" lon="35.01374">
      <ele>249.5</ele>
      <time>2010-01-01T02:03:30Z</time>
    </trkpt>
    <trkpt lat="31.923535" lon="35.013698">
      <ele>249.8</ele>
      <time>2010-01-01T02:03:32Z</time>
    </trkpt>
    <trkpt lat="31.923516" lon="35.01366">
      <ele>250.2</ele>
      <time>2010-01-01T02:03:33Z</time>
    </trkpt>
    <trkpt lat="31.923509" lon="35.013628">
      <ele>250.5</ele>
      <time>2010-01-01T02:03:34Z</time>
    </trkpt>
    <trkpt lat="31.923504" lon="35.013596">
      <ele>250.7</ele>
      <time>2010-01-01T02:03:35Z</time>
    </trkpt>
    <trkpt lat="31.92349" lon="35.013547">
      <ele>251.0</ele>
      <time>2010-01-01T02:03:37Z</time>
    </trkpt>
    <trkpt lat="31.923479" lon="35.013492">
      <ele>251.4</ele>
      <time>2010-01-01T02:03:39Z</time>
    </trkpt>
    <trkpt lat="31.923464" lon="35.013452">
      <ele>251.7</ele>
      <time>2010-01-01T02:03:41Z</time>
    </trkpt>
    <trkpt lat="31.923446" lon="35.01341">
      <ele>252.1</ele>
      <time>2010-01-01T02:03:42Z</time>
    </trkpt>
    <trkpt lat="31.923428" lon="35.013368">
      <ele>252.4</ele>
      <time>2010-01-01T02:03:44Z</time>
    </trkpt>
    <trkpt lat="31.923408" lon="35.013337">
      <ele>252.7</ele>
      <time>2010-01-01T02:03:45Z</time>
    </trkpt>
    <trkpt lat="31.923383" lon="35.013307">
      <ele>253.0</ele>
      <time>2010-01-01T02:03:46Z</time>
    </trkpt>
    <trkpt lat="31.923372" lon="35.013275">
      <ele>253.1</ele>
      <time>2010-01-01T02:03:48Z</time>
    </trkpt>
    <trkpt lat="31.923357" lon="35.013244">
      <ele>253.4</ele>
      <time>2010-01-01T02:03:49Z</time>
    </trkpt>
    <trkpt lat="31.923345" lon="35.01321">
      <ele>253.5</ele>
      <time>2010-01-01T02:03:50Z</time>
    </trkpt>
    <trkpt lat="31.923325" lon="35.013175">
      <ele>253.8</ele>
      <time>2010-01-01T02:03:52Z</time>
    </trkpt>
    <trkpt lat="31.923313" lon="35.013126">
      <ele>254.0</ele>
      <time>2010-01-01T02:03:53Z</time>
    </trkpt>
    <trkpt lat="31.92329" lon="35.01308">
      <ele>254.2</ele>
      <time>2010-01-01T02:03:55Z</time>
    </trkpt>
    <trkpt lat="31.923273" lon="35.013049">
      <ele>254.4</ele>
      <time>2010-01-01T02:03:56Z</time>
    </trkpt>
    <trkpt lat="31.923258" lon="35.013014">
      <ele>254.6</ele>
      <time>2010-01-01T02:03:58Z</time>
    </trkpt>
    <trkpt lat="31.923234" lon="35.012981">
      <ele>254.7</ele>
      <time>2010-01-01T02:03:59Z</time>
    </trkpt>
    <trkpt lat="31.923215" lon="35.012956">
      <ele>254.9</ele>
      <time>2010-01-01T02:04:00Z</time>
    </trkpt>
    <trkpt lat="31.923192" lon="35.012928">
      <ele>255.0</ele>
      <time>2010-01-01T02:04:02Z</time>
    </trkpt>
    <trkpt lat="31.923168" lon="35.012902">
      <ele>255.2</ele>
      <time>2010-01-01T02:04:03Z</time>
    </trkpt>
    <trkpt lat="31.92314" lon="35.012859">
      <ele>255.4</ele>
      <time>2010-01-01T02:04:05Z</time>
    </trkpt>
    <trkpt lat="31.923126" lon="35.012821">
      <ele>255.6</ele>
      <time>2010-01-01T02:04:06Z</time>
    </trkpt>
    <trkpt lat="31.923102" lon="35.012779">
      <ele>255.9</ele>
      <time>2010-01-01T02:04:08Z</time>
    </trkpt>
    <trkpt lat="31.923085" lon="35.012742">
      <ele>256.1</ele>
      <time>2010-01-01T02:04:09Z</time>
    </trkpt>
    <trkpt lat="31.923075" lon="35.012703">
      <ele>256.3</ele>
      <time>2010-01-01T02:04:11Z</time>
    </trkpt>
    <trkpt lat="31.923063" lon="35.012671">
      <ele>256.5</ele>
      <time>2010-01-01T02:04:12Z</time>
    </trkpt>
    <trkpt lat="31.923057" lon="35.012612">
      <ele>256.7</ele>
      <time>2010-01-01T02:04:14Z</time>
    </trkpt>
    <trkpt lat="31.923063" lon="35.012562">
      <ele>256.9</ele>
      <time>2010-01-01T02:04:16Z</time>
    </trkpt>
    <trkpt lat="31.923063" lon="35.012528">
      <ele>257.0</ele>
      <time>2010-01-01T02:04:17Z</time>
    </trkpt>
    <trkpt lat="31.923074" lon="35.012468">
      <ele>257.3</ele>
      <time>2010-01-01T02:04:19Z</time>
    </trkpt>
    <trkpt lat="31.923083" lon="35.012431">
      <ele>257.4</ele>
      <time>2010-01-01T02:04:20Z</time>
    </trkpt>
    <trkpt lat="31.923089" lon="35.012399">
      <ele>257.5</ele>
      <time>2010-01-01T02:04:21Z</time>
    </trkpt>
    <trkpt lat="31.923105" lon="35.012329">
      <ele>257.8</ele>
      <time>2010-01-01T02:04:24Z</time>
    </trkpt>
    <trkpt lat="31.923108" lon="35.012296">
      <ele>257.9</ele>
      <time>2010-01-01T02:04:25Z</time>
    </trkpt>
    <trkpt lat="31.923119" lon="35.012225">
      <ele>258.2</ele>
      <time>2010-01-01T02:04:27Z</time>
    </trkpt>
    <trkpt lat="31.923122" lon="35.012192">
      <ele>258.3</ele>
      <time>2010-01-01T02:04:28Z</time>
    </trkpt>
    <trkpt lat="31.92313" lon="35.01216">
      <ele>258.4</ele>
      <time>2010-01-01T02:04:30Z</time>
    </trkpt>
    <trkpt lat="31.923153" lon="35.012095">
      <ele>258.7</ele>
      <time>2010-01-01T02:04:32Z</time>
    </trkpt>
    <trkpt lat="31.923163" lon="35.012062">
      <ele>258.7</ele>
      <time>2010-01-01T02:04:33Z</time>
    </trkpt>
    <trkpt lat="31.923178" lon="35.012026">
      <ele>258.6</ele>
      <time>2010-01-01T02:04:35Z</time>
    </trkpt>
    <trkpt lat="31.923188" lon="35.01199">
      <ele>258.5</ele>
      <time>2010-01-01T02:04:36Z</time>
    </trkpt>
    <trkpt lat="31.923201" lon="35.011954">
      <ele>258.4</ele>
      <time>2010-01-01T02:04:37Z</time>
    </trkpt>
    <trkpt lat="31.923221" lon="35.011927">
      <ele>258.3</ele>
      <time>2010-01-01T02:04:38Z</time>
    </trkpt>
    <trkpt lat="31.923238" lon="35.011894">
      <ele>258.2</ele>
      <time>2010-01-01T02:04:40Z</time>
    </trkpt>
    <trkpt lat="31.92326" lon="35.011852">
      <ele>258.1</ele>
      <time>2010-01-01T02:04:41Z</time>
    </trkpt>
    <trkpt lat="31.923284" lon="35.011812">
      <ele>257.9</ele>
      <time>2010-01-01T02:04:43Z</time>
    </trkpt>
    <trkpt lat="31.923308" lon="35.011771">
      <ele>257.8</ele>
      <time>2010-01-01T02:04:45Z</time>
    </trkpt>
    <trkpt lat="31.923332" lon="35.011732">
      <ele>257.7</ele>
      <time>2010-01-01T02:04:46Z</time>
    </trkpt>
    <trkpt lat="31.923354" lon="35.01169">
      <ele>257.5</ele>
      <time>2010-01-01T02:04:48Z</time>
    </trkpt>
    <trkpt lat="31.92338" lon="35.011653">
      <ele>257.4</ele>
      <time>2010-01-01T02:04:50Z</time>
    </trkpt>
    <trkpt lat="31.9234" lon="35.011619">
      <ele>257.2</ele>
      <time>2010-01-01T02:04:51Z</time>
    </trkpt>
    <trkpt lat="31.923424" lon="35.011582">
      <ele>257.1</ele>
      <time>2010-01-01T02:04:53Z</time>
    </trkpt>
    <trkpt lat="31.923448" lon="35.011556">
      <ele>256.9</ele>
      <time>2010-01-01T02:04:54Z</time>
    </trkpt>
    <trkpt lat="31.92348" lon="35.011526">
      <ele>256.8</ele>
      <time>2010-01-01T02:04:56Z</time>
    </trkpt>
    <trkpt lat="31.923512" lon="35.011485">
      <ele>256.5</ele>
      <time>2010-01-01T02:04:58Z</time>
    </trkpt>
    <trkpt lat="31.923537" lon="35.011451">
      <ele>256.4</ele>
      <time>2010-01-01T02:04:59Z</time>
    </trkpt>
    <trkpt lat="31.923565" lon="35.011388">
      <ele>256.1</ele>
      <time>2010-01-01T02:05:01Z</time>
    </trkpt>
    <trkpt lat="31.923583" lon="35.011339">
      <ele>255.9</ele>
      <time>2010-01-01T02:05:03Z</time>
    </trkpt>
    <trkpt lat="31.923576" lon="35.011277">
      <ele>255.7</ele>
      <time>2010-01-01T02:05:05Z</time>
    </trkpt>
    <trkpt lat="31.923574" lon="35.011238">
      <ele>255.6</ele>
      <time>2010-01-01T02:05:07Z</time>
    </trkpt>
    <trkpt lat="31.923566" lon="35.011199">
      <ele>255.5</ele>
      <time>2010-01-01T02:05:08Z</time>
    </trkpt>
    <trkpt lat="31.923538" lon="35.011141">
      <ele>255.4</ele>
      <time>2010-01-01T02:05:10Z</time>
    </trkpt>
    <trkpt lat="31.923522" lon="35.011105">
      <ele>255.4</ele>
      <time>2010-01-01T02:05:12Z</time>
    </trkpt>
    <trkpt lat="31.923505" lon="35.011069">
      <ele>255.4</ele>
      <time>2010-01-01T02:05:13Z</time>
    </trkpt>
    <trkpt lat="31.923486" lon="35.011029">
      <ele>255.4</ele>
      <time>2010-01-01T02:05:15Z</time>
    </trkpt>
    <trkpt lat="31.923466" lon="35.010996">
      <ele>255.4</ele>
      <time>2010-01-01T02:05:16Z</time>
    </trkpt>
    <trkpt lat="31.923444" lon="35.010965">
      <ele>255.5</ele>
      <time>2010-01-01T02:05:17Z</time>
    </trkpt>
    <trkpt lat="31.923431" lon="35.01093">
      <ele>255.5</ele>
      <time>2010-01-01T02:05:19Z</time>
    </trkpt>
    <trkpt lat="31.923418" lon="35.010879">
      <ele>255.5</ele>
      <time>2010-01-01T02:05:21Z</time>
    </trkpt>
    <trkpt lat="31.923403" lon="35.010835">
      <ele>255.5</ele>
      <time>2010-01-01T02:05:22Z</time>
    </trkpt>
    <trkpt lat="31.923387" lon="35.010773">
      <ele>255.5</ele>
      <time>2010-01-01T02:05:24Z</time>
    </trkpt>
    <trkpt lat="31.923374" lon="35.010714">
      <ele>255.5</ele>
      <time>2010-01-01T02:05:26Z</time>
    </trkpt>
    <trkpt lat="31.923357" lon="35.010652">
      <ele>255.6</ele>
      <time>2010-01-01T02:05:29Z</time>
    </trkpt>
    <trkpt lat="31.923341" lon="35.010595">
      <ele>255.6</ele>
      <time>2010-01-01T02:05:31Z</time>
    </trkpt>
    <trkpt lat="31.923325" lon="35.010528">
      <ele>255.7</ele>
      <time>2010-01-01T02:05:33Z</time>
    </trkpt>
    <trkpt lat="31.923306" lon="35.010462">
      <ele>255.8</ele>
      <time>2010-01-01T02:05:35Z</time>
    </trkpt>
    <trkpt lat="31.923291" lon="35.010386">
      <ele>255.9</ele>
      <time>2010-01-01T02:05:38Z</time>
    </trkpt>
    <trkpt lat="31.923274" lon="35.010323">
      <ele>255.8</ele>
      <time>2010-01-01T02:05:40Z</time>
    </trkpt>
    <trkpt lat="31.923259" lon="35.010258">
      <ele>255.8</ele>
      <time>2010-01-01T02:05:43Z</time>
    </trkpt>
    <trkpt lat="31.923254" lon="35.010189">
      <ele>255.6</ele>
      <time>2010-01-01T02:05:45Z</time>
    </trkpt>
    <trkpt lat="31.923248" lon="35.010128">
      <ele>255.5</ele>
      <time>2010-01-01T02:05:47Z</time>
    </trkpt>
    <trkpt lat="31.923244" lon="35.010058">
      <ele>255.4</ele>
      <time>2010-01-01T02:05:49Z</time>
    </trkpt>
    <trkpt lat="31.923246" lon="35.009987">
      <ele>255.1</ele>
      <time>2010-01-01T02:05:52Z</time>
    </trkpt>
    <trkpt lat="31.923253" lon="35.009913">
      <ele>254.8</ele>
      <time>2010-01-01T02:05:54Z</time>
    </trkpt>
    <trkpt lat="31.923254" lon="35.009837">
      <ele>254.5</ele>
      <time>2010-01-01T02:05:57Z</time>
    </trkpt>
    <trkpt lat="31.92326" lon="35.009759">
      <ele>254.2</ele>
      <time>2010-01-01T02:06:00Z</time>
    </trkpt>
    <trkpt lat="31.923276" lon="35.009686">
      <ele>253.7</ele>
      <time>2010-01-01T02:06:02Z</time>
    </trkpt>
    <trkpt lat="31.92329" lon="35.0096">
      <ele>253.2</ele>
      <time>2010-01-01T02:06:05Z</time>
    </trkpt>
    <trkpt lat="31.923299" lon="35.009506">
      <ele>252.4</ele>
      <time>2010-01-01T02:06:08Z</time>
    </trkpt>
    <trkpt lat="31.923295" lon="35.009424">
      <ele>251.8</ele>
      <time>2010-01-01T02:06:11Z</time>
    </trkpt>
    <trkpt lat="31.923279" lon="35.009349">
      <ele>251.5</ele>
      <time>2010-01-01T02:06:14Z</time>
    </trkpt>
    <trkpt lat="31.923251" lon="35.009284">
      <ele>251.3</ele>
      <time>2010-01-01T02:06:16Z</time>
    </trkpt>
    <trkpt lat="31.923215" lon="35.009214">
      <ele>251.3</ele>
      <time>2010-01-01T02:06:19Z</time>
    </trkpt>
    <trkpt lat="31.923185" lon="35.009153">
      <ele>251.2</ele>
      <time>2010-01-01T02:06:21Z</time>
    </trkpt>
    <trkpt lat="31.923153" lon="35.009092">
      <ele>251.1</ele>
      <time>2010-01-01T02:06:24Z</time>
    </trkpt>
    <trkpt lat="31.923125" lon="35.009031">
      <ele>250.9</ele>
      <time>2010-01-01T02:06:26Z</time>
    </trkpt>
    <trkpt lat="31.923097" lon="35.008964">
      <ele>250.7</ele>
      <time>2010-01-01T02:06:29Z</time>
    </trkpt>
    <trkpt lat="31.92308" lon="35.008904">
      <ele>250.4</ele>
      <time>2010-01-01T02:06:31Z</time>
    </trkpt>
    <trkpt lat="31.923065" lon="35.008842">
      <ele>250.0</ele>
      <time>2010-01-01T02:06:33Z</time>
    </trkpt>
    <trkpt lat="31.923045" lon="35.008776">
      <ele>249.7</ele>
      <time>2010-01-01T02:06:35Z</time>
    </trkpt>
    <trkpt lat="31.923051" lon="35.008698">
      <ele>249.1</ele>
      <time>2010-01-01T02:06:38Z</time>
    </trkpt>
    <trkpt lat="31.923069" lon="35.008629">
      <ele>248.6</ele>
      <time>2010-01-01T02:06:41Z</time>
    </trkpt>
    <trkpt lat="31.923088" lon="35.008547">
      <ele>248.0</ele>
      <time>2010-01-01T02:06:43Z</time>
    </trkpt>
    <trkpt lat="31.923118" lon="35.008459">
      <ele>247.3</ele>
      <time>2010-01-01T02:06:47Z</time>
    </trkpt>
    <trkpt lat="31.923139" lon="35.008366">
      <ele>246.8</ele>
      <time>2010-01-01T02:06:50Z</time>
    </trkpt>
    <trkpt lat="31.923163" lon="35.008273">
      <ele>246.2</ele>
      <time>2010-01-01T02:06:53Z</time>
    </trkpt>
    <trkpt lat="31.92319" lon="35.008182">
      <ele>245.7</ele>
      <time>2010-01-01T02:06:57Z</time>
    </trkpt>
    <trkpt lat="31.923219" lon="35.008094">
      <ele>245.1</ele>
      <time>2010-01-01T02:07:00Z</time>
    </trkpt>
    <trkpt lat="31.923258" lon="35.008011">
      <ele>244.6</ele>
      <time>2010-01-01T02:07:03Z</time>
    </trkpt>
    <trkpt lat="31.923299" lon="35.007932">
      <ele>244.2</ele>
      <time>2010-01-01T02:07:06Z</time>
    </trkpt>
    <trkpt lat="31.923335" lon="35.007858">
      <ele>243.7</ele>
      <time>2010-01-01T02:07:09Z</time>
    </trkpt>
    <trkpt lat="31.92338" lon="35.007783">
      <ele>243.2</ele>
      <time>2010-01-01T02:07:12Z</time>
    </trkpt>
    <trkpt lat="31.923427" lon="35.007712">
      <ele>242.6</ele>
      <time>2010-01-01T02:07:15Z</time>
    </trkpt>
    <trkpt lat="31.923454" lon="35.007643">
      <ele>242.2</ele>
      <time>2010-01-01T02:07:18Z</time>
    </trkpt>
    <trkpt lat="31.923479" lon="35.007572">
      <ele>241.8</ele>
      <time>2010-01-01T02:07:20Z</time>
    </trkpt>
    <trkpt lat="31.923492" lon="35.007488">
      <ele>241.4</ele>
      <time>2010-01-01T02:07:23Z</time>
    </trkpt>
    <trkpt lat="31.923488" lon="35.00741">
      <ele>241.1</ele>
      <time>2010-01-01T02:07:26Z</time>
    </trkpt>
    <trkpt lat="31.923482" lon="35.007334">
      <ele>240.7</ele>
      <time>2010-01-01T02:07:29Z</time>
    </trkpt>
    <trkpt lat="31.923463" lon="35.007259">
      <ele>240.5</ele>
      <time>2010-01-01T02:07:31Z</time>
    </trkpt>
    <trkpt lat="31.923445" lon="35.007178">
      <ele>240.2</ele>
      <time>2010-01-01T02:07:34Z</time>
    </trkpt>
    <trkpt lat="31.92343" lon="35.007085">
      <ele>239.8</ele>
      <time>2010-01-01T02:07:37Z</time>
    </trkpt>
    <trkpt lat="31.923414" lon="35.006991">
      <ele>239.6</ele>
      <time>2010-01-01T02:07:41Z</time>
    </trkpt>
    <trkpt lat="31.923413" lon="35.006899">
      <ele>239.5</ele>
      <time>2010-01-01T02:07:44Z</time>
    </trkpt>
    <trkpt lat="31.923433" lon="35.006804">
      <ele>239.3</ele>
      <time>2010-01-01T02:07:47Z</time>
    </trkpt>
    <trkpt lat="31.923462" lon="35.006717">
      <ele>239.1</ele>
      <time>2010-01-01T02:07:50Z</time>
    </trkpt>
    <trkpt lat="31.923496" lon="35.006634">
      <ele>239.0</ele>
      <time>2010-01-01T02:07:53Z</time>
    </trkpt>
    <trkpt lat="31.923546" lon="35.006554">
      <ele>238.9</ele>
      <time>2010-01-01T02:07:57Z</time>
    </trkpt>
    <trkpt lat="31.923605" lon="35.006471">
      <ele>238.8</ele>
      <time>2010-01-01T02:08:00Z</time>
    </trkpt>
    <trkpt lat="31.923669" lon="35.006394">
      <ele>238.9</ele>
      <time>2010-01-01T02:08:04Z</time>
    </trkpt>
    <trkpt lat="31.923733" lon="35.006323">
      <ele>239.0</ele>
      <time>2010-01-01T02:08:08Z</time>
    </trkpt>
    <trkpt lat="31.923809" lon="35.006254">
      <ele>238.6</ele>
      <time>2010-01-01T02:08:11Z</time>
    </trkpt>
    <trkpt lat="31.923888" lon="35.006194">
      <ele>237.9</ele>
      <time>2010-01-01T02:08:15Z</time>
    </trkpt>
    <trkpt lat="31.923982" lon="35.006135">
      <ele>237.2</ele>
      <time>2010-01-01T02:08:19Z</time>
    </trkpt>
    <trkpt lat="31.924066" lon="35.006085">
      <ele>236.7</ele>
      <time>2010-01-01T02:08:23Z</time>
    </trkpt>
    <trkpt lat="31.924156" lon="35.006043">
      <ele>236.2</ele>
      <time>2010-01-01T02:08:27Z</time>
    </trkpt>
    <trkpt lat="31.924241" lon="35.006015">
      <ele>235.8</ele>
      <time>2010-01-01T02:08:31Z</time>
    </trkpt>
    <trkpt lat="31.924336" lon="35.00598">
      <ele>235.4</ele>
      <time>2010-01-01T02:08:35Z</time>
    </trkpt>
    <trkpt lat="31.924425" lon="35.005952">
      <ele>235.1</ele>
      <time>2010-01-01T02:08:38Z</time>
    </trkpt>
    <trkpt lat="31.924514" lon="35.005919">
      <ele>234.9</ele>
      <time>2010-01-01T02:08:42Z</time>
    </trkpt>
    <trkpt lat="31.924604" lon="35.005876">
      <ele>234.5</ele>
      <time>2010-01-01T02:08:46Z</time>
    </trkpt>
    <trkpt lat="31.924688" lon="35.005829">
      <ele>233.6</ele>
      <time>2010-01-01T02:08:50Z</time>
    </trkpt>
    <trkpt lat="31.924769" lon="35.005766">
      <ele>233.1</ele>
      <time>2010-01-01T02:08:53Z</time>
    </trkpt>
    <trkpt lat="31.924842" lon="35.005699">
      <ele>232.8</ele>
      <time>2010-01-01T02:08:57Z</time>
    </trkpt>
    <trkpt lat="31.924929" lon="35.005634">
      <ele>232.6</ele>
      <time>2010-01-01T02:09:01Z</time>
    </trkpt>
    <trkpt lat="31.925008" lon="35.005556">
      <ele>232.8</ele>
      <time>2010-01-01T02:09:05Z</time>
    </trkpt>
    <trkpt lat="31.92509" lon="35.005483">
      <ele>233.1</ele>
      <time>2010-01-01T02:09:10Z</time>
    </trkpt>
    <trkpt lat="31.925174" lon="35.005417">
      <ele>233.5</ele>
      <time>2010-01-01T02:09:14Z</time>
    </trkpt>
    <trkpt lat="31.925239" lon="35.005338">
      <ele>233.1</ele>
      <time>2010-01-01T02:09:17Z</time>
    </trkpt>
    <trkpt lat="31.925301" lon="35.005265">
      <ele>232.8</ele>
      <time>2010-01-01T02:09:21Z</time>
    </trkpt>
    <trkpt lat="31.925362" lon="35.00521">
      <ele>232.5</ele>
      <time>2010-01-01T02:09:24Z</time>
    </trkpt>
    <trkpt lat="31.92541" lon="35.00517">
      <ele>232.3</ele>
      <time>2010-01-01T02:09:26Z</time>
    </trkpt>
    <trkpt lat="31.925466" lon="35.005137">
      <ele>231.8</ele>
      <time>2010-01-01T02:09:29Z</time>
    </trkpt>
    <trkpt lat="31.925512" lon="35.005115">
      <ele>231.3</ele>
      <time>2010-01-01T02:09:31Z</time>
    </trkpt>
    <trkpt lat="31.925549" lon="35.005084">
      <ele>231.0</ele>
      <time>2010-01-01T02:09:33Z</time>
    </trkpt>
    <trkpt lat="31.925575" lon="35.005051">
      <ele>230.8</ele>
      <time>2010-01-01T02:09:34Z</time>
    </trkpt>
    <trkpt lat="31.925598" lon="35.005013">
      <ele>230.7</ele>
      <time>2010-01-01T02:09:36Z</time>
    </trkpt>
    <trkpt lat="31.925627" lon="35.004974">
      <ele>230.6</ele>
      <time>2010-01-01T02:09:37Z</time>
    </trkpt>
    <trkpt lat="31.925646" lon="35.004931">
      <ele>230.6</ele>
      <time>2010-01-01T02:09:39Z</time>
    </trkpt>
    <trkpt lat="31.925659" lon="35.004885">
      <ele>230.6</ele>
      <time>2010-01-01T02:09:41Z</time>
    </trkpt>
    <trkpt lat="31.925652" lon="35.004853">
      <ele>230.8</ele>
      <time>2010-01-01T02:09:42Z</time>
    </trkpt>
    <trkpt lat="31.925654" lon="35.004818">
      <ele>230.9</ele>
      <time>2010-01-01T02:09:43Z</time>
    </trkpt>
    <trkpt lat="31.925652" lon="35.00478">
      <ele>231.1</ele>
      <time>2010-01-01T02:09:44Z</time>
    </trkpt>
    <trkpt lat="31.925613" lon="35.004741">
      <ele>231.5</ele>
      <time>2010-01-01T02:09:46Z</time>
    </trkpt>
    <trkpt lat="31.925598" lon="35.004704">
      <ele>231.7</ele>
      <time>2010-01-01T02:09:48Z</time>
    </trkpt>
    <trkpt lat="31.925572" lon="35.004654">
      <ele>232.0</ele>
      <time>2010-01-01T02:09:50Z</time>
    </trkpt>
    <trkpt lat="31.925536" lon="35.004617">
      <ele>232.3</ele>
      <time>2010-01-01T02:09:52Z</time>
    </trkpt>
    <trkpt lat="31.92553" lon="35.00458">
      <ele>232.5</ele>
      <time>2010-01-01T02:09:53Z</time>
    </trkpt>
    <trkpt lat="31.925503" lon="35.004543">
      <ele>232.6</ele>
      <time>2010-01-01T02:09:55Z</time>
    </trkpt>
    <trkpt lat="31.925477" lon="35.004488">
      <ele>232.8</ele>
      <time>2010-01-01T02:09:57Z</time>
    </trkpt>
    <trkpt lat="31.925479" lon="35.004442">
      <ele>232.8</ele>
      <time>2010-01-01T02:09:58Z</time>
    </trkpt>
    <trkpt lat="31.925492" lon="35.004394">
      <ele>232.8</ele>
      <time>2010-01-01T02:10:00Z</time>
    </trkpt>
    <trkpt lat="31.925504" lon="35.004363">
      <ele>232.7</ele>
      <time>2010-01-01T02:10:01Z</time>
    </trkpt>
    <trkpt lat="31.925516" lon="35.004333">
      <ele>232.7</ele>
      <time>2010-01-01T02:10:02Z</time>
    </trkpt>
    <trkpt lat="31.925521" lon="35.004301">
      <ele>232.8</ele>
      <time>2010-01-01T02:10:03Z</time>
    </trkpt>
    <trkpt lat="31.925517" lon="35.004252">
      <ele>232.8</ele>
      <time>2010-01-01T02:10:05Z</time>
    </trkpt>
    <trkpt lat="31.925499" lon="35.004226">
      <ele>232.9</ele>
      <time>2010-01-01T02:10:06Z</time>
    </trkpt>
    <trkpt lat="31.92548" lon="35.004192">
      <ele>232.9</ele>
      <time>2010-01-01T02:10:08Z</time>
    </trkpt>
    <trkpt lat="31.925453" lon="35.004153">
      <ele>233.0</ele>
      <time>2010-01-01T02:10:09Z</time>
    </trkpt>
    <trkpt lat="31.92543" lon="35.004114">
      <ele>233.0</ele>
      <time>2010-01-01T02:10:11Z</time>
    </trkpt>
    <trkpt lat="31.9254" lon="35.004073">
      <ele>233.0</ele>
      <time>2010-01-01T02:10:13Z</time>
    </trkpt>
    <trkpt lat="31.925359" lon="35.004042">
      <ele>233.0</ele>
      <time>2010-01-01T02:10:15Z</time>
    </trkpt>
    <trkpt lat="31.92531" lon="35.004012">
      <ele>233.0</ele>
      <time>2010-01-01T02:10:17Z</time>
    </trkpt>
    <trkpt lat="31.925279" lon="35.003984">
      <ele>232.9</ele>
      <time>2010-01-01T02:10:19Z</time>
    </trkpt>
    <trkpt lat="31.925224" lon="35.003967">
      <ele>232.9</ele>
      <time>2010-01-01T02:10:21Z</time>
    </trkpt>
    <trkpt lat="31.925194" lon="35.003956">
      <ele>232.9</ele>
      <time>2010-01-01T02:10:22Z</time>
    </trkpt>
    <trkpt lat="31.925166" lon="35.003939">
      <ele>232.8</ele>
      <time>2010-01-01T02:10:23Z</time>
    </trkpt>
    <trkpt lat="31.925136" lon="35.003925">
      <ele>232.8</ele>
      <time>2010-01-01T02:10:25Z</time>
    </trkpt>
    <trkpt lat="31.925105" lon="35.003909">
      <ele>232.8</ele>
      <time>2010-01-01T02:10:26Z</time>
    </trkpt>
    <trkpt lat="31.925074" lon="35.003894">
      <ele>232.7</ele>
      <time>2010-01-01T02:10:27Z</time>
    </trkpt>
    <trkpt lat="31.925044" lon="35.00388">
      <ele>232.7</ele>
      <time>2010-01-01T02:10:29Z</time>
    </trkpt>
    <trkpt lat="31.925013" lon="35.003864">
      <ele>232.6</ele>
      <time>2010-01-01T02:10:30Z</time>
    </trkpt>
    <trkpt lat="31.924981" lon="35.003848">
      <ele>232.6</ele>
      <time>2010-01-01T02:10:31Z</time>
    </trkpt>
    <trkpt lat="31.924949" lon="35.003833">
      <ele>232.6</ele>
      <time>2010-01-01T02:10:33Z</time>
    </trkpt>
    <trkpt lat="31.924916" lon="35.003824">
      <ele>232.5</ele>
      <time>2010-01-01T02:10:34Z</time>
    </trkpt>
    <trkpt lat="31.924874" lon="35.00383">
      <ele>232.5</ele>
      <time>2010-01-01T02:10:36Z</time>
    </trkpt>
    <trkpt lat="31.92483" lon="35.003797">
      <ele>232.4</ele>
      <time>2010-01-01T02:10:38Z</time>
    </trkpt>
    <trkpt lat="31.924792" lon="35.003781">
      <ele>232.3</ele>
      <time>2010-01-01T02:10:39Z</time>
    </trkpt>
    <trkpt lat="31.924755" lon="35.003764">
      <ele>232.2</ele>
      <time>2010-01-01T02:10:41Z</time>
    </trkpt>
    <trkpt lat="31.924718" lon="35.003746">
      <ele>232.2</ele>
      <time>2010-01-01T02:10:43Z</time>
    </trkpt>
    <trkpt lat="31.924681" lon="35.003727">
      <ele>232.1</ele>
      <time>2010-01-01T02:10:44Z</time>
    </trkpt>
    <trkpt lat="31.924636" lon="35.003683">
      <ele>231.9</ele>
      <time>2010-01-01T02:10:47Z</time>
    </trkpt>
    <trkpt lat="31.924606" lon="35.003649">
      <ele>231.8</ele>
      <time>2010-01-01T02:10:48Z</time>
    </trkpt>
    <trkpt lat="31.924571" lon="35.003624">
      <ele>231.7</ele>
      <time>2010-01-01T02:10:50Z</time>
    </trkpt>
    <trkpt lat="31.92455" lon="35.003568">
      <ele>231.6</ele>
      <time>2010-01-01T02:10:52Z</time>
    </trkpt>
    <trkpt lat="31.924526" lon="35.003524">
      <ele>231.5</ele>
      <time>2010-01-01T02:10:54Z</time>
    </trkpt>
    <trkpt lat="31.924503" lon="35.00347">
      <ele>231.4</ele>
      <time>2010-01-01T02:10:56Z</time>
    </trkpt>
    <trkpt lat="31.924499" lon="35.003419">
      <ele>231.3</ele>
      <time>2010-01-01T02:10:58Z</time>
    </trkpt>
    <trkpt lat="31.924516" lon="35.003381">
      <ele>231.2</ele>
      <time>2010-01-01T02:10:59Z</time>
    </trkpt>
    <trkpt lat="31.924541" lon="35.003336">
      <ele>231.1</ele>
      <time>2010-01-01T02:11:01Z</time>
    </trkpt>
    <trkpt lat="31.924573" lon="35.003296">
      <ele>230.9</ele>
      <time>2010-01-01T02:11:03Z</time>
    </trkpt>
    <trkpt lat="31.924612" lon="35.003257">
      <ele>230.9</ele>
      <time>2010-01-01T02:11:05Z</time>
    </trkpt>
    <trkpt lat="31.924645" lon="35.003214">
      <ele>230.8</ele>
      <time>2010-01-01T02:11:07Z</time>
    </trkpt>
    <trkpt lat="31.924677" lon="35.003172">
      <ele>230.8</ele>
      <time>2010-01-01T02:11:09Z</time>
    </trkpt>
    <trkpt lat="31.924711" lon="35.003128">
      <ele>230.8</ele>
      <time>2010-01-01T02:11:11Z</time>
    </trkpt>
    <trkpt lat="31.924744" lon="35.003085">
      <ele>230.8</ele>
      <time>2010-01-01T02:11:13Z</time>
    </trkpt>
    <trkpt lat="31.924782" lon="35.003039">
      <ele>230.7</ele>
      <time>2010-01-01T02:11:15Z</time>
    </trkpt>
    <trkpt lat="31.924821" lon="35.003005">
      <ele>230.8</ele>
      <time>2010-01-01T02:11:17Z</time>
    </trkpt>
    <trkpt lat="31.924854" lon="35.002968">
      <ele>230.8</ele>
      <time>2010-01-01T02:11:19Z</time>
    </trkpt>
    <trkpt lat="31.924884" lon="35.002933">
      <ele>230.8</ele>
      <time>2010-01-01T02:11:20Z</time>
    </trkpt>
    <trkpt lat="31.924921" lon="35.002893">
      <ele>230.8</ele>
      <time>2010-01-01T02:11:22Z</time>
    </trkpt>
    <trkpt lat="31.924949" lon="35.002854">
      <ele>230.8</ele>
      <time>2010-01-01T02:11:24Z</time>
    </trkpt>
    <trkpt lat="31.924984" lon="35.002821">
      <ele>230.9</ele>
      <time>2010-01-01T02:11:26Z</time>
    </trkpt>
    <trkpt lat="31.925014" lon="35.002786">
      <ele>231.0</ele>
      <time>2010-01-01T02:11:28Z</time>
    </trkpt>
    <trkpt lat="31.925045" lon="35.002752">
      <ele>231.1</ele>
      <time>2010-01-01T02:11:29Z</time>
    </trkpt>
    <trkpt lat="31.925069" lon="35.002711">
      <ele>231.1</ele>
      <time>2010-01-01T02:11:31Z</time>
    </trkpt>
    <trkpt lat="31.925094" lon="35.002676">
      <ele>231.2</ele>
      <time>2010-01-01T02:11:32Z</time>
    </trkpt>
    <trkpt lat="31.92512" lon="35.002632">
      <ele>231.4</ele>
      <time>2010-01-01T02:11:34Z</time>
    </trkpt>
    <trkpt lat="31.925148" lon="35.002599">
      <ele>231.5</ele>
      <time>2010-01-01T02:11:36Z</time>
    </trkpt>
    <trkpt lat="31.925177" lon="35.002562">
      <ele>231.7</ele>
      <time>2010-01-01T02:11:38Z</time>
    </trkpt>
    <trkpt lat="31.925205" lon="35.002528">
      <ele>231.8</ele>
      <time>2010-01-01T02:11:39Z</time>
    </trkpt>
    <trkpt lat="31.92524" lon="35.002488">
      <ele>232.1</ele>
      <time>2010-01-01T02:11:41Z</time>
    </trkpt>
    <trkpt lat="31.925261" lon="35.002452">
      <ele>232.2</ele>
      <time>2010-01-01T02:11:43Z</time>
    </trkpt>
    <trkpt lat="31.925289" lon="35.00241">
      <ele>232.4</ele>
      <time>2010-01-01T02:11:44Z</time>
    </trkpt>
    <trkpt lat="31.92531" lon="35.002373">
      <ele>232.6</ele>
      <time>2010-01-01T02:11:46Z</time>
    </trkpt>
    <trkpt lat="31.925335" lon="35.002338">
      <ele>232.9</ele>
      <time>2010-01-01T02:11:48Z</time>
    </trkpt>
    <trkpt lat="31.925355" lon="35.002298">
      <ele>233.1</ele>
      <time>2010-01-01T02:11:49Z</time>
    </trkpt>
    <trkpt lat="31.925377" lon="35.00226">
      <ele>233.3</ele>
      <time>2010-01-01T02:11:51Z</time>
    </trkpt>
    <trkpt lat="31.925406" lon="35.002221">
      <ele>233.6</ele>
      <time>2010-01-01T02:11:52Z</time>
    </trkpt>
    <trkpt lat="31.925435" lon="35.002188">
      <ele>233.8</ele>
      <time>2010-01-01T02:11:54Z</time>
    </trkpt>
    <trkpt lat="31.925462" lon="35.002151">
      <ele>233.9</ele>
      <time>2010-01-01T02:11:56Z</time>
    </trkpt>
    <trkpt lat="31.925485" lon="35.002113">
      <ele>233.9</ele>
      <time>2010-01-01T02:11:57Z</time>
    </trkpt>
    <trkpt lat="31.925504" lon="35.002086">
      <ele>234.0</ele>
      <time>2010-01-01T02:11:58Z</time>
    </trkpt>
    <trkpt lat="31.925525" lon="35.002051">
      <ele>234.1</ele>
      <time>2010-01-01T02:12:00Z</time>
    </trkpt>
    <trkpt lat="31.925545" lon="35.002012">
      <ele>234.1</ele>
      <time>2010-01-01T02:12:01Z</time>
    </trkpt>
    <trkpt lat="31.925564" lon="35.001969">
      <ele>234.2</ele>
      <time>2010-01-01T02:12:03Z</time>
    </trkpt>
    <trkpt lat="31.925581" lon="35.001932">
      <ele>234.3</ele>
      <time>2010-01-01T02:12:05Z</time>
    </trkpt>
    <trkpt lat="31.925597" lon="35.001898">
      <ele>234.3</ele>
      <time>2010-01-01T02:12:06Z</time>
    </trkpt>
    <trkpt lat="31.92561" lon="35.001856">
      <ele>234.4</ele>
      <time>2010-01-01T02:12:07Z</time>
    </trkpt>
    <trkpt lat="31.925625" lon="35.001819">
      <ele>234.5</ele>
      <time>2010-01-01T02:12:09Z</time>
    </trkpt>
    <trkpt lat="31.925648" lon="35.001785">
      <ele>234.5</ele>
      <time>2010-01-01T02:12:10Z</time>
    </trkpt>
    <trkpt lat="31.925669" lon="35.001755">
      <ele>234.5</ele>
      <time>2010-01-01T02:12:12Z</time>
    </trkpt>
    <trkpt lat="31.925694" lon="35.001724">
      <ele>234.6</ele>
      <time>2010-01-01T02:12:13Z</time>
    </trkpt>
    <trkpt lat="31.925708" lon="35.001685">
      <ele>234.6</ele>
      <time>2010-01-01T02:12:14Z</time>
    </trkpt>
    <trkpt lat="31.925722" lon="35.001647">
      <ele>234.7</ele>
      <time>2010-01-01T02:12:16Z</time>
    </trkpt>
    <trkpt lat="31.925741" lon="35.00161">
      <ele>234.7</ele>
      <time>2010-01-01T02:12:17Z</time>
    </trkpt>
    <trkpt lat="31.925755" lon="35.001568">
      <ele>234.7</ele>
      <time>2010-01-01T02:12:19Z</time>
    </trkpt>
    <trkpt lat="31.925786" lon="35.001525">
      <ele>234.7</ele>
      <time>2010-01-01T02:12:21Z</time>
    </trkpt>
    <trkpt lat="31.925815" lon="35.001486">
      <ele>234.7</ele>
      <time>2010-01-01T02:12:23Z</time>
    </trkpt>
    <trkpt lat="31.925831" lon="35.00145">
      <ele>234.8</ele>
      <time>2010-01-01T02:12:24Z</time>
    </trkpt>
    <trkpt lat="31.925846" lon="35.001402">
      <ele>234.8</ele>
      <time>2010-01-01T02:12:26Z</time>
    </trkpt>
    <trkpt lat="31.92586" lon="35.001361">
      <ele>234.8</ele>
      <time>2010-01-01T02:12:27Z</time>
    </trkpt>
    <trkpt lat="31.925876" lon="35.001318">
      <ele>234.8</ele>
      <time>2010-01-01T02:12:29Z</time>
    </trkpt>
    <trkpt lat="31.925892" lon="35.001279">
      <ele>234.8</ele>
      <time>2010-01-01T02:12:30Z</time>
    </trkpt>
    <trkpt lat="31.925908" lon="35.001236">
      <ele>234.8</ele>
      <time>2010-01-01T02:12:32Z</time>
    </trkpt>
    <trkpt lat="31.925926" lon="35.001185">
      <ele>234.5</ele>
      <time>2010-01-01T02:12:34Z</time>
    </trkpt>
    <trkpt lat="31.925949" lon="35.001132">
      <ele>234.2</ele>
      <time>2010-01-01T02:12:36Z</time>
    </trkpt>
    <trkpt lat="31.925962" lon="35.001075">
      <ele>233.9</ele>
      <time>2010-01-01T02:12:38Z</time>
    </trkpt>
    <trkpt lat="31.925977" lon="35.001016">
      <ele>233.6</ele>
      <time>2010-01-01T02:12:40Z</time>
    </trkpt>
    <trkpt lat="31.925996" lon="35.000958">
      <ele>233.3</ele>
      <time>2010-01-01T02:12:42Z</time>
    </trkpt>
    <trkpt lat="31.926007" lon="35.000895">
      <ele>233.0</ele>
      <time>2010-01-01T02:12:44Z</time>
    </trkpt>
    <trkpt lat="31.926023" lon="35.000836">
      <ele>232.7</ele>
      <time>2010-01-01T02:12:46Z</time>
    </trkpt>
    <trkpt lat="31.92604" lon="35.000789">
      <ele>232.4</ele>
      <time>2010-01-01T02:12:48Z</time>
    </trkpt>
    <trkpt lat="31.926058" lon="35.000733">
      <ele>232.1</ele>
      <time>2010-01-01T02:12:50Z</time>
    </trkpt>
    <trkpt lat="31.92608" lon="35.000664">
      <ele>231.7</ele>
      <time>2010-01-01T02:12:53Z</time>
    </trkpt>
    <trkpt lat="31.926099" lon="35.000593">
      <ele>231.4</ele>
      <time>2010-01-01T02:12:55Z</time>
    </trkpt>
    <trkpt lat="31.92612" lon="35.000517">
      <ele>230.9</ele>
      <time>2010-01-01T02:12:58Z</time>
    </trkpt>
    <trkpt lat="31.926146" lon="35.000433">
      <ele>230.5</ele>
      <time>2010-01-01T02:13:01Z</time>
    </trkpt>
    <trkpt lat="31.926173" lon="35.000352">
      <ele>230.0</ele>
      <time>2010-01-01T02:13:04Z</time>
    </trkpt>
    <trkpt lat="31.926203" lon="35.000262">
      <ele>229.4</ele>
      <time>2010-01-01T02:13:07Z</time>
    </trkpt>
    <trkpt lat="31.926233" lon="35.00017">
      <ele>228.9</ele>
      <time>2010-01-01T02:13:10Z</time>
    </trkpt>
    <trkpt lat="31.926262" lon="35.00007">
      <ele>228.4</ele>
      <time>2010-01-01T02:13:14Z</time>
    </trkpt>
    <trkpt lat="31.926287" lon="34.999977">
      <ele>228.0</ele>
      <time>2010-01-01T02:13:17Z</time>
    </trkpt>
    <trkpt lat="31.926319" lon="34.999888">
      <ele>227.7</ele>
      <time>2010-01-01T02:13:21Z</time>
    </trkpt>
    <trkpt lat="31.926353" lon="34.999805">
      <ele>227.5</ele>
      <time>2010-01-01T02:13:24Z</time>
    </trkpt>
    <trkpt lat="31.926387" lon="34.999726">
      <ele>227.2</ele>
      <time>2010-01-01T02:13:27Z</time>
    </trkpt>
    <trkpt lat="31.926418" lon="34.999647">
      <ele>226.9</ele>
      <time>2010-01-01T02:13:30Z</time>
    </trkpt>
    <trkpt lat="31.926448" lon="34.999566">
      <ele>226.6</ele>
      <time>2010-01-01T02:13:33Z</time>
    </trkpt>
    <trkpt lat="31.926471" lon="34.999486">
      <ele>226.4</ele>
      <time>2010-01-01T02:13:36Z</time>
    </trkpt>
    <trkpt lat="31.926504" lon="34.999409">
      <ele>226.2</ele>
      <time>2010-01-01T02:13:38Z</time>
    </trkpt>
    <trkpt lat="31.92653" lon="34.999333">
      <ele>226.0</ele>
      <time>2010-01-01T02:13:41Z</time>
    </trkpt>
    <trkpt lat="31.926557" lon="34.99926">
      <ele>225.8</ele>
      <time>2010-01-01T02:13:44Z</time>
    </trkpt>
    <trkpt lat="31.926576" lon="34.99919">
      <ele>225.6</ele>
      <time>2010-01-01T02:13:46Z</time>
    </trkpt>
    <trkpt lat="31.9266" lon="34.999119">
      <ele>225.4</ele>
      <time>2010-01-01T02:13:49Z</time>
    </trkpt>
    <trkpt lat="31.926625" lon="34.999041">
      <ele>225.1</ele>
      <time>2010-01-01T02:13:52Z</time>
    </trkpt>
    <trkpt lat="31.926647" lon="34.99897">
      <ele>224.9</ele>
      <time>2010-01-01T02:13:54Z</time>
    </trkpt>
    <trkpt lat="31.926668" lon="34.998897">
      <ele>224.6</ele>
      <time>2010-01-01T02:13:57Z</time>
    </trkpt>
    <trkpt lat="31.926691" lon="34.998821">
      <ele>224.4</ele>
      <time>2010-01-01T02:14:00Z</time>
    </trkpt>
    <trkpt lat="31.926721" lon="34.998761">
      <ele>224.2</ele>
      <time>2010-01-01T02:14:02Z</time>
    </trkpt>
    <trkpt lat="31.926744" lon="34.998692">
      <ele>224.0</ele>
      <time>2010-01-01T02:14:05Z</time>
    </trkpt>
    <trkpt lat="31.926765" lon="34.998626">
      <ele>223.8</ele>
      <time>2010-01-01T02:14:07Z</time>
    </trkpt>
    <trkpt lat="31.926789" lon="34.99856">
      <ele>223.7</ele>
      <time>2010-01-01T02:14:10Z</time>
    </trkpt>
    <trkpt lat="31.926818" lon="34.998488">
      <ele>223.5</ele>
      <time>2010-01-01T02:14:12Z</time>
    </trkpt>
    <trkpt lat="31.926842" lon="34.99841">
      <ele>223.3</ele>
      <time>2010-01-01T02:14:15Z</time>
    </trkpt>
    <trkpt lat="31.926864" lon="34.998342">
      <ele>223.1</ele>
      <time>2010-01-01T02:14:18Z</time>
    </trkpt>
    <trkpt lat="31.926885" lon="34.998269">
      <ele>222.9</ele>
      <time>2010-01-01T02:14:20Z</time>
    </trkpt>
    <trkpt lat="31.926904" lon="34.998197">
      <ele>222.7</ele>
      <time>2010-01-01T02:14:23Z</time>
    </trkpt>
    <trkpt lat="31.926929" lon="34.998128">
      <ele>222.5</ele>
      <time>2010-01-01T02:14:25Z</time>
    </trkpt>
    <trkpt lat="31.926955" lon="34.998054">
      <ele>222.3</ele>
      <time>2010-01-01T02:14:28Z</time>
    </trkpt>
    <trkpt lat="31.926978" lon="34.997985">
      <ele>222.1</ele>
      <time>2010-01-01T02:14:30Z</time>
    </trkpt>
    <trkpt lat="31.926997" lon="34.997916">
      <ele>221.9</ele>
      <time>2010-01-01T02:14:33Z</time>
    </trkpt>
    <trkpt lat="31.927017" lon="34.997847">
      <ele>221.8</ele>
      <time>2010-01-01T02:14:35Z</time>
    </trkpt>
    <trkpt lat="31.927034" lon="34.99778">
      <ele>221.8</ele>
      <time>2010-01-01T02:14:38Z</time>
    </trkpt>
    <trkpt lat="31.927056" lon="34.997718">
      <ele>221.7</ele>
      <time>2010-01-01T02:14:40Z</time>
    </trkpt>
    <trkpt lat="31.927078" lon="34.997664">
      <ele>221.7</ele>
      <time>2010-01-01T02:14:42Z</time>
    </trkpt>
    <trkpt lat="31.9271" lon="34.997605">
      <ele>221.7</ele>
      <time>2010-01-01T02:14:44Z</time>
    </trkpt>
    <trkpt lat="31.927124" lon="34.997556">
      <ele>221.8</ele>
      <time>2010-01-01T02:14:46Z</time>
    </trkpt>
    <trkpt lat="31.927147" lon="34.9975">
      <ele>221.9</ele>
      <time>2010-01-01T02:14:48Z</time>
    </trkpt>
    <trkpt lat="31.927171" lon="34.997449">
      <ele>222.0</ele>
      <time>2010-01-01T02:14:50Z</time>
    </trkpt>
    <trkpt lat="31.927198" lon="34.997401">
      <ele>222.1</ele>
      <time>2010-01-01T02:14:52Z</time>
    </trkpt>
    <trkpt lat="31.927222" lon="34.997357">
      <ele>222.2</ele>
      <time>2010-01-01T02:14:54Z</time>
    </trkpt>
    <trkpt lat="31.927244" lon="34.997312">
      <ele>222.3</ele>
      <time>2010-01-01T02:14:56Z</time>
    </trkpt>
    <trkpt lat="31.92727" lon="34.997248">
      <ele>222.4</ele>
      <time>2010-01-01T02:14:58Z</time>
    </trkpt>
    <trkpt lat="31.927291" lon="34.997191">
      <ele>222.4</ele>
      <time>2010-01-01T02:15:00Z</time>
    </trkpt>
    <trkpt lat="31.927313" lon="34.99714">
      <ele>222.5</ele>
      <time>2010-01-01T02:15:02Z</time>
    </trkpt>
    <trkpt lat="31.927337" lon="34.997101">
      <ele>222.5</ele>
      <time>2010-01-01T02:15:04Z</time>
    </trkpt>
    <trkpt lat="31.927364" lon="34.997055">
      <ele>222.6</ele>
      <time>2010-01-01T02:15:06Z</time>
    </trkpt>
    <trkpt lat="31.927397" lon="34.997014">
      <ele>222.8</ele>
      <time>2010-01-01T02:15:08Z</time>
    </trkpt>
    <trkpt lat="31.927425" lon="34.996972">
      <ele>222.9</ele>
      <time>2010-01-01T02:15:10Z</time>
    </trkpt>
    <trkpt lat="31.927446" lon="34.996933">
      <ele>222.9</ele>
      <time>2010-01-01T02:15:11Z</time>
    </trkpt>
    <trkpt lat="31.927471" lon="34.996891">
      <ele>223.1</ele>
      <time>2010-01-01T02:15:13Z</time>
    </trkpt>
    <trkpt lat="31.9275" lon="34.996852">
      <ele>223.2</ele>
      <time>2010-01-01T02:15:15Z</time>
    </trkpt>
    <trkpt lat="31.927532" lon="34.996804">
      <ele>223.4</ele>
      <time>2010-01-01T02:15:17Z</time>
    </trkpt>
    <trkpt lat="31.927565" lon="34.996767">
      <ele>223.6</ele>
      <time>2010-01-01T02:15:19Z</time>
    </trkpt>
    <trkpt lat="31.927596" lon="34.99672">
      <ele>223.8</ele>
      <time>2010-01-01T02:15:21Z</time>
    </trkpt>
    <trkpt lat="31.927629" lon="34.996684">
      <ele>224.1</ele>
      <time>2010-01-01T02:15:22Z</time>
    </trkpt>
    <trkpt lat="31.92766" lon="34.996649">
      <ele>224.3</ele>
      <time>2010-01-01T02:15:24Z</time>
    </trkpt>
    <trkpt lat="31.927696" lon="34.996611">
      <ele>224.6</ele>
      <time>2010-01-01T02:15:26Z</time>
    </trkpt>
    <trkpt lat="31.927733" lon="34.996588">
      <ele>225.0</ele>
      <time>2010-01-01T02:15:28Z</time>
    </trkpt>
    <trkpt lat="31.92777" lon="34.996553">
      <ele>225.3</ele>
      <time>2010-01-01T02:15:30Z</time>
    </trkpt>
    <trkpt lat="31.927802" lon="34.996515">
      <ele>225.6</ele>
      <time>2010-01-01T02:15:31Z</time>
    </trkpt>
    <trkpt lat="31.927836" lon="34.996482">
      <ele>226.0</ele>
      <time>2010-01-01T02:15:33Z</time>
    </trkpt>
    <trkpt lat="31.927871" lon="34.996448">
      <ele>226.3</ele>
      <time>2010-01-01T02:15:35Z</time>
    </trkpt>
    <trkpt lat="31.927911" lon="34.996423">
      <ele>226.7</ele>
      <time>2010-01-01T02:15:37Z</time>
    </trkpt>
    <trkpt lat="31.927952" lon="34.996397">
      <ele>226.9</ele>
      <time>2010-01-01T02:15:39Z</time>
    </trkpt>
    <trkpt lat="31.927993" lon="34.996368">
      <ele>227.1</ele>
      <time>2010-01-01T02:15:41Z</time>
    </trkpt>
    <trkpt lat="31.928034" lon="34.99634">
      <ele>227.3</ele>
      <time>2010-01-01T02:15:42Z</time>
    </trkpt>
    <trkpt lat="31.928068" lon="34.996311">
      <ele>227.5</ele>
      <time>2010-01-01T02:15:44Z</time>
    </trkpt>
    <trkpt lat="31.928109" lon="34.996287">
      <ele>227.6</ele>
      <time>2010-01-01T02:15:46Z</time>
    </trkpt>
    <trkpt lat="31.928147" lon="34.996272">
      <ele>227.8</ele>
      <time>2010-01-01T02:15:48Z</time>
    </trkpt>
    <trkpt lat="31.928184" lon="34.996251">
      <ele>228.0</ele>
      <time>2010-01-01T02:15:49Z</time>
    </trkpt>
    <trkpt lat="31.928216" lon="34.996233">
      <ele>228.1</ele>
      <time>2010-01-01T02:15:51Z</time>
    </trkpt>
    <trkpt lat="31.928248" lon="34.996209">
      <ele>228.3</ele>
      <time>2010-01-01T02:15:52Z</time>
    </trkpt>
    <trkpt lat="31.92829" lon="34.996207">
      <ele>228.5</ele>
      <time>2010-01-01T02:15:54Z</time>
    </trkpt>
    <trkpt lat="31.928322" lon="34.996185">
      <ele>228.7</ele>
      <time>2010-01-01T02:15:55Z</time>
    </trkpt>
    <trkpt lat="31.928354" lon="34.996155">
      <ele>228.9</ele>
      <time>2010-01-01T02:15:57Z</time>
    </trkpt>
    <trkpt lat="31.928389" lon="34.996142">
      <ele>229.0</ele>
      <time>2010-01-01T02:15:58Z</time>
    </trkpt>
    <trkpt lat="31.92842" lon="34.996124">
      <ele>229.2</ele>
      <time>2010-01-01T02:16:00Z</time>
    </trkpt>
    <trkpt lat="31.928451" lon="34.996108">
      <ele>229.4</ele>
      <time>2010-01-01T02:16:01Z</time>
    </trkpt>
    <trkpt lat="31.928484" lon="34.996072">
      <ele>229.6</ele>
      <time>2010-01-01T02:16:03Z</time>
    </trkpt>
    <trkpt lat="31.928517" lon="34.996045">
      <ele>229.8</ele>
      <time>2010-01-01T02:16:05Z</time>
    </trkpt>
    <trkpt lat="31.928557" lon="34.996012">
      <ele>230.1</ele>
      <time>2010-01-01T02:16:07Z</time>
    </trkpt>
    <trkpt lat="31.928582" lon="34.995997">
      <ele>230.2</ele>
      <time>2010-01-01T02:16:08Z</time>
    </trkpt>
    <trkpt lat="31.928621" lon="34.995976">
      <ele>230.5</ele>
      <time>2010-01-01T02:16:09Z</time>
    </trkpt>
    <trkpt lat="31.92866" lon="34.995955">
      <ele>230.7</ele>
      <time>2010-01-01T02:16:11Z</time>
    </trkpt>
    <trkpt lat="31.928694" lon="34.995943">
      <ele>230.9</ele>
      <time>2010-01-01T02:16:13Z</time>
    </trkpt>
    <trkpt lat="31.928734" lon="34.995912">
      <ele>231.2</ele>
      <time>2010-01-01T02:16:14Z</time>
    </trkpt>
    <trkpt lat="31.928769" lon="34.995892">
      <ele>231.4</ele>
      <time>2010-01-01T02:16:16Z</time>
    </trkpt>
    <trkpt lat="31.9288" lon="34.995872">
      <ele>231.6</ele>
      <time>2010-01-01T02:16:17Z</time>
    </trkpt>
    <trkpt lat="31.928832" lon="34.995856">
      <ele>231.8</ele>
      <time>2010-01-01T02:16:19Z</time>
    </trkpt>
    <trkpt lat="31.928863" lon="34.99584">
      <ele>231.9</ele>
      <time>2010-01-01T02:16:20Z</time>
    </trkpt>
    <trkpt lat="31.928892" lon="34.995825">
      <ele>232.1</ele>
      <time>2010-01-01T02:16:21Z</time>
    </trkpt>
    <trkpt lat="31.928925" lon="34.9958">
      <ele>232.4</ele>
      <time>2010-01-01T02:16:23Z</time>
    </trkpt>
    <trkpt lat="31.92896" lon="34.995792">
      <ele>232.6</ele>
      <time>2010-01-01T02:16:24Z</time>
    </trkpt>
    <trkpt lat="31.928986" lon="34.995771">
      <ele>232.8</ele>
      <time>2010-01-01T02:16:26Z</time>
    </trkpt>
    <trkpt lat="31.929019" lon="34.995748">
      <ele>233.0</ele>
      <time>2010-01-01T02:16:27Z</time>
    </trkpt>
    <trkpt lat="31.929058" lon="34.995711">
      <ele>233.4</ele>
      <time>2010-01-01T02:16:29Z</time>
    </trkpt>
    <trkpt lat="31.92909" lon="34.995683">
      <ele>233.7</ele>
      <time>2010-01-01T02:16:31Z</time>
    </trkpt>
    <trkpt lat="31.92912" lon="34.995667">
      <ele>233.9</ele>
      <time>2010-01-01T02:16:32Z</time>
    </trkpt>
    <trkpt lat="31.929146" lon="34.995647">
      <ele>234.2</ele>
      <time>2010-01-01T02:16:33Z</time>
    </trkpt>
    <trkpt lat="31.929179" lon="34.99563">
      <ele>234.4</ele>
      <time>2010-01-01T02:16:35Z</time>
    </trkpt>
    <trkpt lat="31.929207" lon="34.995621">
      <ele>234.6</ele>
      <time>2010-01-01T02:16:36Z</time>
    </trkpt>
    <trkpt lat="31.929232" lon="34.995599">
      <ele>234.9</ele>
      <time>2010-01-01T02:16:37Z</time>
    </trkpt>
    <trkpt lat="31.929262" lon="34.995591">
      <ele>235.1</ele>
      <time>2010-01-01T02:16:38Z</time>
    </trkpt>
    <trkpt lat="31.929295" lon="34.995563">
      <ele>235.4</ele>
      <time>2010-01-01T02:16:40Z</time>
    </trkpt>
    <trkpt lat="31.929325" lon="34.995546">
      <ele>235.7</ele>
      <time>2010-01-01T02:16:41Z</time>
    </trkpt>
    <trkpt lat="31.929356" lon="34.995531">
      <ele>235.9</ele>
      <time>2010-01-01T02:16:43Z</time>
    </trkpt>
    <trkpt lat="31.929385" lon="34.99551">
      <ele>236.2</ele>
      <time>2010-01-01T02:16:44Z</time>
    </trkpt>
    <trkpt lat="31.929412" lon="34.995497">
      <ele>236.5</ele>
      <time>2010-01-01T02:16:45Z</time>
    </trkpt>
    <trkpt lat="31.929442" lon="34.995482">
      <ele>236.7</ele>
      <time>2010-01-01T02:16:47Z</time>
    </trkpt>
    <trkpt lat="31.929476" lon="34.995468">
      <ele>237.0</ele>
      <time>2010-01-01T02:16:48Z</time>
    </trkpt>
    <trkpt lat="31.92951" lon="34.995446">
      <ele>237.4</ele>
      <time>2010-01-01T02:16:50Z</time>
    </trkpt>
    <trkpt lat="31.92954" lon="34.995426">
      <ele>237.7</ele>
      <time>2010-01-01T02:16:51Z</time>
    </trkpt>
    <trkpt lat="31.929574" lon="34.995406">
      <ele>238.0</ele>
      <time>2010-01-01T02:16:53Z</time>
    </trkpt>
    <trkpt lat="31.929612" lon="34.995384">
      <ele>238.0</ele>
      <time>2010-01-01T02:16:54Z</time>
    </trkpt>
    <trkpt lat="31.929646" lon="34.995357">
      <ele>238.1</ele>
      <time>2010-01-01T02:16:56Z</time>
    </trkpt>
    <trkpt lat="31.929679" lon="34.995334">
      <ele>238.1</ele>
      <time>2010-01-01T02:16:57Z</time>
    </trkpt>
    <trkpt lat="31.929712" lon="34.995314">
      <ele>238.1</ele>
      <time>2010-01-01T02:16:59Z</time>
    </trkpt>
    <trkpt lat="31.929746" lon="34.995287">
      <ele>238.1</ele>
      <time>2010-01-01T02:17:01Z</time>
    </trkpt>
    <trkpt lat="31.929782" lon="34.995252">
      <ele>238.2</ele>
      <time>2010-01-01T02:17:02Z</time>
    </trkpt>
    <trkpt lat="31.929821" lon="34.995218">
      <ele>238.3</ele>
      <time>2010-01-01T02:17:04Z</time>
    </trkpt>
    <trkpt lat="31.929862" lon="34.995201">
      <ele>238.3</ele>
      <time>2010-01-01T02:17:06Z</time>
    </trkpt>
    <trkpt lat="31.929903" lon="34.995162">
      <ele>238.3</ele>
      <time>2010-01-01T02:17:08Z</time>
    </trkpt>
    <trkpt lat="31.929949" lon="34.99514">
      <ele>238.4</ele>
      <time>2010-01-01T02:17:10Z</time>
    </trkpt>
    <trkpt lat="31.930008" lon="34.995128">
      <ele>238.4</ele>
      <time>2010-01-01T02:17:13Z</time>
    </trkpt>
    <trkpt lat="31.930047" lon="34.995107">
      <ele>238.4</ele>
      <time>2010-01-01T02:17:14Z</time>
    </trkpt>
    <trkpt lat="31.930084" lon="34.995084">
      <ele>238.4</ele>
      <time>2010-01-01T02:17:16Z</time>
    </trkpt>
    <trkpt lat="31.93012" lon="34.995043">
      <ele>238.5</ele>
      <time>2010-01-01T02:17:18Z</time>
    </trkpt>
    <trkpt lat="31.930156" lon="34.995009">
      <ele>238.6</ele>
      <time>2010-01-01T02:17:20Z</time>
    </trkpt>
    <trkpt lat="31.930193" lon="34.994975">
      <ele>238.7</ele>
      <time>2010-01-01T02:17:22Z</time>
    </trkpt>
    <trkpt lat="31.930228" lon="34.994946">
      <ele>238.8</ele>
      <time>2010-01-01T02:17:23Z</time>
    </trkpt>
    <trkpt lat="31.930265" lon="34.994919">
      <ele>238.9</ele>
      <time>2010-01-01T02:17:25Z</time>
    </trkpt>
    <trkpt lat="31.9303" lon="34.994885">
      <ele>239.0</ele>
      <time>2010-01-01T02:17:27Z</time>
    </trkpt>
    <trkpt lat="31.930339" lon="34.994858">
      <ele>239.0</ele>
      <time>2010-01-01T02:17:29Z</time>
    </trkpt>
    <trkpt lat="31.930379" lon="34.994827">
      <ele>239.1</ele>
      <time>2010-01-01T02:17:31Z</time>
    </trkpt>
    <trkpt lat="31.930426" lon="34.994801">
      <ele>239.2</ele>
      <time>2010-01-01T02:17:33Z</time>
    </trkpt>
    <trkpt lat="31.930474" lon="34.994785">
      <ele>239.0</ele>
      <time>2010-01-01T02:17:35Z</time>
    </trkpt>
    <trkpt lat="31.930517" lon="34.994758">
      <ele>238.9</ele>
      <time>2010-01-01T02:17:37Z</time>
    </trkpt>
    <trkpt lat="31.930565" lon="34.994735">
      <ele>238.8</ele>
      <time>2010-01-01T02:17:39Z</time>
    </trkpt>
    <trkpt lat="31.930611" lon="34.994715">
      <ele>238.7</ele>
      <time>2010-01-01T02:17:41Z</time>
    </trkpt>
    <trkpt lat="31.930658" lon="34.994692">
      <ele>238.5</ele>
      <time>2010-01-01T02:17:43Z</time>
    </trkpt>
    <trkpt lat="31.930702" lon="34.994667">
      <ele>238.4</ele>
      <time>2010-01-01T02:17:45Z</time>
    </trkpt>
    <trkpt lat="31.930747" lon="34.994643">
      <ele>238.3</ele>
      <time>2010-01-01T02:17:47Z</time>
    </trkpt>
    <trkpt lat="31.930794" lon="34.994625">
      <ele>238.1</ele>
      <time>2010-01-01T02:17:49Z</time>
    </trkpt>
    <trkpt lat="31.930842" lon="34.994613">
      <ele>237.9</ele>
      <time>2010-01-01T02:17:51Z</time>
    </trkpt>
    <trkpt lat="31.93089" lon="34.9946">
      <ele>237.7</ele>
      <time>2010-01-01T02:17:53Z</time>
    </trkpt>
    <trkpt lat="31.930936" lon="34.994585">
      <ele>237.5</ele>
      <time>2010-01-01T02:17:55Z</time>
    </trkpt>
    <trkpt lat="31.930983" lon="34.994566">
      <ele>237.2</ele>
      <time>2010-01-01T02:17:57Z</time>
    </trkpt>
    <trkpt lat="31.931031" lon="34.994543">
      <ele>237.0</ele>
      <time>2010-01-01T02:17:59Z</time>
    </trkpt>
    <trkpt lat="31.931078" lon="34.994524">
      <ele>236.8</ele>
      <time>2010-01-01T02:18:01Z</time>
    </trkpt>
    <trkpt lat="31.931131" lon="34.994503">
      <ele>236.5</ele>
      <time>2010-01-01T02:18:03Z</time>
    </trkpt>
    <trkpt lat="31.931188" lon="34.994492">
      <ele>236.3</ele>
      <time>2010-01-01T02:18:05Z</time>
    </trkpt>
    <trkpt lat="31.931236" lon="34.994478">
      <ele>236.1</ele>
      <time>2010-01-01T02:18:07Z</time>
    </trkpt>
    <trkpt lat="31.931295" lon="34.994461">
      <ele>235.9</ele>
      <time>2010-01-01T02:18:10Z</time>
    </trkpt>
    <trkpt lat="31.931343" lon="34.994466">
      <ele>235.7</ele>
      <time>2010-01-01T02:18:11Z</time>
    </trkpt>
    <trkpt lat="31.931396" lon="34.994461">
      <ele>235.5</ele>
      <time>2010-01-01T02:18:14Z</time>
    </trkpt>
    <trkpt lat="31.931453" lon="34.994456">
      <ele>235.3</ele>
      <time>2010-01-01T02:18:16Z</time>
    </trkpt>
    <trkpt lat="31.931519" lon="34.994448">
      <ele>235.1</ele>
      <time>2010-01-01T02:18:19Z</time>
    </trkpt>
    <trkpt lat="31.931575" lon="34.994453">
      <ele>234.9</ele>
      <time>2010-01-01T02:18:21Z</time>
    </trkpt>
    <trkpt lat="31.931635" lon="34.994453">
      <ele>234.7</ele>
      <time>2010-01-01T02:18:23Z</time>
    </trkpt>
    <trkpt lat="31.931696" lon="34.994453">
      <ele>234.5</ele>
      <time>2010-01-01T02:18:26Z</time>
    </trkpt>
    <trkpt lat="31.931762" lon="34.994456">
      <ele>234.3</ele>
      <time>2010-01-01T02:18:28Z</time>
    </trkpt>
    <trkpt lat="31.931839" lon="34.994457">
      <ele>234.1</ele>
      <time>2010-01-01T02:18:31Z</time>
    </trkpt>
    <trkpt lat="31.93192" lon="34.994464">
      <ele>233.8</ele>
      <time>2010-01-01T02:18:35Z</time>
    </trkpt>
    <trkpt lat="31.932007" lon="34.994457">
      <ele>233.5</ele>
      <time>2010-01-01T02:18:38Z</time>
    </trkpt>
    <trkpt lat="31.932074" lon="34.994466">
      <ele>233.3</ele>
      <time>2010-01-01T02:18:41Z</time>
    </trkpt>
    <trkpt lat="31.932146" lon="34.994481">
      <ele>233.1</ele>
      <time>2010-01-01T02:18:44Z</time>
    </trkpt>
    <trkpt lat="31.932222" lon="34.994493">
      <ele>232.7</ele>
      <time>2010-01-01T02:18:47Z</time>
    </trkpt>
    <trkpt lat="31.932301" lon="34.994512">
      <ele>232.4</ele>
      <time>2010-01-01T02:18:50Z</time>
    </trkpt>
    <trkpt lat="31.932374" lon="34.994536">
      <ele>232.1</ele>
      <time>2010-01-01T02:18:53Z</time>
    </trkpt>
    <trkpt lat="31.932448" lon="34.99456">
      <ele>231.7</ele>
      <time>2010-01-01T02:18:56Z</time>
    </trkpt>
    <trkpt lat="31.932534" lon="34.994581">
      <ele>231.3</ele>
      <time>2010-01-01T02:19:00Z</time>
    </trkpt>
    <trkpt lat="31.932619" lon="34.994601">
      <ele>230.8</ele>
      <time>2010-01-01T02:19:03Z</time>
    </trkpt>
    <trkpt lat="31.932706" lon="34.994615">
      <ele>230.3</ele>
      <time>2010-01-01T02:19:07Z</time>
    </trkpt>
    <trkpt lat="31.93279" lon="34.994629">
      <ele>229.8</ele>
      <time>2010-01-01T02:19:10Z</time>
    </trkpt>
    <trkpt lat="31.932881" lon="34.994648">
      <ele>229.3</ele>
      <time>2010-01-01T02:19:14Z</time>
    </trkpt>
    <trkpt lat="31.93297" lon="34.994659">
      <ele>228.8</ele>
      <time>2010-01-01T02:19:17Z</time>
    </trkpt>
    <trkpt lat="31.933047" lon="34.99467">
      <ele>228.4</ele>
      <time>2010-01-01T02:19:20Z</time>
    </trkpt>
    <trkpt lat="31.933124" lon="34.994663">
      <ele>228.0</ele>
      <time>2010-01-01T02:19:24Z</time>
    </trkpt>
    <trkpt lat="31.933195" lon="34.994649">
      <ele>227.6</ele>
      <time>2010-01-01T02:19:26Z</time>
    </trkpt>
    <trkpt lat="31.933261" lon="34.994638">
      <ele>227.2</ele>
      <time>2010-01-01T02:19:29Z</time>
    </trkpt>
    <trkpt lat="31.933322" lon="34.994616">
      <ele>226.7</ele>
      <time>2010-01-01T02:19:32Z</time>
    </trkpt>
    <trkpt lat="31.933381" lon="34.994601">
      <ele>226.3</ele>
      <time>2010-01-01T02:19:34Z</time>
    </trkpt>
    <trkpt lat="31.933436" lon="34.994584">
      <ele>225.9</ele>
      <time>2010-01-01T02:19:36Z</time>
    </trkpt>
    <trkpt lat="31.933484" lon="34.994574">
      <ele>225.6</ele>
      <time>2010-01-01T02:19:38Z</time>
    </trkpt>
    <trkpt lat="31.933534" lon="34.99456">
      <ele>225.2</ele>
      <time>2010-01-01T02:19:40Z</time>
    </trkpt>
    <trkpt lat="31.933583" lon="34.99455">
      <ele>224.9</ele>
      <time>2010-01-01T02:19:42Z</time>
    </trkpt>
    <trkpt lat="31.933631" lon="34.99455">
      <ele>224.6</ele>
      <time>2010-01-01T02:19:44Z</time>
    </trkpt>
    <trkpt lat="31.933676" lon="34.994546">
      <ele>224.3</ele>
      <time>2010-01-01T02:19:46Z</time>
    </trkpt>
    <trkpt lat="31.933724" lon="34.99453">
      <ele>223.9</ele>
      <time>2010-01-01T02:19:48Z</time>
    </trkpt>
    <trkpt lat="31.933769" lon="34.994517">
      <ele>223.8</ele>
      <time>2010-01-01T02:19:50Z</time>
    </trkpt>
    <trkpt lat="31.933812" lon="34.994511">
      <ele>224.1</ele>
      <time>2010-01-01T02:19:52Z</time>
    </trkpt>
    <trkpt lat="31.93385" lon="34.994485">
      <ele>224.3</ele>
      <time>2010-01-01T02:19:53Z</time>
    </trkpt>
    <trkpt lat="31.933893" lon="34.994465">
      <ele>224.5</ele>
      <time>2010-01-01T02:19:55Z</time>
    </trkpt>
    <trkpt lat="31.933942" lon="34.994448">
      <ele>224.7</ele>
      <time>2010-01-01T02:19:57Z</time>
    </trkpt>
    <trkpt lat="31.933995" lon="34.994427">
      <ele>225.0</ele>
      <time>2010-01-01T02:20:00Z</time>
    </trkpt>
    <trkpt lat="31.934044" lon="34.994411">
      <ele>225.2</ele>
      <time>2010-01-01T02:20:02Z</time>
    </trkpt>
    <trkpt lat="31.934094" lon="34.994398">
      <ele>225.4</ele>
      <time>2010-01-01T02:20:04Z</time>
    </trkpt>
    <trkpt lat="31.934139" lon="34.994386">
      <ele>225.7</ele>
      <time>2010-01-01T02:20:05Z</time>
    </trkpt>
    <trkpt lat="31.934184" lon="34.994366">
      <ele>225.8</ele>
      <time>2010-01-01T02:20:07Z</time>
    </trkpt>
    <trkpt lat="31.934224" lon="34.994346">
      <ele>225.9</ele>
      <time>2010-01-01T02:20:09Z</time>
    </trkpt>
    <trkpt lat="31.934271" lon="34.994322">
      <ele>225.9</ele>
      <time>2010-01-01T02:20:11Z</time>
    </trkpt>
    <trkpt lat="31.934316" lon="34.9943">
      <ele>226.0</ele>
      <time>2010-01-01T02:20:13Z</time>
    </trkpt>
    <trkpt lat="31.934353" lon="34.994277">
      <ele>226.0</ele>
      <time>2010-01-01T02:20:15Z</time>
    </trkpt>
    <trkpt lat="31.93439" lon="34.994259">
      <ele>226.0</ele>
      <time>2010-01-01T02:20:16Z</time>
    </trkpt>
    <trkpt lat="31.93442" lon="34.994234">
      <ele>225.9</ele>
      <time>2010-01-01T02:20:18Z</time>
    </trkpt>
    <trkpt lat="31.934451" lon="34.994212">
      <ele>225.9</ele>
      <time>2010-01-01T02:20:19Z</time>
    </trkpt>
    <trkpt lat="31.934486" lon="34.994185">
      <ele>225.7</ele>
      <time>2010-01-01T02:20:21Z</time>
    </trkpt>
    <trkpt lat="31.934512" lon="34.994164">
      <ele>225.6</ele>
      <time>2010-01-01T02:20:22Z</time>
    </trkpt>
    <trkpt lat="31.934548" lon="34.994135">
      <ele>225.5</ele>
      <time>2010-01-01T02:20:24Z</time>
    </trkpt>
    <trkpt lat="31.934579" lon="34.994109">
      <ele>225.3</ele>
      <time>2010-01-01T02:20:26Z</time>
    </trkpt>
    <trkpt lat="31.934606" lon="34.994087">
      <ele>225.2</ele>
      <time>2010-01-01T02:20:27Z</time>
    </trkpt>
    <trkpt lat="31.934631" lon="34.994058">
      <ele>224.9</ele>
      <time>2010-01-01T02:20:28Z</time>
    </trkpt>
    <trkpt lat="31.934659" lon="34.994031">
      <ele>224.8</ele>
      <time>2010-01-01T02:20:30Z</time>
    </trkpt>
    <trkpt lat="31.934693" lon="34.994005">
      <ele>224.6</ele>
      <time>2010-01-01T02:20:31Z</time>
    </trkpt>
    <trkpt lat="31.934729" lon="34.99398">
      <ele>224.5</ele>
      <time>2010-01-01T02:20:33Z</time>
    </trkpt>
    <trkpt lat="31.934772" lon="34.993963">
      <ele>224.5</ele>
      <time>2010-01-01T02:20:35Z</time>
    </trkpt>
    <trkpt lat="31.934807" lon="34.993939">
      <ele>224.4</ele>
      <time>2010-01-01T02:20:36Z</time>
    </trkpt>
    <trkpt lat="31.934849" lon="34.993907">
      <ele>224.2</ele>
      <time>2010-01-01T02:20:38Z</time>
    </trkpt>
    <trkpt lat="31.934886" lon="34.993887">
      <ele>224.2</ele>
      <time>2010-01-01T02:20:40Z</time>
    </trkpt>
    <trkpt lat="31.93493" lon="34.993866">
      <ele>224.1</ele>
      <time>2010-01-01T02:20:42Z</time>
    </trkpt>
    <trkpt lat="31.934973" lon="34.993851">
      <ele>224.1</ele>
      <time>2010-01-01T02:20:44Z</time>
    </trkpt>
    <trkpt lat="31.935007" lon="34.993832">
      <ele>224.1</ele>
      <time>2010-01-01T02:20:45Z</time>
    </trkpt>
    <trkpt lat="31.935046" lon="34.993816">
      <ele>224.1</ele>
      <time>2010-01-01T02:20:47Z</time>
    </trkpt>
    <trkpt lat="31.93509" lon="34.993797">
      <ele>224.0</ele>
      <time>2010-01-01T02:20:49Z</time>
    </trkpt>
    <trkpt lat="31.935137" lon="34.993775">
      <ele>224.0</ele>
      <time>2010-01-01T02:20:51Z</time>
    </trkpt>
    <trkpt lat="31.935185" lon="34.993754">
      <ele>223.9</ele>
      <time>2010-01-01T02:20:53Z</time>
    </trkpt>
    <trkpt lat="31.935232" lon="34.99373">
      <ele>223.9</ele>
      <time>2010-01-01T02:20:55Z</time>
    </trkpt>
    <trkpt lat="31.935283" lon="34.993707">
      <ele>223.8</ele>
      <time>2010-01-01T02:20:57Z</time>
    </trkpt>
    <trkpt lat="31.935334" lon="34.993681">
      <ele>223.7</ele>
      <time>2010-01-01T02:20:59Z</time>
    </trkpt>
    <trkpt lat="31.935388" lon="34.993651">
      <ele>223.6</ele>
      <time>2010-01-01T02:21:02Z</time>
    </trkpt>
    <trkpt lat="31.93544" lon="34.993623">
      <ele>223.3</ele>
      <time>2010-01-01T02:21:04Z</time>
    </trkpt>
    <trkpt lat="31.935493" lon="34.993588">
      <ele>222.8</ele>
      <time>2010-01-01T02:21:06Z</time>
    </trkpt>
    <trkpt lat="31.935551" lon="34.99356">
      <ele>222.5</ele>
      <time>2010-01-01T02:21:09Z</time>
    </trkpt>
    <trkpt lat="31.935619" lon="34.993525">
      <ele>222.0</ele>
      <time>2010-01-01T02:21:12Z</time>
    </trkpt>
    <trkpt lat="31.935685" lon="34.993489">
      <ele>221.5</ele>
      <time>2010-01-01T02:21:15Z</time>
    </trkpt>
    <trkpt lat="31.935749" lon="34.993455">
      <ele>221.0</ele>
      <time>2010-01-01T02:21:18Z</time>
    </trkpt>
    <trkpt lat="31.935814" lon="34.993421">
      <ele>220.5</ele>
      <time>2010-01-01T02:21:20Z</time>
    </trkpt>
    <trkpt lat="31.935878" lon="34.993391">
      <ele>220.0</ele>
      <time>2010-01-01T02:21:23Z</time>
    </trkpt>
    <trkpt lat="31.93595" lon="34.993361">
      <ele>219.6</ele>
      <time>2010-01-01T02:21:26Z</time>
    </trkpt>
    <trkpt lat="31.936016" lon="34.993328">
      <ele>219.1</ele>
      <time>2010-01-01T02:21:29Z</time>
    </trkpt>
    <trkpt lat="31.93609" lon="34.993303">
      <ele>218.7</ele>
      <time>2010-01-01T02:21:32Z</time>
    </trkpt>
    <trkpt lat="31.93616" lon="34.993266">
      <ele>218.1</ele>
      <time>2010-01-01T02:21:35Z</time>
    </trkpt>
    <trkpt lat="31.936231" lon="34.993237">
      <ele>217.6</ele>
      <time>2010-01-01T02:21:38Z</time>
    </trkpt>
    <trkpt lat="31.936304" lon="34.993213">
      <ele>217.2</ele>
      <time>2010-01-01T02:21:41Z</time>
    </trkpt>
    <trkpt lat="31.936378" lon="34.993183">
      <ele>216.6</ele>
      <time>2010-01-01T02:21:44Z</time>
    </trkpt>
    <trkpt lat="31.936452" lon="34.993162">
      <ele>216.2</ele>
      <time>2010-01-01T02:21:48Z</time>
    </trkpt>
    <trkpt lat="31.936529" lon="34.993143">
      <ele>215.8</ele>
      <time>2010-01-01T02:21:51Z</time>
    </trkpt>
    <trkpt lat="31.936609" lon="34.993126">
      <ele>215.4</ele>
      <time>2010-01-01T02:21:54Z</time>
    </trkpt>
    <trkpt lat="31.93669" lon="34.993118">
      <ele>215.1</ele>
      <time>2010-01-01T02:21:57Z</time>
    </trkpt>
    <trkpt lat="31.936778" lon="34.993116">
      <ele>214.9</ele>
      <time>2010-01-01T02:22:01Z</time>
    </trkpt>
    <trkpt lat="31.936867" lon="34.993115">
      <ele>214.7</ele>
      <time>2010-01-01T02:22:04Z</time>
    </trkpt>
    <trkpt lat="31.936952" lon="34.993119">
      <ele>214.6</ele>
      <time>2010-01-01T02:22:08Z</time>
    </trkpt>
    <trkpt lat="31.937048" lon="34.993124">
      <ele>214.5</ele>
      <time>2010-01-01T02:22:12Z</time>
    </trkpt>
    <trkpt lat="31.937136" lon="34.993142">
      <ele>214.4</ele>
      <time>2010-01-01T02:22:15Z</time>
    </trkpt>
    <trkpt lat="31.937227" lon="34.993157">
      <ele>214.0</ele>
      <time>2010-01-01T02:22:19Z</time>
    </trkpt>
    <trkpt lat="31.937322" lon="34.99318">
      <ele>213.7</ele>
      <time>2010-01-01T02:22:23Z</time>
    </trkpt>
    <trkpt lat="31.937403" lon="34.993211">
      <ele>213.6</ele>
      <time>2010-01-01T02:22:26Z</time>
    </trkpt>
    <trkpt lat="31.937501" lon="34.993245">
      <ele>213.4</ele>
      <time>2010-01-01T02:22:30Z</time>
    </trkpt>
    <trkpt lat="31.9376" lon="34.99326">
      <ele>212.9</ele>
      <time>2010-01-01T02:22:34Z</time>
    </trkpt>
    <trkpt lat="31.937697" lon="34.99327">
      <ele>212.3</ele>
      <time>2010-01-01T02:22:38Z</time>
    </trkpt>
    <trkpt lat="31.937788" lon="34.993274">
      <ele>211.7</ele>
      <time>2010-01-01T02:22:42Z</time>
    </trkpt>
    <trkpt lat="31.937882" lon="34.993259">
      <ele>210.8</ele>
      <time>2010-01-01T02:22:45Z</time>
    </trkpt>
    <trkpt lat="31.937977" lon="34.993231">
      <ele>210.1</ele>
      <time>2010-01-01T02:22:49Z</time>
    </trkpt>
    <trkpt lat="31.938069" lon="34.993204">
      <ele>209.6</ele>
      <time>2010-01-01T02:22:53Z</time>
    </trkpt>
    <trkpt lat="31.938167" lon="34.993167">
      <ele>209.0</ele>
      <time>2010-01-01T02:22:57Z</time>
    </trkpt>
    <trkpt lat="31.938266" lon="34.993124">
      <ele>208.4</ele>
      <time>2010-01-01T02:23:02Z</time>
    </trkpt>
    <trkpt lat="31.938359" lon="34.993078">
      <ele>207.8</ele>
      <time>2010-01-01T02:23:06Z</time>
    </trkpt>
    <trkpt lat="31.938441" lon="34.993033">
      <ele>207.3</ele>
      <time>2010-01-01T02:23:09Z</time>
    </trkpt>
    <trkpt lat="31.938522" lon="34.992966">
      <ele>206.5</ele>
      <time>2010-01-01T02:23:13Z</time>
    </trkpt>
    <trkpt lat="31.938595" lon="34.992894">
      <ele>205.8</ele>
      <time>2010-01-01T02:23:17Z</time>
    </trkpt>
    <trkpt lat="31.938655" lon="34.992803">
      <ele>204.9</ele>
      <time>2010-01-01T02:23:21Z</time>
    </trkpt>
    <trkpt lat="31.938721" lon="34.992723">
      <ele>204.1</ele>
      <time>2010-01-01T02:23:25Z</time>
    </trkpt>
    <trkpt lat="31.938796" lon="34.992655">
      <ele>203.7</ele>
      <time>2010-01-01T02:23:28Z</time>
    </trkpt>
    <trkpt lat="31.938863" lon="34.99258">
      <ele>203.2</ele>
      <time>2010-01-01T02:23:32Z</time>
    </trkpt>
    <trkpt lat="31.938942" lon="34.992503">
      <ele>202.6</ele>
      <time>2010-01-01T02:23:36Z</time>
    </trkpt>
    <trkpt lat="31.939008" lon="34.992423">
      <ele>201.9</ele>
      <time>2010-01-01T02:23:40Z</time>
    </trkpt>
    <trkpt lat="31.939071" lon="34.992335">
      <ele>201.0</ele>
      <time>2010-01-01T02:23:44Z</time>
    </trkpt>
    <trkpt lat="31.939136" lon="34.99224">
      <ele>199.9</ele>
      <time>2010-01-01T02:23:48Z</time>
    </trkpt>
    <trkpt lat="31.939196" lon="34.99214">
      <ele>198.7</ele>
      <time>2010-01-01T02:23:52Z</time>
    </trkpt>
    <trkpt lat="31.93926" lon="34.992055">
      <ele>197.8</ele>
      <time>2010-01-01T02:23:56Z</time>
    </trkpt>
    <trkpt lat="31.939313" lon="34.991953">
      <ele>197.2</ele>
      <time>2010-01-01T02:24:00Z</time>
    </trkpt>
    <trkpt lat="31.939377" lon="34.991842">
      <ele>196.5</ele>
      <time>2010-01-01T02:24:05Z</time>
    </trkpt>
    <trkpt lat="31.939419" lon="34.99173">
      <ele>195.7</ele>
      <time>2010-01-01T02:24:09Z</time>
    </trkpt>
    <trkpt lat="31.939456" lon="34.991618">
      <ele>194.9</ele>
      <time>2010-01-01T02:24:13Z</time>
    </trkpt>
    <trkpt lat="31.93949" lon="34.991496">
      <ele>194.0</ele>
      <time>2010-01-01T02:24:17Z</time>
    </trkpt>
    <trkpt lat="31.939518" lon="34.991385">
      <ele>193.2</ele>
      <time>2010-01-01T02:24:21Z</time>
    </trkpt>
    <trkpt lat="31.939548" lon="34.991268">
      <ele>192.3</ele>
      <time>2010-01-01T02:24:25Z</time>
    </trkpt>
    <trkpt lat="31.93957" lon="34.991148">
      <ele>191.6</ele>
      <time>2010-01-01T02:24:30Z</time>
    </trkpt>
    <trkpt lat="31.939605" lon="34.991026">
      <ele>191.0</ele>
      <time>2010-01-01T02:24:34Z</time>
    </trkpt>
    <trkpt lat="31.939617" lon="34.990919">
      <ele>190.5</ele>
      <time>2010-01-01T02:24:38Z</time>
    </trkpt>
    <trkpt lat="31.93962" lon="34.990803">
      <ele>190.0</ele>
      <time>2010-01-01T02:24:42Z</time>
    </trkpt>
    <trkpt lat="31.939631" lon="34.990696">
      <ele>189.5</ele>
      <time>2010-01-01T02:24:45Z</time>
    </trkpt>
    <trkpt lat="31.939642" lon="34.990585">
      <ele>189.0</ele>
      <time>2010-01-01T02:24:49Z</time>
    </trkpt>
    <trkpt lat="31.939654" lon="34.99047">
      <ele>188.4</ele>
      <time>2010-01-01T02:24:53Z</time>
    </trkpt>
    <trkpt lat="31.939662" lon="34.990365">
      <ele>188.5</ele>
      <time>2010-01-01T02:24:57Z</time>
    </trkpt>
    <trkpt lat="31.939669" lon="34.990251">
      <ele>189.2</ele>
      <time>2010-01-01T02:25:00Z</time>
    </trkpt>
    <trkpt lat="31.939679" lon="34.990145">
      <ele>189.7</ele>
      <time>2010-01-01T02:25:04Z</time>
    </trkpt>
    <trkpt lat="31.939686" lon="34.990021">
      <ele>190.4</ele>
      <time>2010-01-01T02:25:08Z</time>
    </trkpt>
    <trkpt lat="31.939694" lon="34.989911">
      <ele>190.9</ele>
      <time>2010-01-01T02:25:12Z</time>
    </trkpt>
    <trkpt lat="31.939693" lon="34.989785">
      <ele>191.6</ele>
      <time>2010-01-01T02:25:16Z</time>
    </trkpt>
    <trkpt lat="31.939703" lon="34.989663">
      <ele>192.2</ele>
      <time>2010-01-01T02:25:20Z</time>
    </trkpt>
    <trkpt lat="31.939711" lon="34.98955">
      <ele>192.5</ele>
      <time>2010-01-01T02:25:24Z</time>
    </trkpt>
    <trkpt lat="31.939719" lon="34.989431">
      <ele>192.6</ele>
      <time>2010-01-01T02:25:28Z</time>
    </trkpt>
    <trkpt lat="31.939716" lon="34.989335">
      <ele>192.8</ele>
      <time>2010-01-01T02:25:32Z</time>
    </trkpt>
    <trkpt lat="31.939716" lon="34.989235">
      <ele>192.9</ele>
      <time>2010-01-01T02:25:35Z</time>
    </trkpt>
    <trkpt lat="31.939731" lon="34.989143">
      <ele>192.9</ele>
      <time>2010-01-01T02:25:38Z</time>
    </trkpt>
    <trkpt lat="31.939734" lon="34.989054">
      <ele>192.9</ele>
      <time>2010-01-01T02:25:41Z</time>
    </trkpt>
    <trkpt lat="31.939735" lon="34.988979">
      <ele>193.0</ele>
      <time>2010-01-01T02:25:44Z</time>
    </trkpt>
    <trkpt lat="31.939742" lon="34.98892">
      <ele>193.0</ele>
      <time>2010-01-01T02:25:46Z</time>
    </trkpt>
    <trkpt lat="31.939748" lon="34.988853">
      <ele>193.1</ele>
      <time>2010-01-01T02:25:48Z</time>
    </trkpt>
    <trkpt lat="31.939753" lon="34.988778">
      <ele>193.1</ele>
      <time>2010-01-01T02:25:51Z</time>
    </trkpt>
    <trkpt lat="31.939753" lon="34.988718">
      <ele>193.3</ele>
      <time>2010-01-01T02:25:53Z</time>
    </trkpt>
    <trkpt lat="31.93976" lon="34.988652">
      <ele>193.4</ele>
      <time>2010-01-01T02:25:55Z</time>
    </trkpt>
    <trkpt lat="31.939767" lon="34.988584">
      <ele>193.6</ele>
      <time>2010-01-01T02:25:57Z</time>
    </trkpt>
    <trkpt lat="31.939774" lon="34.988523">
      <ele>193.7</ele>
      <time>2010-01-01T02:25:59Z</time>
    </trkpt>
    <trkpt lat="31.939783" lon="34.988455">
      <ele>193.9</ele>
      <time>2010-01-01T02:26:02Z</time>
    </trkpt>
    <trkpt lat="31.939801" lon="34.988387">
      <ele>194.0</ele>
      <time>2010-01-01T02:26:04Z</time>
    </trkpt>
    <trkpt lat="31.939806" lon="34.988322">
      <ele>194.2</ele>
      <time>2010-01-01T02:26:06Z</time>
    </trkpt>
    <trkpt lat="31.939822" lon="34.988259">
      <ele>194.3</ele>
      <time>2010-01-01T02:26:09Z</time>
    </trkpt>
    <trkpt lat="31.939835" lon="34.988207">
      <ele>194.4</ele>
      <time>2010-01-01T02:26:10Z</time>
    </trkpt>
    <trkpt lat="31.939855" lon="34.988148">
      <ele>194.5</ele>
      <time>2010-01-01T02:26:13Z</time>
    </trkpt>
    <trkpt lat="31.93988" lon="34.988084">
      <ele>194.5</ele>
      <time>2010-01-01T02:26:15Z</time>
    </trkpt>
    <trkpt lat="31.939905" lon="34.988017">
      <ele>194.6</ele>
      <time>2010-01-01T02:26:17Z</time>
    </trkpt>
    <trkpt lat="31.939937" lon="34.987968">
      <ele>194.7</ele>
      <time>2010-01-01T02:26:20Z</time>
    </trkpt>
    <trkpt lat="31.939968" lon="34.987915">
      <ele>194.7</ele>
      <time>2010-01-01T02:26:22Z</time>
    </trkpt>
    <trkpt lat="31.940007" lon="34.987862">
      <ele>194.8</ele>
      <time>2010-01-01T02:26:24Z</time>
    </trkpt>
    <trkpt lat="31.940047" lon="34.987811">
      <ele>194.8</ele>
      <time>2010-01-01T02:26:27Z</time>
    </trkpt>
    <trkpt lat="31.940081" lon="34.987763">
      <ele>194.9</ele>
      <time>2010-01-01T02:26:29Z</time>
    </trkpt>
    <trkpt lat="31.940119" lon="34.987729">
      <ele>194.8</ele>
      <time>2010-01-01T02:26:31Z</time>
    </trkpt>
    <trkpt lat="31.940153" lon="34.987687">
      <ele>194.9</ele>
      <time>2010-01-01T02:26:33Z</time>
    </trkpt>
    <trkpt lat="31.940185" lon="34.987648">
      <ele>194.9</ele>
      <time>2010-01-01T02:26:34Z</time>
    </trkpt>
    <trkpt lat="31.940218" lon="34.987609">
      <ele>194.9</ele>
      <time>2010-01-01T02:26:36Z</time>
    </trkpt>
    <trkpt lat="31.940246" lon="34.987578">
      <ele>195.0</ele>
      <time>2010-01-01T02:26:38Z</time>
    </trkpt>
    <trkpt lat="31.940273" lon="34.987546">
      <ele>195.0</ele>
      <time>2010-01-01T02:26:39Z</time>
    </trkpt>
    <trkpt lat="31.940301" lon="34.987524">
      <ele>195.0</ele>
      <time>2010-01-01T02:26:41Z</time>
    </trkpt>
    <trkpt lat="31.940332" lon="34.987498">
      <ele>195.0</ele>
      <time>2010-01-01T02:26:42Z</time>
    </trkpt>
    <trkpt lat="31.940357" lon="34.987476">
      <ele>195.0</ele>
      <time>2010-01-01T02:26:43Z</time>
    </trkpt>
    <trkpt lat="31.940394" lon="34.987443">
      <ele>195.0</ele>
      <time>2010-01-01T02:26:45Z</time>
    </trkpt>
    <trkpt lat="31.940421" lon="34.987404">
      <ele>195.0</ele>
      <time>2010-01-01T02:26:47Z</time>
    </trkpt>
    <trkpt lat="31.940447" lon="34.987372">
      <ele>195.1</ele>
      <time>2010-01-01T02:26:49Z</time>
    </trkpt>
    <trkpt lat="31.940484" lon="34.987351">
      <ele>194.9</ele>
      <time>2010-01-01T02:26:50Z</time>
    </trkpt>
    <trkpt lat="31.940508" lon="34.987334">
      <ele>194.9</ele>
      <time>2010-01-01T02:26:51Z</time>
    </trkpt>
    <trkpt lat="31.940535" lon="34.987312">
      <ele>194.8</ele>
      <time>2010-01-01T02:26:53Z</time>
    </trkpt>
    <trkpt lat="31.940571" lon="34.987293">
      <ele>194.7</ele>
      <time>2010-01-01T02:26:54Z</time>
    </trkpt>
    <trkpt lat="31.940603" lon="34.987283">
      <ele>194.5</ele>
      <time>2010-01-01T02:26:55Z</time>
    </trkpt>
    <trkpt lat="31.940636" lon="34.987261">
      <ele>194.4</ele>
      <time>2010-01-01T02:26:57Z</time>
    </trkpt>
    <trkpt lat="31.940672" lon="34.987236">
      <ele>194.3</ele>
      <time>2010-01-01T02:26:59Z</time>
    </trkpt>
    <trkpt lat="31.940707" lon="34.987212">
      <ele>194.2</ele>
      <time>2010-01-01T02:27:00Z</time>
    </trkpt>
    <trkpt lat="31.940748" lon="34.987196">
      <ele>194.0</ele>
      <time>2010-01-01T02:27:02Z</time>
    </trkpt>
    <trkpt lat="31.940788" lon="34.987166">
      <ele>193.9</ele>
      <time>2010-01-01T02:27:04Z</time>
    </trkpt>
    <trkpt lat="31.940834" lon="34.987147">
      <ele>193.7</ele>
      <time>2010-01-01T02:27:06Z</time>
    </trkpt>
    <trkpt lat="31.940886" lon="34.987115">
      <ele>193.5</ele>
      <time>2010-01-01T02:27:08Z</time>
    </trkpt>
    <trkpt lat="31.940943" lon="34.987063">
      <ele>193.1</ele>
      <time>2010-01-01T02:27:11Z</time>
    </trkpt>
    <trkpt lat="31.940976" lon="34.987032">
      <ele>192.8</ele>
      <time>2010-01-01T02:27:13Z</time>
    </trkpt>
    <trkpt lat="31.94102" lon="34.987013">
      <ele>192.4</ele>
      <time>2010-01-01T02:27:15Z</time>
    </trkpt>
    <trkpt lat="31.94107" lon="34.986991">
      <ele>192.0</ele>
      <time>2010-01-01T02:27:17Z</time>
    </trkpt>
    <trkpt lat="31.941116" lon="34.98697">
      <ele>191.6</ele>
      <time>2010-01-01T02:27:19Z</time>
    </trkpt>
    <trkpt lat="31.941165" lon="34.986945">
      <ele>191.1</ele>
      <time>2010-01-01T02:27:21Z</time>
    </trkpt>
    <trkpt lat="31.941215" lon="34.986922">
      <ele>190.7</ele>
      <time>2010-01-01T02:27:23Z</time>
    </trkpt>
    <trkpt lat="31.941263" lon="34.986887">
      <ele>190.3</ele>
      <time>2010-01-01T02:27:25Z</time>
    </trkpt>
    <trkpt lat="31.941307" lon="34.986861">
      <ele>190.2</ele>
      <time>2010-01-01T02:27:27Z</time>
    </trkpt>
    <trkpt lat="31.941353" lon="34.986841">
      <ele>190.1</ele>
      <time>2010-01-01T02:27:29Z</time>
    </trkpt>
    <trkpt lat="31.941406" lon="34.98682">
      <ele>189.9</ele>
      <time>2010-01-01T02:27:32Z</time>
    </trkpt>
    <trkpt lat="31.941467" lon="34.986796">
      <ele>189.8</ele>
      <time>2010-01-01T02:27:34Z</time>
    </trkpt>
    <trkpt lat="31.941522" lon="34.986778">
      <ele>189.7</ele>
      <time>2010-01-01T02:27:36Z</time>
    </trkpt>
    <trkpt lat="31.941579" lon="34.986751">
      <ele>189.5</ele>
      <time>2010-01-01T02:27:39Z</time>
    </trkpt>
    <trkpt lat="31.941624" lon="34.986729">
      <ele>189.3</ele>
      <time>2010-01-01T02:27:41Z</time>
    </trkpt>
    <trkpt lat="31.941673" lon="34.986707">
      <ele>189.2</ele>
      <time>2010-01-01T02:27:43Z</time>
    </trkpt>
    <trkpt lat="31.941721" lon="34.98668">
      <ele>189.0</ele>
      <time>2010-01-01T02:27:45Z</time>
    </trkpt>
    <trkpt lat="31.941766" lon="34.986653">
      <ele>188.8</ele>
      <time>2010-01-01T02:27:47Z</time>
    </trkpt>
    <trkpt lat="31.94181" lon="34.98662">
      <ele>188.6</ele>
      <time>2010-01-01T02:27:49Z</time>
    </trkpt>
    <trkpt lat="31.941864" lon="34.986588">
      <ele>188.3</ele>
      <time>2010-01-01T02:27:52Z</time>
    </trkpt>
    <trkpt lat="31.941917" lon="34.98655">
      <ele>188.1</ele>
      <time>2010-01-01T02:27:54Z</time>
    </trkpt>
    <trkpt lat="31.941969" lon="34.986522">
      <ele>187.8</ele>
      <time>2010-01-01T02:27:56Z</time>
    </trkpt>
    <trkpt lat="31.942015" lon="34.986475">
      <ele>187.5</ele>
      <time>2010-01-01T02:27:59Z</time>
    </trkpt>
    <trkpt lat="31.942052" lon="34.986426">
      <ele>187.1</ele>
      <time>2010-01-01T02:28:01Z</time>
    </trkpt>
    <trkpt lat="31.942093" lon="34.986385">
      <ele>186.8</ele>
      <time>2010-01-01T02:28:03Z</time>
    </trkpt>
    <trkpt lat="31.942132" lon="34.986327">
      <ele>186.6</ele>
      <time>2010-01-01T02:28:06Z</time>
    </trkpt>
    <trkpt lat="31.942164" lon="34.986278">
      <ele>186.5</ele>
      <time>2010-01-01T02:28:08Z</time>
    </trkpt>
    <trkpt lat="31.942194" lon="34.986227">
      <ele>186.3</ele>
      <time>2010-01-01T02:28:10Z</time>
    </trkpt>
    <trkpt lat="31.942227" lon="34.986191">
      <ele>186.2</ele>
      <time>2010-01-01T02:28:12Z</time>
    </trkpt>
    <trkpt lat="31.942271" lon="34.986155">
      <ele>186.1</ele>
      <time>2010-01-01T02:28:14Z</time>
    </trkpt>
    <trkpt lat="31.942304" lon="34.986098">
      <ele>185.9</ele>
      <time>2010-01-01T02:28:16Z</time>
    </trkpt>
    <trkpt lat="31.942335" lon="34.986051">
      <ele>185.7</ele>
      <time>2010-01-01T02:28:18Z</time>
    </trkpt>
    <trkpt lat="31.942367" lon="34.985992">
      <ele>185.5</ele>
      <time>2010-01-01T02:28:21Z</time>
    </trkpt>
    <trkpt lat="31.942403" lon="34.98594">
      <ele>185.2</ele>
      <time>2010-01-01T02:28:23Z</time>
    </trkpt>
    <trkpt lat="31.942432" lon="34.985883">
      <ele>184.9</ele>
      <time>2010-01-01T02:28:25Z</time>
    </trkpt>
    <trkpt lat="31.942459" lon="34.985821">
      <ele>184.6</ele>
      <time>2010-01-01T02:28:27Z</time>
    </trkpt>
    <trkpt lat="31.94249" lon="34.985759">
      <ele>184.2</ele>
      <time>2010-01-01T02:28:30Z</time>
    </trkpt>
    <trkpt lat="31.942517" lon="34.985695">
      <ele>183.9</ele>
      <time>2010-01-01T02:28:32Z</time>
    </trkpt>
    <trkpt lat="31.942542" lon="34.985629">
      <ele>183.4</ele>
      <time>2010-01-01T02:28:35Z</time>
    </trkpt>
    <trkpt lat="31.942579" lon="34.985558">
      <ele>183.0</ele>
      <time>2010-01-01T02:28:38Z</time>
    </trkpt>
    <trkpt lat="31.94262" lon="34.98549">
      <ele>182.5</ele>
      <time>2010-01-01T02:28:40Z</time>
    </trkpt>
    <trkpt lat="31.942657" lon="34.985414">
      <ele>182.0</ele>
      <time>2010-01-01T02:28:43Z</time>
    </trkpt>
    <trkpt lat="31.942683" lon="34.985325">
      <ele>181.6</ele>
      <time>2010-01-01T02:28:47Z</time>
    </trkpt>
    <trkpt lat="31.942703" lon="34.985233">
      <ele>181.2</ele>
      <time>2010-01-01T02:28:50Z</time>
    </trkpt>
    <trkpt lat="31.942734" lon="34.985146">
      <ele>180.8</ele>
      <time>2010-01-01T02:28:53Z</time>
    </trkpt>
    <trkpt lat="31.942764" lon="34.985052">
      <ele>180.3</ele>
      <time>2010-01-01T02:28:56Z</time>
    </trkpt>
    <trkpt lat="31.942797" lon="34.984952">
      <ele>179.7</ele>
      <time>2010-01-01T02:29:00Z</time>
    </trkpt>
    <trkpt lat="31.942835" lon="34.98485">
      <ele>179.0</ele>
      <time>2010-01-01T02:29:04Z</time>
    </trkpt>
    <trkpt lat="31.942864" lon="34.984752">
      <ele>178.3</ele>
      <time>2010-01-01T02:29:07Z</time>
    </trkpt>
    <trkpt lat="31.942901" lon="34.984643">
      <ele>177.5</ele>
      <time>2010-01-01T02:29:11Z</time>
    </trkpt>
    <trkpt lat="31.942937" lon="34.984537">
      <ele>177.1</ele>
      <time>2010-01-01T02:29:15Z</time>
    </trkpt>
    <trkpt lat="31.942966" lon="34.984425">
      <ele>177.4</ele>
      <time>2010-01-01T02:29:19Z</time>
    </trkpt>
    <trkpt lat="31.942995" lon="34.984307">
      <ele>177.7</ele>
      <time>2010-01-01T02:29:23Z</time>
    </trkpt>
    <trkpt lat="31.943027" lon="34.984183">
      <ele>177.9</ele>
      <time>2010-01-01T02:29:28Z</time>
    </trkpt>
    <trkpt lat="31.943057" lon="34.984067">
      <ele>178.1</ele>
      <time>2010-01-01T02:29:32Z</time>
    </trkpt>
    <trkpt lat="31.943087" lon="34.983942">
      <ele>178.2</ele>
      <time>2010-01-01T02:29:36Z</time>
    </trkpt>
    <trkpt lat="31.943122" lon="34.983823">
      <ele>178.1</ele>
      <time>2010-01-01T02:29:41Z</time>
    </trkpt>
    <trkpt lat="31.943168" lon="34.983707">
      <ele>178.3</ele>
      <time>2010-01-01T02:29:45Z</time>
    </trkpt>
    <trkpt lat="31.943195" lon="34.983602">
      <ele>179.5</ele>
      <time>2010-01-01T02:29:49Z</time>
    </trkpt>
    <trkpt lat="31.943231" lon="34.983504">
      <ele>180.3</ele>
      <time>2010-01-01T02:29:52Z</time>
    </trkpt>
    <trkpt lat="31.943261" lon="34.983405">
      <ele>181.2</ele>
      <time>2010-01-01T02:29:56Z</time>
    </trkpt>
    <trkpt lat="31.94329" lon="34.983313">
      <ele>182.0</ele>
      <time>2010-01-01T02:29:59Z</time>
    </trkpt>
    <trkpt lat="31.943314" lon="34.983225">
      <ele>182.8</ele>
      <time>2010-01-01T02:30:02Z</time>
    </trkpt>
    <trkpt lat="31.943333" lon="34.983148">
      <ele>183.5</ele>
      <time>2010-01-01T02:30:05Z</time>
    </trkpt>
    <trkpt lat="31.943356" lon="34.983088">
      <ele>183.8</ele>
      <time>2010-01-01T02:30:07Z</time>
    </trkpt>
    <trkpt lat="31.94338" lon="34.98302">
      <ele>184.2</ele>
      <time>2010-01-01T02:30:10Z</time>
    </trkpt>
    <trkpt lat="31.943406" lon="34.982951">
      <ele>184.6</ele>
      <time>2010-01-01T02:30:12Z</time>
    </trkpt>
    <trkpt lat="31.943422" lon="34.982887">
      <ele>184.9</ele>
      <time>2010-01-01T02:30:15Z</time>
    </trkpt>
    <trkpt lat="31.943443" lon="34.982825">
      <ele>184.9</ele>
      <time>2010-01-01T02:30:17Z</time>
    </trkpt>
    <trkpt lat="31.94346" lon="34.982769">
      <ele>184.9</ele>
      <time>2010-01-01T02:30:19Z</time>
    </trkpt>
    <trkpt lat="31.943478" lon="34.982716">
      <ele>184.8</ele>
      <time>2010-01-01T02:30:21Z</time>
    </trkpt>
    <trkpt lat="31.94351" lon="34.982652">
      <ele>184.6</ele>
      <time>2010-01-01T02:30:23Z</time>
    </trkpt>
    <trkpt lat="31.94353" lon="34.982592">
      <ele>184.5</ele>
      <time>2010-01-01T02:30:26Z</time>
    </trkpt>
    <trkpt lat="31.943542" lon="34.98253">
      <ele>184.7</ele>
      <time>2010-01-01T02:30:28Z</time>
    </trkpt>
    <trkpt lat="31.943561" lon="34.982473">
      <ele>184.6</ele>
      <time>2010-01-01T02:30:30Z</time>
    </trkpt>
    <trkpt lat="31.943589" lon="34.982408">
      <ele>184.5</ele>
      <time>2010-01-01T02:30:32Z</time>
    </trkpt>
    <trkpt lat="31.943606" lon="34.982355">
      <ele>184.4</ele>
      <time>2010-01-01T02:30:34Z</time>
    </trkpt>
    <trkpt lat="31.943615" lon="34.982305">
      <ele>184.5</ele>
      <time>2010-01-01T02:30:36Z</time>
    </trkpt>
    <trkpt lat="31.943627" lon="34.982259">
      <ele>184.6</ele>
      <time>2010-01-01T02:30:38Z</time>
    </trkpt>
    <trkpt lat="31.943638" lon="34.982205">
      <ele>184.7</ele>
      <time>2010-01-01T02:30:40Z</time>
    </trkpt>
    <trkpt lat="31.943636" lon="34.982152">
      <ele>185.0</ele>
      <time>2010-01-01T02:30:41Z</time>
    </trkpt>
    <trkpt lat="31.94364" lon="34.9821">
      <ele>185.3</ele>
      <time>2010-01-01T02:30:43Z</time>
    </trkpt>
    <trkpt lat="31.943648" lon="34.982046">
      <ele>185.4</ele>
      <time>2010-01-01T02:30:45Z</time>
    </trkpt>
    <trkpt lat="31.943658" lon="34.981999">
      <ele>185.4</ele>
      <time>2010-01-01T02:30:47Z</time>
    </trkpt>
    <trkpt lat="31.943663" lon="34.981939">
      <ele>185.6</ele>
      <time>2010-01-01T02:30:49Z</time>
    </trkpt>
    <trkpt lat="31.943668" lon="34.981878">
      <ele>185.8</ele>
      <time>2010-01-01T02:30:51Z</time>
    </trkpt>
    <trkpt lat="31.943668" lon="34.981816">
      <ele>186.1</ele>
      <time>2010-01-01T02:30:53Z</time>
    </trkpt>
    <trkpt lat="31.943676" lon="34.981747">
      <ele>186.3</ele>
      <time>2010-01-01T02:30:55Z</time>
    </trkpt>
    <trkpt lat="31.943687" lon="34.981694">
      <ele>186.4</ele>
      <time>2010-01-01T02:30:57Z</time>
    </trkpt>
    <trkpt lat="31.943694" lon="34.981638">
      <ele>186.6</ele>
      <time>2010-01-01T02:30:59Z</time>
    </trkpt>
    <trkpt lat="31.943709" lon="34.981546">
      <ele>186.9</ele>
      <time>2010-01-01T02:31:02Z</time>
    </trkpt>
    <trkpt lat="31.943714" lon="34.981503">
      <ele>187.0</ele>
      <time>2010-01-01T02:31:04Z</time>
    </trkpt>
    <trkpt lat="31.943721" lon="34.981455">
      <ele>187.2</ele>
      <time>2010-01-01T02:31:05Z</time>
    </trkpt>
    <trkpt lat="31.943728" lon="34.981406">
      <ele>187.4</ele>
      <time>2010-01-01T02:31:07Z</time>
    </trkpt>
    <trkpt lat="31.943727" lon="34.981353">
      <ele>187.7</ele>
      <time>2010-01-01T02:31:09Z</time>
    </trkpt>
    <trkpt lat="31.943728" lon="34.981298">
      <ele>188.0</ele>
      <time>2010-01-01T02:31:11Z</time>
    </trkpt>
    <trkpt lat="31.943721" lon="34.981257">
      <ele>188.3</ele>
      <time>2010-01-01T02:31:12Z</time>
    </trkpt>
    <trkpt lat="31.943715" lon="34.981216">
      <ele>188.3</ele>
      <time>2010-01-01T02:31:13Z</time>
    </trkpt>
    <trkpt lat="31.94372" lon="34.981166">
      <ele>188.2</ele>
      <time>2010-01-01T02:31:15Z</time>
    </trkpt>
    <trkpt lat="31.943723" lon="34.981116">
      <ele>188.0</ele>
      <time>2010-01-01T02:31:17Z</time>
    </trkpt>
    <trkpt lat="31.943728" lon="34.981062">
      <ele>187.8</ele>
      <time>2010-01-01T02:31:19Z</time>
    </trkpt>
    <trkpt lat="31.943749" lon="34.980984">
      <ele>187.4</ele>
      <time>2010-01-01T02:31:22Z</time>
    </trkpt>
    <trkpt lat="31.943751" lon="34.980938">
      <ele>187.2</ele>
      <time>2010-01-01T02:31:23Z</time>
    </trkpt>
    <trkpt lat="31.943754" lon="34.980886">
      <ele>187.1</ele>
      <time>2010-01-01T02:31:25Z</time>
    </trkpt>
    <trkpt lat="31.943755" lon="34.980834">
      <ele>186.9</ele>
      <time>2010-01-01T02:31:27Z</time>
    </trkpt>
    <trkpt lat="31.943769" lon="34.980781">
      <ele>186.6</ele>
      <time>2010-01-01T02:31:28Z</time>
    </trkpt>
    <trkpt lat="31.943766" lon="34.980731">
      <ele>186.6</ele>
      <time>2010-01-01T02:31:30Z</time>
    </trkpt>
    <trkpt lat="31.943768" lon="34.980691">
      <ele>186.5</ele>
      <time>2010-01-01T02:31:32Z</time>
    </trkpt>
    <trkpt lat="31.943768" lon="34.980631">
      <ele>186.3</ele>
      <time>2010-01-01T02:31:34Z</time>
    </trkpt>
    <trkpt lat="31.943769" lon="34.980584">
      <ele>186.2</ele>
      <time>2010-01-01T02:31:35Z</time>
    </trkpt>
    <trkpt lat="31.943782" lon="34.980533">
      <ele>186.0</ele>
      <time>2010-01-01T02:31:37Z</time>
    </trkpt>
    <trkpt lat="31.943799" lon="34.98046">
      <ele>185.7</ele>
      <time>2010-01-01T02:31:40Z</time>
    </trkpt>
    <trkpt lat="31.943803" lon="34.980412">
      <ele>185.5</ele>
      <time>2010-01-01T02:31:41Z</time>
    </trkpt>
    <trkpt lat="31.943802" lon="34.980361">
      <ele>185.5</ele>
      <time>2010-01-01T02:31:43Z</time>
    </trkpt>
    <trkpt lat="31.94381" lon="34.980321">
      <ele>185.3</ele>
      <time>2010-01-01T02:31:44Z</time>
    </trkpt>
    <trkpt lat="31.94382" lon="34.98024">
      <ele>185.1</ele>
      <time>2010-01-01T02:31:47Z</time>
    </trkpt>
    <trkpt lat="31.94384" lon="34.980188">
      <ele>184.9</ele>
      <time>2010-01-01T02:31:49Z</time>
    </trkpt>
    <trkpt lat="31.943849" lon="34.980128">
      <ele>184.8</ele>
      <time>2010-01-01T02:31:51Z</time>
    </trkpt>
    <trkpt lat="31.94385" lon="34.98006">
      <ele>184.7</ele>
      <time>2010-01-01T02:31:53Z</time>
    </trkpt>
    <trkpt lat="31.943836" lon="34.980021">
      <ele>184.7</ele>
      <time>2010-01-01T02:31:55Z</time>
    </trkpt>
    <trkpt lat="31.943824" lon="34.979966">
      <ele>184.6</ele>
      <time>2010-01-01T02:31:57Z</time>
    </trkpt>
    <trkpt lat="31.943808" lon="34.979931">
      <ele>184.6</ele>
      <time>2010-01-01T02:31:58Z</time>
    </trkpt>
    <trkpt lat="31.943811" lon="34.979873">
      <ele>184.5</ele>
      <time>2010-01-01T02:32:00Z</time>
    </trkpt>
    <trkpt lat="31.943809" lon="34.979824">
      <ele>184.4</ele>
      <time>2010-01-01T02:32:02Z</time>
    </trkpt>
    <trkpt lat="31.943799" lon="34.979771">
      <ele>184.4</ele>
      <time>2010-01-01T02:32:04Z</time>
    </trkpt>
    <trkpt lat="31.943801" lon="34.979719">
      <ele>184.3</ele>
      <time>2010-01-01T02:32:05Z</time>
    </trkpt>
    <trkpt lat="31.943789" lon="34.979675">
      <ele>184.2</ele>
      <time>2010-01-01T02:32:07Z</time>
    </trkpt>
    <trkpt lat="31.943783" lon="34.979637">
      <ele>184.1</ele>
      <time>2010-01-01T02:32:08Z</time>
    </trkpt>
    <trkpt lat="31.943765" lon="34.979584">
      <ele>184.0</ele>
      <time>2010-01-01T02:32:10Z</time>
    </trkpt>
    <trkpt lat="31.943746" lon="34.97956">
      <ele>184.0</ele>
      <time>2010-01-01T02:32:11Z</time>
    </trkpt>
    <trkpt lat="31.94373" lon="34.97953">
      <ele>184.1</ele>
      <time>2010-01-01T02:32:13Z</time>
    </trkpt>
    <trkpt lat="31.943706" lon="34.979501">
      <ele>184.2</ele>
      <time>2010-01-01T02:32:14Z</time>
    </trkpt>
    <trkpt lat="31.943689" lon="34.979466">
      <ele>184.3</ele>
      <time>2010-01-01T02:32:15Z</time>
    </trkpt>
    <trkpt lat="31.943669" lon="34.979437">
      <ele>184.4</ele>
      <time>2010-01-01T02:32:17Z</time>
    </trkpt>
    <trkpt lat="31.943646" lon="34.979402">
      <ele>184.5</ele>
      <time>2010-01-01T02:32:18Z</time>
    </trkpt>
    <trkpt lat="31.943621" lon="34.979378">
      <ele>184.7</ele>
      <time>2010-01-01T02:32:19Z</time>
    </trkpt>
    <trkpt lat="31.943601" lon="34.979353">
      <ele>184.8</ele>
      <time>2010-01-01T02:32:21Z</time>
    </trkpt>
    <trkpt lat="31.943573" lon="34.979325">
      <ele>184.9</ele>
      <time>2010-01-01T02:32:22Z</time>
    </trkpt>
    <trkpt lat="31.943553" lon="34.979296">
      <ele>185.0</ele>
      <time>2010-01-01T02:32:23Z</time>
    </trkpt>
    <trkpt lat="31.943533" lon="34.979261">
      <ele>185.0</ele>
      <time>2010-01-01T02:32:25Z</time>
    </trkpt>
    <trkpt lat="31.943512" lon="34.979232">
      <ele>185.1</ele>
      <time>2010-01-01T02:32:26Z</time>
    </trkpt>
    <trkpt lat="31.943488" lon="34.979206">
      <ele>185.2</ele>
      <time>2010-01-01T02:32:27Z</time>
    </trkpt>
    <trkpt lat="31.943464" lon="34.979176">
      <ele>185.2</ele>
      <time>2010-01-01T02:32:29Z</time>
    </trkpt>
    <trkpt lat="31.94344" lon="34.979138">
      <ele>185.3</ele>
      <time>2010-01-01T02:32:30Z</time>
    </trkpt>
    <trkpt lat="31.943424" lon="34.9791">
      <ele>185.3</ele>
      <time>2010-01-01T02:32:32Z</time>
    </trkpt>
    <trkpt lat="31.943408" lon="34.979052">
      <ele>185.2</ele>
      <time>2010-01-01T02:32:33Z</time>
    </trkpt>
    <trkpt lat="31.943396" lon="34.979014">
      <ele>185.1</ele>
      <time>2010-01-01T02:32:35Z</time>
    </trkpt>
    <trkpt lat="31.943382" lon="34.978968">
      <ele>185.0</ele>
      <time>2010-01-01T02:32:37Z</time>
    </trkpt>
    <trkpt lat="31.943362" lon="34.97893">
      <ele>185.0</ele>
      <time>2010-01-01T02:32:38Z</time>
    </trkpt>
    <trkpt lat="31.943338" lon="34.978891">
      <ele>185.0</ele>
      <time>2010-01-01T02:32:40Z</time>
    </trkpt>
    <trkpt lat="31.943311" lon="34.978854">
      <ele>185.0</ele>
      <time>2010-01-01T02:32:41Z</time>
    </trkpt>
    <trkpt lat="31.943283" lon="34.978816">
      <ele>184.9</ele>
      <time>2010-01-01T02:32:43Z</time>
    </trkpt>
    <trkpt lat="31.943251" lon="34.978777">
      <ele>184.9</ele>
      <time>2010-01-01T02:32:45Z</time>
    </trkpt>
    <trkpt lat="31.943218" lon="34.978743">
      <ele>184.9</ele>
      <time>2010-01-01T02:32:47Z</time>
    </trkpt>
    <trkpt lat="31.943183" lon="34.978715">
      <ele>184.9</ele>
      <time>2010-01-01T02:32:48Z</time>
    </trkpt>
    <trkpt lat="31.943146" lon="34.978683">
      <ele>184.8</ele>
      <time>2010-01-01T02:32:50Z</time>
    </trkpt>
    <trkpt lat="31.943117" lon="34.978637">
      <ele>184.6</ele>
      <time>2010-01-01T02:32:52Z</time>
    </trkpt>
    <trkpt lat="31.943091" lon="34.9786">
      <ele>184.4</ele>
      <time>2010-01-01T02:32:54Z</time>
    </trkpt>
    <trkpt lat="31.943069" lon="34.97856">
      <ele>184.2</ele>
      <time>2010-01-01T02:32:55Z</time>
    </trkpt>
    <trkpt lat="31.943049" lon="34.97853">
      <ele>184.0</ele>
      <time>2010-01-01T02:32:57Z</time>
    </trkpt>
    <trkpt lat="31.943013" lon="34.978513">
      <ele>183.9</ele>
      <time>2010-01-01T02:32:58Z</time>
    </trkpt>
    <trkpt lat="31.943008" lon="34.978422">
      <ele>183.3</ele>
      <time>2010-01-01T02:33:01Z</time>
    </trkpt>
    <trkpt lat="31.943007" lon="34.978379">
      <ele>182.9</ele>
      <time>2010-01-01T02:33:03Z</time>
    </trkpt>
    <trkpt lat="31.942983" lon="34.97834">
      <ele>182.6</ele>
      <time>2010-01-01T02:33:04Z</time>
    </trkpt>
    <trkpt lat="31.942954" lon="34.978298">
      <ele>182.3</ele>
      <time>2010-01-01T02:33:06Z</time>
    </trkpt>
    <trkpt lat="31.942929" lon="34.978254">
      <ele>181.9</ele>
      <time>2010-01-01T02:33:08Z</time>
    </trkpt>
    <trkpt lat="31.942907" lon="34.97821">
      <ele>181.5</ele>
      <time>2010-01-01T02:33:10Z</time>
    </trkpt>
    <trkpt lat="31.942883" lon="34.978159">
      <ele>181.1</ele>
      <time>2010-01-01T02:33:12Z</time>
    </trkpt>
    <trkpt lat="31.942868" lon="34.978103">
      <ele>180.7</ele>
      <time>2010-01-01T02:33:14Z</time>
    </trkpt>
    <trkpt lat="31.942843" lon="34.978053">
      <ele>180.3</ele>
      <time>2010-01-01T02:33:16Z</time>
    </trkpt>
    <trkpt lat="31.942819" lon="34.978">
      <ele>179.9</ele>
      <time>2010-01-01T02:33:18Z</time>
    </trkpt>
    <trkpt lat="31.942788" lon="34.977944">
      <ele>179.5</ele>
      <time>2010-01-01T02:33:20Z</time>
    </trkpt>
    <trkpt lat="31.942765" lon="34.977902">
      <ele>179.3</ele>
      <time>2010-01-01T02:33:22Z</time>
    </trkpt>
    <trkpt lat="31.94273" lon="34.977826">
      <ele>179.3</ele>
      <time>2010-01-01T02:33:25Z</time>
    </trkpt>
    <trkpt lat="31.942701" lon="34.97775">
      <ele>179.2</ele>
      <time>2010-01-01T02:33:28Z</time>
    </trkpt>
    <trkpt lat="31.942653" lon="34.977685">
      <ele>179.1</ele>
      <time>2010-01-01T02:33:30Z</time>
    </trkpt>
    <trkpt lat="31.94262" lon="34.977614">
      <ele>178.9</ele>
      <time>2010-01-01T02:33:33Z</time>
    </trkpt>
    <trkpt lat="31.942589" lon="34.977531">
      <ele>178.7</ele>
      <time>2010-01-01T02:33:36Z</time>
    </trkpt>
    <trkpt lat="31.942557" lon="34.97746">
      <ele>178.4</ele>
      <time>2010-01-01T02:33:39Z</time>
    </trkpt>
    <trkpt lat="31.94252" lon="34.97739">
      <ele>178.1</ele>
      <time>2010-01-01T02:33:42Z</time>
    </trkpt>
    <trkpt lat="31.942484" lon="34.977309">
      <ele>177.8</ele>
      <time>2010-01-01T02:33:45Z</time>
    </trkpt>
    <trkpt lat="31.942448" lon="34.977233">
      <ele>177.4</ele>
      <time>2010-01-01T02:33:48Z</time>
    </trkpt>
    <trkpt lat="31.942421" lon="34.977151">
      <ele>176.9</ele>
      <time>2010-01-01T02:33:51Z</time>
    </trkpt>
    <trkpt lat="31.942383" lon="34.977074">
      <ele>176.4</ele>
      <time>2010-01-01T02:33:54Z</time>
    </trkpt>
    <trkpt lat="31.94235" lon="34.977004">
      <ele>176.3</ele>
      <time>2010-01-01T02:33:57Z</time>
    </trkpt>
    <trkpt lat="31.942318" lon="34.976942">
      <ele>176.1</ele>
      <time>2010-01-01T02:33:59Z</time>
    </trkpt>
    <trkpt lat="31.942288" lon="34.976871">
      <ele>175.9</ele>
      <time>2010-01-01T02:34:02Z</time>
    </trkpt>
    <trkpt lat="31.942252" lon="34.976812">
      <ele>175.6</ele>
      <time>2010-01-01T02:34:04Z</time>
    </trkpt>
    <trkpt lat="31.942212" lon="34.976745">
      <ele>175.2</ele>
      <time>2010-01-01T02:34:07Z</time>
    </trkpt>
    <trkpt lat="31.942179" lon="34.976681">
      <ele>174.9</ele>
      <time>2010-01-01T02:34:10Z</time>
    </trkpt>
    <trkpt lat="31.942146" lon="34.976618">
      <ele>174.5</ele>
      <time>2010-01-01T02:34:12Z</time>
    </trkpt>
    <trkpt lat="31.942106" lon="34.976559">
      <ele>174.0</ele>
      <time>2010-01-01T02:34:15Z</time>
    </trkpt>
    <trkpt lat="31.942071" lon="34.976497">
      <ele>173.7</ele>
      <time>2010-01-01T02:34:17Z</time>
    </trkpt>
    <trkpt lat="31.94203" lon="34.976441">
      <ele>173.7</ele>
      <time>2010-01-01T02:34:20Z</time>
    </trkpt>
    <trkpt lat="31.94199" lon="34.976381">
      <ele>173.7</ele>
      <time>2010-01-01T02:34:22Z</time>
    </trkpt>
    <trkpt lat="31.94195" lon="34.976328">
      <ele>173.6</ele>
      <time>2010-01-01T02:34:25Z</time>
    </trkpt>
    <trkpt lat="31.941906" lon="34.976281">
      <ele>173.6</ele>
      <time>2010-01-01T02:34:27Z</time>
    </trkpt>
    <trkpt lat="31.941869" lon="34.976227">
      <ele>173.6</ele>
      <time>2010-01-01T02:34:29Z</time>
    </trkpt>
    <trkpt lat="31.941825" lon="34.976181">
      <ele>173.9</ele>
      <time>2010-01-01T02:34:32Z</time>
    </trkpt>
    <trkpt lat="31.941778" lon="34.976136">
      <ele>174.2</ele>
      <time>2010-01-01T02:34:34Z</time>
    </trkpt>
    <trkpt lat="31.941729" lon="34.976096">
      <ele>174.4</ele>
      <time>2010-01-01T02:34:37Z</time>
    </trkpt>
    <trkpt lat="31.941677" lon="34.976055">
      <ele>174.5</ele>
      <time>2010-01-01T02:34:39Z</time>
    </trkpt>
    <trkpt lat="31.941625" lon="34.976018">
      <ele>174.5</ele>
      <time>2010-01-01T02:34:42Z</time>
    </trkpt>
    <trkpt lat="31.941576" lon="34.975976">
      <ele>174.5</ele>
      <time>2010-01-01T02:34:44Z</time>
    </trkpt>
    <trkpt lat="31.941523" lon="34.97592">
      <ele>174.5</ele>
      <time>2010-01-01T02:34:47Z</time>
    </trkpt>
    <trkpt lat="31.941465" lon="34.975869">
      <ele>174.3</ele>
      <time>2010-01-01T02:34:50Z</time>
    </trkpt>
    <trkpt lat="31.941422" lon="34.975813">
      <ele>174.1</ele>
      <time>2010-01-01T02:34:52Z</time>
    </trkpt>
    <trkpt lat="31.941361" lon="34.975763">
      <ele>173.8</ele>
      <time>2010-01-01T02:34:55Z</time>
    </trkpt>
    <trkpt lat="31.94131" lon="34.975717">
      <ele>173.4</ele>
      <time>2010-01-01T02:34:58Z</time>
    </trkpt>
    <trkpt lat="31.941248" lon="34.975668">
      <ele>172.9</ele>
      <time>2010-01-01T02:35:01Z</time>
    </trkpt>
    <trkpt lat="31.941191" lon="34.975612">
      <ele>172.3</ele>
      <time>2010-01-01T02:35:04Z</time>
    </trkpt>
    <trkpt lat="31.941126" lon="34.97556">
      <ele>171.5</ele>
      <time>2010-01-01T02:35:07Z</time>
    </trkpt>
    <trkpt lat="31.941069" lon="34.975518">
      <ele>170.8</ele>
      <time>2010-01-01T02:35:10Z</time>
    </trkpt>
    <trkpt lat="31.941014" lon="34.975468">
      <ele>170.0</ele>
      <time>2010-01-01T02:35:12Z</time>
    </trkpt>
    <trkpt lat="31.940949" lon="34.975415">
      <ele>169.1</ele>
      <time>2010-01-01T02:35:16Z</time>
    </trkpt>
    <trkpt lat="31.940904" lon="34.975349">
      <ele>168.6</ele>
      <time>2010-01-01T02:35:18Z</time>
    </trkpt>
    <trkpt lat="31.940849" lon="34.975291">
      <ele>168.0</ele>
      <time>2010-01-01T02:35:21Z</time>
    </trkpt>
    <trkpt lat="31.940792" lon="34.975242">
      <ele>167.3</ele>
      <time>2010-01-01T02:35:24Z</time>
    </trkpt>
    <trkpt lat="31.940739" lon="34.975188">
      <ele>166.6</ele>
      <time>2010-01-01T02:35:27Z</time>
    </trkpt>
    <trkpt lat="31.94068" lon="34.975134">
      <ele>165.8</ele>
      <time>2010-01-01T02:35:30Z</time>
    </trkpt>
    <trkpt lat="31.940635" lon="34.975049">
      <ele>165.0</ele>
      <time>2010-01-01T02:35:33Z</time>
    </trkpt>
    <trkpt lat="31.940593" lon="34.974969">
      <ele>164.2</ele>
      <time>2010-01-01T02:35:37Z</time>
    </trkpt>
    <trkpt lat="31.940562" lon="34.97489">
      <ele>163.5</ele>
      <time>2010-01-01T02:35:40Z</time>
    </trkpt>
    <trkpt lat="31.940535" lon="34.974812">
      <ele>162.9</ele>
      <time>2010-01-01T02:35:42Z</time>
    </trkpt>
    <trkpt lat="31.940511" lon="34.974721">
      <ele>162.1</ele>
      <time>2010-01-01T02:35:46Z</time>
    </trkpt>
    <trkpt lat="31.940479" lon="34.974644">
      <ele>161.3</ele>
      <time>2010-01-01T02:35:49Z</time>
    </trkpt>
    <trkpt lat="31.940453" lon="34.974558">
      <ele>160.8</ele>
      <time>2010-01-01T02:35:52Z</time>
    </trkpt>
    <trkpt lat="31.940426" lon="34.974474">
      <ele>160.8</ele>
      <time>2010-01-01T02:35:55Z</time>
    </trkpt>
    <trkpt lat="31.940404" lon="34.974387">
      <ele>161.1</ele>
      <time>2010-01-01T02:35:58Z</time>
    </trkpt>
    <trkpt lat="31.940371" lon="34.974315">
      <ele>161.5</ele>
      <time>2010-01-01T02:36:01Z</time>
    </trkpt>
    <trkpt lat="31.940322" lon="34.974246">
      <ele>161.7</ele>
      <time>2010-01-01T02:36:04Z</time>
    </trkpt>
    <trkpt lat="31.940278" lon="34.974182">
      <ele>161.8</ele>
      <time>2010-01-01T02:36:06Z</time>
    </trkpt>
    <trkpt lat="31.94023" lon="34.974121">
      <ele>161.9</ele>
      <time>2010-01-01T02:36:09Z</time>
    </trkpt>
    <trkpt lat="31.940181" lon="34.974073">
      <ele>161.9</ele>
      <time>2010-01-01T02:36:12Z</time>
    </trkpt>
    <trkpt lat="31.940137" lon="34.974017">
      <ele>161.9</ele>
      <time>2010-01-01T02:36:14Z</time>
    </trkpt>
    <trkpt lat="31.940093" lon="34.973963">
      <ele>161.9</ele>
      <time>2010-01-01T02:36:17Z</time>
    </trkpt>
    <trkpt lat="31.940046" lon="34.973913">
      <ele>161.8</ele>
      <time>2010-01-01T02:36:19Z</time>
    </trkpt>
    <trkpt lat="31.940005" lon="34.973866">
      <ele>161.7</ele>
      <time>2010-01-01T02:36:22Z</time>
    </trkpt>
    <trkpt lat="31.939962" lon="34.973819">
      <ele>161.5</ele>
      <time>2010-01-01T02:36:24Z</time>
    </trkpt>
    <trkpt lat="31.939911" lon="34.973773">
      <ele>161.3</ele>
      <time>2010-01-01T02:36:27Z</time>
    </trkpt>
    <trkpt lat="31.939852" lon="34.97374">
      <ele>160.9</ele>
      <time>2010-01-01T02:36:29Z</time>
    </trkpt>
    <trkpt lat="31.939797" lon="34.97371">
      <ele>160.4</ele>
      <time>2010-01-01T02:36:32Z</time>
    </trkpt>
    <trkpt lat="31.939753" lon="34.973678">
      <ele>159.9</ele>
      <time>2010-01-01T02:36:34Z</time>
    </trkpt>
    <trkpt lat="31.939694" lon="34.973648">
      <ele>159.3</ele>
      <time>2010-01-01T02:36:36Z</time>
    </trkpt>
    <trkpt lat="31.939641" lon="34.973626">
      <ele>158.8</ele>
      <time>2010-01-01T02:36:39Z</time>
    </trkpt>
    <trkpt lat="31.939592" lon="34.973589">
      <ele>158.3</ele>
      <time>2010-01-01T02:36:41Z</time>
    </trkpt>
    <trkpt lat="31.93954" lon="34.973553">
      <ele>158.5</ele>
      <time>2010-01-01T02:36:43Z</time>
    </trkpt>
    <trkpt lat="31.939488" lon="34.973516">
      <ele>158.9</ele>
      <time>2010-01-01T02:36:46Z</time>
    </trkpt>
    <trkpt lat="31.939434" lon="34.973473">
      <ele>159.3</ele>
      <time>2010-01-01T02:36:48Z</time>
    </trkpt>
    <trkpt lat="31.939383" lon="34.973432">
      <ele>159.7</ele>
      <time>2010-01-01T02:36:51Z</time>
    </trkpt>
    <trkpt lat="31.939342" lon="34.973382">
      <ele>160.0</ele>
      <time>2010-01-01T02:36:53Z</time>
    </trkpt>
    <trkpt lat="31.939316" lon="34.973304">
      <ele>159.9</ele>
      <time>2010-01-01T02:36:56Z</time>
    </trkpt>
    <trkpt lat="31.939291" lon="34.973231">
      <ele>159.9</ele>
      <time>2010-01-01T02:36:59Z</time>
    </trkpt>
    <trkpt lat="31.939273" lon="34.973169">
      <ele>159.8</ele>
      <time>2010-01-01T02:37:01Z</time>
    </trkpt>
    <trkpt lat="31.939257" lon="34.973092">
      <ele>159.7</ele>
      <time>2010-01-01T02:37:04Z</time>
    </trkpt>
    <trkpt lat="31.939245" lon="34.973024">
      <ele>159.5</ele>
      <time>2010-01-01T02:37:06Z</time>
    </trkpt>
    <trkpt lat="31.939248" lon="34.972946">
      <ele>159.2</ele>
      <time>2010-01-01T02:37:09Z</time>
    </trkpt>
    <trkpt lat="31.939255" lon="34.972868">
      <ele>158.7</ele>
      <time>2010-01-01T02:37:11Z</time>
    </trkpt>
    <trkpt lat="31.939267" lon="34.972785">
      <ele>158.2</ele>
      <time>2010-01-01T02:37:14Z</time>
    </trkpt>
    <trkpt lat="31.939296" lon="34.972703">
      <ele>157.4</ele>
      <time>2010-01-01T02:37:17Z</time>
    </trkpt>
    <trkpt lat="31.939327" lon="34.972627">
      <ele>156.7</ele>
      <time>2010-01-01T02:37:20Z</time>
    </trkpt>
    <trkpt lat="31.939349" lon="34.972554">
      <ele>156.1</ele>
      <time>2010-01-01T02:37:23Z</time>
    </trkpt>
    <trkpt lat="31.939372" lon="34.97248">
      <ele>155.4</ele>
      <time>2010-01-01T02:37:25Z</time>
    </trkpt>
    <trkpt lat="31.939401" lon="34.972408">
      <ele>154.7</ele>
      <time>2010-01-01T02:37:28Z</time>
    </trkpt>
    <trkpt lat="31.93942" lon="34.972333">
      <ele>154.2</ele>
      <time>2010-01-01T02:37:31Z</time>
    </trkpt>
    <trkpt lat="31.939438" lon="34.972266">
      <ele>153.6</ele>
      <time>2010-01-01T02:37:33Z</time>
    </trkpt>
    <trkpt lat="31.939459" lon="34.972187">
      <ele>153.0</ele>
      <time>2010-01-01T02:37:36Z</time>
    </trkpt>
    <trkpt lat="31.939471" lon="34.972117">
      <ele>152.5</ele>
      <time>2010-01-01T02:37:38Z</time>
    </trkpt>
    <trkpt lat="31.939474" lon="34.972049">
      <ele>152.4</ele>
      <time>2010-01-01T02:37:41Z</time>
    </trkpt>
    <trkpt lat="31.939483" lon="34.971982">
      <ele>152.5</ele>
      <time>2010-01-01T02:37:43Z</time>
    </trkpt>
    <trkpt lat="31.939481" lon="34.9719">
      <ele>152.8</ele>
      <time>2010-01-01T02:37:46Z</time>
    </trkpt>
    <trkpt lat="31.939488" lon="34.971822">
      <ele>153.0</ele>
      <time>2010-01-01T02:37:48Z</time>
    </trkpt>
    <trkpt lat="31.939494" lon="34.971758">
      <ele>153.1</ele>
      <time>2010-01-01T02:37:51Z</time>
    </trkpt>
    <trkpt lat="31.939461" lon="34.971695">
      <ele>153.7</ele>
      <time>2010-01-01T02:37:53Z</time>
    </trkpt>
    <trkpt lat="31.939445" lon="34.971627">
      <ele>154.0</ele>
      <time>2010-01-01T02:37:56Z</time>
    </trkpt>
    <trkpt lat="31.939432" lon="34.971569">
      <ele>154.3</ele>
      <time>2010-01-01T02:37:58Z</time>
    </trkpt>
    <trkpt lat="31.939422" lon="34.971499">
      <ele>154.6</ele>
      <time>2010-01-01T02:38:00Z</time>
    </trkpt>
    <trkpt lat="31.93941" lon="34.971432">
      <ele>154.9</ele>
      <time>2010-01-01T02:38:02Z</time>
    </trkpt>
    <trkpt lat="31.939396" lon="34.971372">
      <ele>155.2</ele>
      <time>2010-01-01T02:38:04Z</time>
    </trkpt>
    <trkpt lat="31.939382" lon="34.971315">
      <ele>155.5</ele>
      <time>2010-01-01T02:38:06Z</time>
    </trkpt>
    <trkpt lat="31.939368" lon="34.971254">
      <ele>155.8</ele>
      <time>2010-01-01T02:38:09Z</time>
    </trkpt>
    <trkpt lat="31.93934" lon="34.971201">
      <ele>156.0</ele>
      <time>2010-01-01T02:38:11Z</time>
    </trkpt>
    <trkpt lat="31.939325" lon="34.971138">
      <ele>156.1</ele>
      <time>2010-01-01T02:38:13Z</time>
    </trkpt>
    <trkpt lat="31.939306" lon="34.971077">
      <ele>156.2</ele>
      <time>2010-01-01T02:38:15Z</time>
    </trkpt>
    <trkpt lat="31.939278" lon="34.971019">
      <ele>156.4</ele>
      <time>2010-01-01T02:38:17Z</time>
    </trkpt>
    <trkpt lat="31.939243" lon="34.970953">
      <ele>156.6</ele>
      <time>2010-01-01T02:38:20Z</time>
    </trkpt>
    <trkpt lat="31.939212" lon="34.970884">
      <ele>156.9</ele>
      <time>2010-01-01T02:38:23Z</time>
    </trkpt>
    <trkpt lat="31.93919" lon="34.970803">
      <ele>157.0</ele>
      <time>2010-01-01T02:38:26Z</time>
    </trkpt>
    <trkpt lat="31.93917" lon="34.970707">
      <ele>157.1</ele>
      <time>2010-01-01T02:38:29Z</time>
    </trkpt>
    <trkpt lat="31.939164" lon="34.970627">
      <ele>157.2</ele>
      <time>2010-01-01T02:38:32Z</time>
    </trkpt>
    <trkpt lat="31.939162" lon="34.970552">
      <ele>157.1</ele>
      <time>2010-01-01T02:38:34Z</time>
    </trkpt>
    <trkpt lat="31.939156" lon="34.97047">
      <ele>157.1</ele>
      <time>2010-01-01T02:38:37Z</time>
    </trkpt>
    <trkpt lat="31.939145" lon="34.970398">
      <ele>157.2</ele>
      <time>2010-01-01T02:38:40Z</time>
    </trkpt>
    <trkpt lat="31.939141" lon="34.970328">
      <ele>157.3</ele>
      <time>2010-01-01T02:38:42Z</time>
    </trkpt>
    <trkpt lat="31.939143" lon="34.970247">
      <ele>157.3</ele>
      <time>2010-01-01T02:38:45Z</time>
    </trkpt>
    <trkpt lat="31.939138" lon="34.970176">
      <ele>157.4</ele>
      <time>2010-01-01T02:38:47Z</time>
    </trkpt>
    <trkpt lat="31.939141" lon="34.970096">
      <ele>157.4</ele>
      <time>2010-01-01T02:38:50Z</time>
    </trkpt>
    <trkpt lat="31.939153" lon="34.970033">
      <ele>157.4</ele>
      <time>2010-01-01T02:38:52Z</time>
    </trkpt>
    <trkpt lat="31.93917" lon="34.969964">
      <ele>157.2</ele>
      <time>2010-01-01T02:38:54Z</time>
    </trkpt>
    <trkpt lat="31.93918" lon="34.969904">
      <ele>157.2</ele>
      <time>2010-01-01T02:38:57Z</time>
    </trkpt>
    <trkpt lat="31.939188" lon="34.969839">
      <ele>157.2</ele>
      <time>2010-01-01T02:38:59Z</time>
    </trkpt>
    <trkpt lat="31.939187" lon="34.969771">
      <ele>157.2</ele>
      <time>2010-01-01T02:39:01Z</time>
    </trkpt>
    <trkpt lat="31.939182" lon="34.969699">
      <ele>157.3</ele>
      <time>2010-01-01T02:39:04Z</time>
    </trkpt>
    <trkpt lat="31.939183" lon="34.969629">
      <ele>157.3</ele>
      <time>2010-01-01T02:39:06Z</time>
    </trkpt>
    <trkpt lat="31.939176" lon="34.969564">
      <ele>157.3</ele>
      <time>2010-01-01T02:39:08Z</time>
    </trkpt>
    <trkpt lat="31.939169" lon="34.9695">
      <ele>156.9</ele>
      <time>2010-01-01T02:39:10Z</time>
    </trkpt>
    <trkpt lat="31.939169" lon="34.96943">
      <ele>156.5</ele>
      <time>2010-01-01T02:39:13Z</time>
    </trkpt>
    <trkpt lat="31.939164" lon="34.969359">
      <ele>156.0</ele>
      <time>2010-01-01T02:39:15Z</time>
    </trkpt>
    <trkpt lat="31.939159" lon="34.969292">
      <ele>155.6</ele>
      <time>2010-01-01T02:39:17Z</time>
    </trkpt>
    <trkpt lat="31.939156" lon="34.969227">
      <ele>155.2</ele>
      <time>2010-01-01T02:39:20Z</time>
    </trkpt>
    <trkpt lat="31.939148" lon="34.96916">
      <ele>154.9</ele>
      <time>2010-01-01T02:39:22Z</time>
    </trkpt>
    <trkpt lat="31.93914" lon="34.969093">
      <ele>154.5</ele>
      <time>2010-01-01T02:39:24Z</time>
    </trkpt>
    <trkpt lat="31.93913" lon="34.969027">
      <ele>154.1</ele>
      <time>2010-01-01T02:39:26Z</time>
    </trkpt>
    <trkpt lat="31.939125" lon="34.968953">
      <ele>153.7</ele>
      <time>2010-01-01T02:39:29Z</time>
    </trkpt>
    <trkpt lat="31.939115" lon="34.968872">
      <ele>153.2</ele>
      <time>2010-01-01T02:39:32Z</time>
    </trkpt>
    <trkpt lat="31.939115" lon="34.968805">
      <ele>152.7</ele>
      <time>2010-01-01T02:39:34Z</time>
    </trkpt>
    <trkpt lat="31.939115" lon="34.968734">
      <ele>152.3</ele>
      <time>2010-01-01T02:39:36Z</time>
    </trkpt>
    <trkpt lat="31.939107" lon="34.968668">
      <ele>152.1</ele>
      <time>2010-01-01T02:39:39Z</time>
    </trkpt>
    <trkpt lat="31.939107" lon="34.968588">
      <ele>151.8</ele>
      <time>2010-01-01T02:39:41Z</time>
    </trkpt>
    <trkpt lat="31.9391" lon="34.968516">
      <ele>151.6</ele>
      <time>2010-01-01T02:39:44Z</time>
    </trkpt>
    <trkpt lat="31.939095" lon="34.968439">
      <ele>151.4</ele>
      <time>2010-01-01T02:39:47Z</time>
    </trkpt>
    <trkpt lat="31.939088" lon="34.968374">
      <ele>151.2</ele>
      <time>2010-01-01T02:39:49Z</time>
    </trkpt>
    <trkpt lat="31.939087" lon="34.968312">
      <ele>151.0</ele>
      <time>2010-01-01T02:39:51Z</time>
    </trkpt>
    <trkpt lat="31.939099" lon="34.968243">
      <ele>150.7</ele>
      <time>2010-01-01T02:39:53Z</time>
    </trkpt>
    <trkpt lat="31.939116" lon="34.968173">
      <ele>150.3</ele>
      <time>2010-01-01T02:39:56Z</time>
    </trkpt>
    <trkpt lat="31.93915" lon="34.968104">
      <ele>149.8</ele>
      <time>2010-01-01T02:39:58Z</time>
    </trkpt>
    <trkpt lat="31.939192" lon="34.968066">
      <ele>149.4</ele>
      <time>2010-01-01T02:40:01Z</time>
    </trkpt>
    <trkpt lat="31.939238" lon="34.968047">
      <ele>149.0</ele>
      <time>2010-01-01T02:40:03Z</time>
    </trkpt>
    <trkpt lat="31.939287" lon="34.968034">
      <ele>148.6</ele>
      <time>2010-01-01T02:40:05Z</time>
    </trkpt>
    <trkpt lat="31.939331" lon="34.968036">
      <ele>148.2</ele>
      <time>2010-01-01T02:40:06Z</time>
    </trkpt>
    <trkpt lat="31.939375" lon="34.968038">
      <ele>147.9</ele>
      <time>2010-01-01T02:40:08Z</time>
    </trkpt>
    <trkpt lat="31.939411" lon="34.968039">
      <ele>147.7</ele>
      <time>2010-01-01T02:40:09Z</time>
    </trkpt>
    <trkpt lat="31.939448" lon="34.968041">
      <ele>147.4</ele>
      <time>2010-01-01T02:40:11Z</time>
    </trkpt>
    <trkpt lat="31.939486" lon="34.968037">
      <ele>147.1</ele>
      <time>2010-01-01T02:40:13Z</time>
    </trkpt>
    <trkpt lat="31.939527" lon="34.968043">
      <ele>146.9</ele>
      <time>2010-01-01T02:40:14Z</time>
    </trkpt>
    <trkpt lat="31.939569" lon="34.968049">
      <ele>146.6</ele>
      <time>2010-01-01T02:40:16Z</time>
    </trkpt>
    <trkpt lat="31.939601" lon="34.968061">
      <ele>146.7</ele>
      <time>2010-01-01T02:40:17Z</time>
    </trkpt>
    <trkpt lat="31.939634" lon="34.968073">
      <ele>147.1</ele>
      <time>2010-01-01T02:40:19Z</time>
    </trkpt>
    <trkpt lat="31.939668" lon="34.968088">
      <ele>147.6</ele>
      <time>2010-01-01T02:40:20Z</time>
    </trkpt>
    <trkpt lat="31.939708" lon="34.9681">
      <ele>148.1</ele>
      <time>2010-01-01T02:40:22Z</time>
    </trkpt>
    <trkpt lat="31.939751" lon="34.968105">
      <ele>148.6</ele>
      <time>2010-01-01T02:40:23Z</time>
    </trkpt>
    <trkpt lat="31.939797" lon="34.968113">
      <ele>149.2</ele>
      <time>2010-01-01T02:40:25Z</time>
    </trkpt>
    <trkpt lat="31.93983" lon="34.968108">
      <ele>149.6</ele>
      <time>2010-01-01T02:40:27Z</time>
    </trkpt>
    <trkpt lat="31.939866" lon="34.968115">
      <ele>150.0</ele>
      <time>2010-01-01T02:40:28Z</time>
    </trkpt>
    <trkpt lat="31.939904" lon="34.968114">
      <ele>150.4</ele>
      <time>2010-01-01T02:40:30Z</time>
    </trkpt>
    <trkpt lat="31.93994" lon="34.968112">
      <ele>150.9</ele>
      <time>2010-01-01T02:40:31Z</time>
    </trkpt>
    <trkpt lat="31.939975" lon="34.968118">
      <ele>151.3</ele>
      <time>2010-01-01T02:40:32Z</time>
    </trkpt>
    <trkpt lat="31.94001" lon="34.968114">
      <ele>151.7</ele>
      <time>2010-01-01T02:40:34Z</time>
    </trkpt>
    <trkpt lat="31.940042" lon="34.968115">
      <ele>152.1</ele>
      <time>2010-01-01T02:40:35Z</time>
    </trkpt>
    <trkpt lat="31.940082" lon="34.96812">
      <ele>152.6</ele>
      <time>2010-01-01T02:40:37Z</time>
    </trkpt>
    <trkpt lat="31.940116" lon="34.968113">
      <ele>152.9</ele>
      <time>2010-01-01T02:40:38Z</time>
    </trkpt>
    <trkpt lat="31.940151" lon="34.968109">
      <ele>153.3</ele>
      <time>2010-01-01T02:40:40Z</time>
    </trkpt>
    <trkpt lat="31.940191" lon="34.968105">
      <ele>153.7</ele>
      <time>2010-01-01T02:40:41Z</time>
    </trkpt>
    <trkpt lat="31.940239" lon="34.968102">
      <ele>154.3</ele>
      <time>2010-01-01T02:40:43Z</time>
    </trkpt>
    <trkpt lat="31.940273" lon="34.968103">
      <ele>154.7</ele>
      <time>2010-01-01T02:40:44Z</time>
    </trkpt>
    <trkpt lat="31.940312" lon="34.968104">
      <ele>155.1</ele>
      <time>2010-01-01T02:40:46Z</time>
    </trkpt>
    <trkpt lat="31.940346" lon="34.968101">
      <ele>155.5</ele>
      <time>2010-01-01T02:40:47Z</time>
    </trkpt>
    <trkpt lat="31.940385" lon="34.9681">
      <ele>156.0</ele>
      <time>2010-01-01T02:40:49Z</time>
    </trkpt>
    <trkpt lat="31.940422" lon="34.968109">
      <ele>156.4</ele>
      <time>2010-01-01T02:40:50Z</time>
    </trkpt>
    <trkpt lat="31.940465" lon="34.968116">
      <ele>156.7</ele>
      <time>2010-01-01T02:40:52Z</time>
    </trkpt>
    <trkpt lat="31.940506" lon="34.968126">
      <ele>156.9</ele>
      <time>2010-01-01T02:40:54Z</time>
    </trkpt>
    <trkpt lat="31.94054" lon="34.968136">
      <ele>157.1</ele>
      <time>2010-01-01T02:40:55Z</time>
    </trkpt>
    <trkpt lat="31.940576" lon="34.96814">
      <ele>157.3</ele>
      <time>2010-01-01T02:40:57Z</time>
    </trkpt>
    <trkpt lat="31.940608" lon="34.968139">
      <ele>157.5</ele>
      <time>2010-01-01T02:40:58Z</time>
    </trkpt>
    <trkpt lat="31.940642" lon="34.968143">
      <ele>157.6</ele>
      <time>2010-01-01T02:40:59Z</time>
    </trkpt>
    <trkpt lat="31.940675" lon="34.968151">
      <ele>157.8</ele>
      <time>2010-01-01T02:41:01Z</time>
    </trkpt>
    <trkpt lat="31.94071" lon="34.968162">
      <ele>158.1</ele>
      <time>2010-01-01T02:41:02Z</time>
    </trkpt>
    <trkpt lat="31.940745" lon="34.968165">
      <ele>158.2</ele>
      <time>2010-01-01T02:41:04Z</time>
    </trkpt>
    <trkpt lat="31.940772" lon="34.968173">
      <ele>158.4</ele>
      <time>2010-01-01T02:41:05Z</time>
    </trkpt>
    <trkpt lat="31.940806" lon="34.968178">
      <ele>158.6</ele>
      <time>2010-01-01T02:41:06Z</time>
    </trkpt>
    <trkpt lat="31.940835" lon="34.968188">
      <ele>158.8</ele>
      <time>2010-01-01T02:41:07Z</time>
    </trkpt>
    <trkpt lat="31.940866" lon="34.968202">
      <ele>159.0</ele>
      <time>2010-01-01T02:41:09Z</time>
    </trkpt>
    <trkpt lat="31.940898" lon="34.968212">
      <ele>159.2</ele>
      <time>2010-01-01T02:41:10Z</time>
    </trkpt>
    <trkpt lat="31.940928" lon="34.968221">
      <ele>159.4</ele>
      <time>2010-01-01T02:41:11Z</time>
    </trkpt>
    <trkpt lat="31.940956" lon="34.968234">
      <ele>159.6</ele>
      <time>2010-01-01T02:41:12Z</time>
    </trkpt>
    <trkpt lat="31.940983" lon="34.968251">
      <ele>159.9</ele>
      <time>2010-01-01T02:41:14Z</time>
    </trkpt>
    <trkpt lat="31.94101" lon="34.968269">
      <ele>160.1</ele>
      <time>2010-01-01T02:41:15Z</time>
    </trkpt>
    <trkpt lat="31.941041" lon="34.96828">
      <ele>160.3</ele>
      <time>2010-01-01T02:41:16Z</time>
    </trkpt>
    <trkpt lat="31.941085" lon="34.968285">
      <ele>160.5</ele>
      <time>2010-01-01T02:41:18Z</time>
    </trkpt>
    <trkpt lat="31.94112" lon="34.968286">
      <ele>160.7</ele>
      <time>2010-01-01T02:41:19Z</time>
    </trkpt>
    <trkpt lat="31.941152" lon="34.968298">
      <ele>160.9</ele>
      <time>2010-01-01T02:41:21Z</time>
    </trkpt>
    <trkpt lat="31.941175" lon="34.968315">
      <ele>161.1</ele>
      <time>2010-01-01T02:41:22Z</time>
    </trkpt>
    <trkpt lat="31.9412" lon="34.968331">
      <ele>161.3</ele>
      <time>2010-01-01T02:41:23Z</time>
    </trkpt>
    <trkpt lat="31.941238" lon="34.968385">
      <ele>161.8</ele>
      <time>2010-01-01T02:41:25Z</time>
    </trkpt>
    <trkpt lat="31.941261" lon="34.96841">
      <ele>162.0</ele>
      <time>2010-01-01T02:41:26Z</time>
    </trkpt>
    <trkpt lat="31.941276" lon="34.968437">
      <ele>162.3</ele>
      <time>2010-01-01T02:41:28Z</time>
    </trkpt>
    <trkpt lat="31.941322" lon="34.968479">
      <ele>162.8</ele>
      <time>2010-01-01T02:41:30Z</time>
    </trkpt>
    <trkpt lat="31.941341" lon="34.968503">
      <ele>163.0</ele>
      <time>2010-01-01T02:41:31Z</time>
    </trkpt>
    <trkpt lat="31.941374" lon="34.96854">
      <ele>163.4</ele>
      <time>2010-01-01T02:41:33Z</time>
    </trkpt>
    <trkpt lat="31.941404" lon="34.968564">
      <ele>163.6</ele>
      <time>2010-01-01T02:41:34Z</time>
    </trkpt>
    <trkpt lat="31.941439" lon="34.968588">
      <ele>163.9</ele>
      <time>2010-01-01T02:41:36Z</time>
    </trkpt>
    <trkpt lat="31.941473" lon="34.968605">
      <ele>164.2</ele>
      <time>2010-01-01T02:41:37Z</time>
    </trkpt>
    <trkpt lat="31.941504" lon="34.968613">
      <ele>164.3</ele>
      <time>2010-01-01T02:41:39Z</time>
    </trkpt>
    <trkpt lat="31.941529" lon="34.968628">
      <ele>164.5</ele>
      <time>2010-01-01T02:41:40Z</time>
    </trkpt>
    <trkpt lat="31.941565" lon="34.968644">
      <ele>164.7</ele>
      <time>2010-01-01T02:41:41Z</time>
    </trkpt>
    <trkpt lat="31.941592" lon="34.96866">
      <ele>164.9</ele>
      <time>2010-01-01T02:41:43Z</time>
    </trkpt>
    <trkpt lat="31.941639" lon="34.968669">
      <ele>165.1</ele>
      <time>2010-01-01T02:41:44Z</time>
    </trkpt>
    <trkpt lat="31.941667" lon="34.968699">
      <ele>165.3</ele>
      <time>2010-01-01T02:41:46Z</time>
    </trkpt>
    <trkpt lat="31.941725" lon="34.968689">
      <ele>165.6</ele>
      <time>2010-01-01T02:41:48Z</time>
    </trkpt>
    <trkpt lat="31.941746" lon="34.968712">
      <ele>165.7</ele>
      <time>2010-01-01T02:41:49Z</time>
    </trkpt>
    <trkpt lat="31.941787" lon="34.968753">
      <ele>166.0</ele>
      <time>2010-01-01T02:41:52Z</time>
    </trkpt>
    <trkpt lat="31.941822" lon="34.968752">
      <ele>166.1</ele>
      <time>2010-01-01T02:41:53Z</time>
    </trkpt>
    <trkpt lat="31.94187" lon="34.968765">
      <ele>166.5</ele>
      <time>2010-01-01T02:41:55Z</time>
    </trkpt>
    <trkpt lat="31.941906" lon="34.968795">
      <ele>167.1</ele>
      <time>2010-01-01T02:41:57Z</time>
    </trkpt>
    <trkpt lat="31.941931" lon="34.968819">
      <ele>167.6</ele>
      <time>2010-01-01T02:41:58Z</time>
    </trkpt>
    <trkpt lat="31.94197" lon="34.968823">
      <ele>167.8</ele>
      <time>2010-01-01T02:42:00Z</time>
    </trkpt>
    <trkpt lat="31.94201" lon="34.968819">
      <ele>167.9</ele>
      <time>2010-01-01T02:42:01Z</time>
    </trkpt>
    <trkpt lat="31.942051" lon="34.968809">
      <ele>167.9</ele>
      <time>2010-01-01T02:42:03Z</time>
    </trkpt>
    <trkpt lat="31.942092" lon="34.968788">
      <ele>167.8</ele>
      <time>2010-01-01T02:42:05Z</time>
    </trkpt>
    <trkpt lat="31.942129" lon="34.968786">
      <ele>168.3</ele>
      <time>2010-01-01T02:42:06Z</time>
    </trkpt>
    <trkpt lat="31.94217" lon="34.968787">
      <ele>168.9</ele>
      <time>2010-01-01T02:42:08Z</time>
    </trkpt>
    <trkpt lat="31.942209" lon="34.968766">
      <ele>169.2</ele>
      <time>2010-01-01T02:42:10Z</time>
    </trkpt>
    <trkpt lat="31.942239" lon="34.96873">
      <ele>169.4</ele>
      <time>2010-01-01T02:42:11Z</time>
    </trkpt>
    <trkpt lat="31.94226" lon="34.968694">
      <ele>169.7</ele>
      <time>2010-01-01T02:42:13Z</time>
    </trkpt>
    <trkpt lat="31.942294" lon="34.968646">
      <ele>170.1</ele>
      <time>2010-01-01T02:42:15Z</time>
    </trkpt>
    <trkpt lat="31.942313" lon="34.968621">
      <ele>170.3</ele>
      <time>2010-01-01T02:42:16Z</time>
    </trkpt>
    <trkpt lat="31.94233" lon="34.968595">
      <ele>170.5</ele>
      <time>2010-01-01T02:42:17Z</time>
    </trkpt>
    <trkpt lat="31.942338" lon="34.968554">
      <ele>170.5</ele>
      <time>2010-01-01T02:42:19Z</time>
    </trkpt>
    <trkpt lat="31.942357" lon="34.968521">
      <ele>170.6</ele>
      <time>2010-01-01T02:42:20Z</time>
    </trkpt>
    <trkpt lat="31.942381" lon="34.968494">
      <ele>170.9</ele>
      <time>2010-01-01T02:42:21Z</time>
    </trkpt>
    <trkpt lat="31.942407" lon="34.968482">
      <ele>171.2</ele>
      <time>2010-01-01T02:42:22Z</time>
    </trkpt>
    <trkpt lat="31.942452" lon="34.968463">
      <ele>171.7</ele>
      <time>2010-01-01T02:42:24Z</time>
    </trkpt>
    <trkpt lat="31.942483" lon="34.968432">
      <ele>172.0</ele>
      <time>2010-01-01T02:42:26Z</time>
    </trkpt>
    <trkpt lat="31.942513" lon="34.968426">
      <ele>172.3</ele>
      <time>2010-01-01T02:42:27Z</time>
    </trkpt>
    <trkpt lat="31.942551" lon="34.96842">
      <ele>172.7</ele>
      <time>2010-01-01T02:42:29Z</time>
    </trkpt>
    <trkpt lat="31.942586" lon="34.968422">
      <ele>173.2</ele>
      <time>2010-01-01T02:42:30Z</time>
    </trkpt>
    <trkpt lat="31.942625" lon="34.96843">
      <ele>173.7</ele>
      <time>2010-01-01T02:42:32Z</time>
    </trkpt>
    <trkpt lat="31.942668" lon="34.968435">
      <ele>174.3</ele>
      <time>2010-01-01T02:42:33Z</time>
    </trkpt>
    <trkpt lat="31.942694" lon="34.968447">
      <ele>174.7</ele>
      <time>2010-01-01T02:42:34Z</time>
    </trkpt>
    <trkpt lat="31.942726" lon="34.968455">
      <ele>175.1</ele>
      <time>2010-01-01T02:42:36Z</time>
    </trkpt>
    <trkpt lat="31.942752" lon="34.968467">
      <ele>175.5</ele>
      <time>2010-01-01T02:42:37Z</time>
    </trkpt>
    <trkpt lat="31.942783" lon="34.968479">
      <ele>176.0</ele>
      <time>2010-01-01T02:42:38Z</time>
    </trkpt>
    <trkpt lat="31.942806" lon="34.968498">
      <ele>176.4</ele>
      <time>2010-01-01T02:42:39Z</time>
    </trkpt>
    <trkpt lat="31.942831" lon="34.968529">
      <ele>177.0</ele>
      <time>2010-01-01T02:42:41Z</time>
    </trkpt>
    <trkpt lat="31.942866" lon="34.968544">
      <ele>177.6</ele>
      <time>2010-01-01T02:42:42Z</time>
    </trkpt>
    <trkpt lat="31.942896" lon="34.968562">
      <ele>178.1</ele>
      <time>2010-01-01T02:42:44Z</time>
    </trkpt>
    <trkpt lat="31.942925" lon="34.968576">
      <ele>178.5</ele>
      <time>2010-01-01T02:42:45Z</time>
    </trkpt>
    <trkpt lat="31.942976" lon="34.968617">
      <ele>178.9</ele>
      <time>2010-01-01T02:42:47Z</time>
    </trkpt>
    <trkpt lat="31.942999" lon="34.968638">
      <ele>179.0</ele>
      <time>2010-01-01T02:42:48Z</time>
    </trkpt>
    <trkpt lat="31.943022" lon="34.968659">
      <ele>179.2</ele>
      <time>2010-01-01T02:42:50Z</time>
    </trkpt>
    <trkpt lat="31.943056" lon="34.968668">
      <ele>179.2</ele>
      <time>2010-01-01T02:42:51Z</time>
    </trkpt>
    <trkpt lat="31.943097" lon="34.968653">
      <ele>179.1</ele>
      <time>2010-01-01T02:42:53Z</time>
    </trkpt>
    <trkpt lat="31.943152" lon="34.96862">
      <ele>178.8</ele>
      <time>2010-01-01T02:42:55Z</time>
    </trkpt>
    <trkpt lat="31.943212" lon="34.968552">
      <ele>178.4</ele>
      <time>2010-01-01T02:42:59Z</time>
    </trkpt>
    <trkpt lat="31.943262" lon="34.968545">
      <ele>178.4</ele>
      <time>2010-01-01T02:43:01Z</time>
    </trkpt>
    <trkpt lat="31.9433" lon="34.968532">
      <ele>178.3</ele>
      <time>2010-01-01T02:43:02Z</time>
    </trkpt>
    <trkpt lat="31.943351" lon="34.968514">
      <ele>178.2</ele>
      <time>2010-01-01T02:43:04Z</time>
    </trkpt>
    <trkpt lat="31.943407" lon="34.968485">
      <ele>178.1</ele>
      <time>2010-01-01T02:43:07Z</time>
    </trkpt>
    <trkpt lat="31.943469" lon="34.968484">
      <ele>178.2</ele>
      <time>2010-01-01T02:43:09Z</time>
    </trkpt>
    <trkpt lat="31.94354" lon="34.968472">
      <ele>178.2</ele>
      <time>2010-01-01T02:43:12Z</time>
    </trkpt>
    <trkpt lat="31.943617" lon="34.968471">
      <ele>178.2</ele>
      <time>2010-01-01T02:43:15Z</time>
    </trkpt>
    <trkpt lat="31.943677" lon="34.968445">
      <ele>178.2</ele>
      <time>2010-01-01T02:43:18Z</time>
    </trkpt>
    <trkpt lat="31.943742" lon="34.968417">
      <ele>178.2</ele>
      <time>2010-01-01T02:43:21Z</time>
    </trkpt>
    <trkpt lat="31.943805" lon="34.968375">
      <ele>178.0</ele>
      <time>2010-01-01T02:43:23Z</time>
    </trkpt>
    <trkpt lat="31.943861" lon="34.968338">
      <ele>177.8</ele>
      <time>2010-01-01T02:43:26Z</time>
    </trkpt>
    <trkpt lat="31.943902" lon="34.968266">
      <ele>177.6</ele>
      <time>2010-01-01T02:43:29Z</time>
    </trkpt>
    <trkpt lat="31.943925" lon="34.968181">
      <ele>177.4</ele>
      <time>2010-01-01T02:43:32Z</time>
    </trkpt>
    <trkpt lat="31.94396" lon="34.968104">
      <ele>177.1</ele>
      <time>2010-01-01T02:43:35Z</time>
    </trkpt>
    <trkpt lat="31.944003" lon="34.968031">
      <ele>176.9</ele>
      <time>2010-01-01T02:43:38Z</time>
    </trkpt>
    <trkpt lat="31.944038" lon="34.967973">
      <ele>176.8</ele>
      <time>2010-01-01T02:43:40Z</time>
    </trkpt>
    <trkpt lat="31.944077" lon="34.967893">
      <ele>176.5</ele>
      <time>2010-01-01T02:43:44Z</time>
    </trkpt>
    <trkpt lat="31.944117" lon="34.967832">
      <ele>176.2</ele>
      <time>2010-01-01T02:43:46Z</time>
    </trkpt>
    <trkpt lat="31.944166" lon="34.967752">
      <ele>175.8</ele>
      <time>2010-01-01T02:43:49Z</time>
    </trkpt>
    <trkpt lat="31.944209" lon="34.967673">
      <ele>175.5</ele>
      <time>2010-01-01T02:43:53Z</time>
    </trkpt>
    <trkpt lat="31.944252" lon="34.9676">
      <ele>175.2</ele>
      <time>2010-01-01T02:43:56Z</time>
    </trkpt>
    <trkpt lat="31.944295" lon="34.967535">
      <ele>175.0</ele>
      <time>2010-01-01T02:43:58Z</time>
    </trkpt>
    <trkpt lat="31.944331" lon="34.967442">
      <ele>174.6</ele>
      <time>2010-01-01T02:44:02Z</time>
    </trkpt>
    <trkpt lat="31.944368" lon="34.96736">
      <ele>174.4</ele>
      <time>2010-01-01T02:44:05Z</time>
    </trkpt>
    <trkpt lat="31.944399" lon="34.967275">
      <ele>174.2</ele>
      <time>2010-01-01T02:44:08Z</time>
    </trkpt>
    <trkpt lat="31.944446" lon="34.967205">
      <ele>174.0</ele>
      <time>2010-01-01T02:44:11Z</time>
    </trkpt>
    <trkpt lat="31.944493" lon="34.967136">
      <ele>173.9</ele>
      <time>2010-01-01T02:44:14Z</time>
    </trkpt>
    <trkpt lat="31.944512" lon="34.967065">
      <ele>173.7</ele>
      <time>2010-01-01T02:44:17Z</time>
    </trkpt>
    <trkpt lat="31.94452" lon="34.966939">
      <ele>172.7</ele>
      <time>2010-01-01T02:44:21Z</time>
    </trkpt>
    <trkpt lat="31.944534" lon="34.966864">
      <ele>172.1</ele>
      <time>2010-01-01T02:44:24Z</time>
    </trkpt>
    <trkpt lat="31.944556" lon="34.966783">
      <ele>171.4</ele>
      <time>2010-01-01T02:44:27Z</time>
    </trkpt>
    <trkpt lat="31.94458" lon="34.966714">
      <ele>170.9</ele>
      <time>2010-01-01T02:44:29Z</time>
    </trkpt>
    <trkpt lat="31.944595" lon="34.966623">
      <ele>170.1</ele>
      <time>2010-01-01T02:44:32Z</time>
    </trkpt>
    <trkpt lat="31.944604" lon="34.96655">
      <ele>169.4</ele>
      <time>2010-01-01T02:44:35Z</time>
    </trkpt>
    <trkpt lat="31.944639" lon="34.966463">
      <ele>168.6</ele>
      <time>2010-01-01T02:44:38Z</time>
    </trkpt>
    <trkpt lat="31.944671" lon="34.966398">
      <ele>167.9</ele>
      <time>2010-01-01T02:44:41Z</time>
    </trkpt>
    <trkpt lat="31.94471" lon="34.966329">
      <ele>167.3</ele>
      <time>2010-01-01T02:44:43Z</time>
    </trkpt>
    <trkpt lat="31.944749" lon="34.966262">
      <ele>166.7</ele>
      <time>2010-01-01T02:44:46Z</time>
    </trkpt>
    <trkpt lat="31.944775" lon="34.966188">
      <ele>166.2</ele>
      <time>2010-01-01T02:44:49Z</time>
    </trkpt>
    <trkpt lat="31.944809" lon="34.966109">
      <ele>165.8</ele>
      <time>2010-01-01T02:44:52Z</time>
    </trkpt>
    <trkpt lat="31.944844" lon="34.966029">
      <ele>165.4</ele>
      <time>2010-01-01T02:44:55Z</time>
    </trkpt>
    <trkpt lat="31.944879" lon="34.965966">
      <ele>165.1</ele>
      <time>2010-01-01T02:44:58Z</time>
    </trkpt>
    <trkpt lat="31.944902" lon="34.965882">
      <ele>164.7</ele>
      <time>2010-01-01T02:45:01Z</time>
    </trkpt>
    <trkpt lat="31.944954" lon="34.965838">
      <ele>164.5</ele>
      <time>2010-01-01T02:45:03Z</time>
    </trkpt>
    <trkpt lat="31.944963" lon="34.965755">
      <ele>164.2</ele>
      <time>2010-01-01T02:45:06Z</time>
    </trkpt>
    <trkpt lat="31.944993" lon="34.965683">
      <ele>164.0</ele>
      <time>2010-01-01T02:45:09Z</time>
    </trkpt>
    <trkpt lat="31.945042" lon="34.965612">
      <ele>163.8</ele>
      <time>2010-01-01T02:45:12Z</time>
    </trkpt>
    <trkpt lat="31.945058" lon="34.965526">
      <ele>163.5</ele>
      <time>2010-01-01T02:45:15Z</time>
    </trkpt>
    <trkpt lat="31.945081" lon="34.965468">
      <ele>163.4</ele>
      <time>2010-01-01T02:45:17Z</time>
    </trkpt>
    <trkpt lat="31.945102" lon="34.965392">
      <ele>163.3</ele>
      <time>2010-01-01T02:45:20Z</time>
    </trkpt>
    <trkpt lat="31.945136" lon="34.965325">
      <ele>163.7</ele>
      <time>2010-01-01T02:45:22Z</time>
    </trkpt>
    <trkpt lat="31.945163" lon="34.965266">
      <ele>164.0</ele>
      <time>2010-01-01T02:45:25Z</time>
    </trkpt>
    <trkpt lat="31.945213" lon="34.96524">
      <ele>164.4</ele>
      <time>2010-01-01T02:45:27Z</time>
    </trkpt>
    <trkpt lat="31.945251" lon="34.965237">
      <ele>164.6</ele>
      <time>2010-01-01T02:45:28Z</time>
    </trkpt>
    <trkpt lat="31.945284" lon="34.965244">
      <ele>164.7</ele>
      <time>2010-01-01T02:45:30Z</time>
    </trkpt>
    <trkpt lat="31.945312" lon="34.965289">
      <ele>164.5</ele>
      <time>2010-01-01T02:45:32Z</time>
    </trkpt>
    <trkpt lat="31.945344" lon="34.965325">
      <ele>164.4</ele>
      <time>2010-01-01T02:45:33Z</time>
    </trkpt>
    <trkpt lat="31.945376" lon="34.965358">
      <ele>164.3</ele>
      <time>2010-01-01T02:45:35Z</time>
    </trkpt>
    <trkpt lat="31.945409" lon="34.965365">
      <ele>164.3</ele>
      <time>2010-01-01T02:45:36Z</time>
    </trkpt>
    <trkpt lat="31.945439" lon="34.96538">
      <ele>164.5</ele>
      <time>2010-01-01T02:45:38Z</time>
    </trkpt>
    <trkpt lat="31.94547" lon="34.965404">
      <ele>164.7</ele>
      <time>2010-01-01T02:45:39Z</time>
    </trkpt>
    <trkpt lat="31.945504" lon="34.965418">
      <ele>164.9</ele>
      <time>2010-01-01T02:45:41Z</time>
    </trkpt>
    <trkpt lat="31.945535" lon="34.965451">
      <ele>165.3</ele>
      <time>2010-01-01T02:45:42Z</time>
    </trkpt>
    <trkpt lat="31.94557" lon="34.965462">
      <ele>165.6</ele>
      <time>2010-01-01T02:45:44Z</time>
    </trkpt>
    <trkpt lat="31.945602" lon="34.965476">
      <ele>165.9</ele>
      <time>2010-01-01T02:45:45Z</time>
    </trkpt>
    <trkpt lat="31.945634" lon="34.965482">
      <ele>166.3</ele>
      <time>2010-01-01T02:45:46Z</time>
    </trkpt>
    <trkpt lat="31.945687" lon="34.965503">
      <ele>166.8</ele>
      <time>2010-01-01T02:45:49Z</time>
    </trkpt>
    <trkpt lat="31.945727" lon="34.965517">
      <ele>167.1</ele>
      <time>2010-01-01T02:45:50Z</time>
    </trkpt>
    <trkpt lat="31.945768" lon="34.965536">
      <ele>167.5</ele>
      <time>2010-01-01T02:45:52Z</time>
    </trkpt>
    <trkpt lat="31.945808" lon="34.965539">
      <ele>167.8</ele>
      <time>2010-01-01T02:45:54Z</time>
    </trkpt>
    <trkpt lat="31.945845" lon="34.965538">
      <ele>168.2</ele>
      <time>2010-01-01T02:45:55Z</time>
    </trkpt>
    <trkpt lat="31.945883" lon="34.96552">
      <ele>168.6</ele>
      <time>2010-01-01T02:45:57Z</time>
    </trkpt>
    <trkpt lat="31.945944" lon="34.965498">
      <ele>169.3</ele>
      <time>2010-01-01T02:45:59Z</time>
    </trkpt>
    <trkpt lat="31.945974" lon="34.965482">
      <ele>169.7</ele>
      <time>2010-01-01T02:46:01Z</time>
    </trkpt>
    <trkpt lat="31.945998" lon="34.965454">
      <ele>170.1</ele>
      <time>2010-01-01T02:46:02Z</time>
    </trkpt>
    <trkpt lat="31.946024" lon="34.965431">
      <ele>170.5</ele>
      <time>2010-01-01T02:46:03Z</time>
    </trkpt>
    <trkpt lat="31.946052" lon="34.965406">
      <ele>170.9</ele>
      <time>2010-01-01T02:46:05Z</time>
    </trkpt>
    <trkpt lat="31.946054" lon="34.965367">
      <ele>171.2</ele>
      <time>2010-01-01T02:46:06Z</time>
    </trkpt>
    <trkpt lat="31.946063" lon="34.965312">
      <ele>171.7</ele>
      <time>2010-01-01T02:46:08Z</time>
    </trkpt>
    <trkpt lat="31.946081" lon="34.965265">
      <ele>172.3</ele>
      <time>2010-01-01T02:46:10Z</time>
    </trkpt>
    <trkpt lat="31.946092" lon="34.965216">
      <ele>172.7</ele>
      <time>2010-01-01T02:46:11Z</time>
    </trkpt>
    <trkpt lat="31.946106" lon="34.965171">
      <ele>173.2</ele>
      <time>2010-01-01T02:46:13Z</time>
    </trkpt>
    <trkpt lat="31.946113" lon="34.965114">
      <ele>173.7</ele>
      <time>2010-01-01T02:46:15Z</time>
    </trkpt>
    <trkpt lat="31.946112" lon="34.965051">
      <ele>174.1</ele>
      <time>2010-01-01T02:46:17Z</time>
    </trkpt>
    <trkpt lat="31.946116" lon="34.964997">
      <ele>174.6</ele>
      <time>2010-01-01T02:46:19Z</time>
    </trkpt>
    <trkpt lat="31.946118" lon="34.964952">
      <ele>174.9</ele>
      <time>2010-01-01T02:46:20Z</time>
    </trkpt>
    <trkpt lat="31.946118" lon="34.964898">
      <ele>175.3</ele>
      <time>2010-01-01T02:46:22Z</time>
    </trkpt>
    <trkpt lat="31.946109" lon="34.964847">
      <ele>175.6</ele>
      <time>2010-01-01T02:46:24Z</time>
    </trkpt>
    <trkpt lat="31.946104" lon="34.964804">
      <ele>175.8</ele>
      <time>2010-01-01T02:46:26Z</time>
    </trkpt>
    <trkpt lat="31.946106" lon="34.964745">
      <ele>176.3</ele>
      <time>2010-01-01T02:46:28Z</time>
    </trkpt>
    <trkpt lat="31.946101" lon="34.964688">
      <ele>176.6</ele>
      <time>2010-01-01T02:46:30Z</time>
    </trkpt>
    <trkpt lat="31.946099" lon="34.964643">
      <ele>176.9</ele>
      <time>2010-01-01T02:46:31Z</time>
    </trkpt>
    <trkpt lat="31.946096" lon="34.964596">
      <ele>177.2</ele>
      <time>2010-01-01T02:46:33Z</time>
    </trkpt>
    <trkpt lat="31.946095" lon="34.964544">
      <ele>177.3</ele>
      <time>2010-01-01T02:46:34Z</time>
    </trkpt>
    <trkpt lat="31.946096" lon="34.964504">
      <ele>177.2</ele>
      <time>2010-01-01T02:46:36Z</time>
    </trkpt>
    <trkpt lat="31.946098" lon="34.964463">
      <ele>177.2</ele>
      <time>2010-01-01T02:46:37Z</time>
    </trkpt>
    <trkpt lat="31.946098" lon="34.964417">
      <ele>177.1</ele>
      <time>2010-01-01T02:46:39Z</time>
    </trkpt>
    <trkpt lat="31.946103" lon="34.964359">
      <ele>177.0</ele>
      <time>2010-01-01T02:46:41Z</time>
    </trkpt>
    <trkpt lat="31.946107" lon="34.964306">
      <ele>177.0</ele>
      <time>2010-01-01T02:46:43Z</time>
    </trkpt>
    <trkpt lat="31.946109" lon="34.964263">
      <ele>177.0</ele>
      <time>2010-01-01T02:46:44Z</time>
    </trkpt>
    <trkpt lat="31.946103" lon="34.964226">
      <ele>176.8</ele>
      <time>2010-01-01T02:46:45Z</time>
    </trkpt>
    <trkpt lat="31.946105" lon="34.96418">
      <ele>176.8</ele>
      <time>2010-01-01T02:46:47Z</time>
    </trkpt>
    <trkpt lat="31.946109" lon="34.96413">
      <ele>176.7</ele>
      <time>2010-01-01T02:46:49Z</time>
    </trkpt>
    <trkpt lat="31.946117" lon="34.964093">
      <ele>176.8</ele>
      <time>2010-01-01T02:46:50Z</time>
    </trkpt>
    <trkpt lat="31.946121" lon="34.964053">
      <ele>176.8</ele>
      <time>2010-01-01T02:46:51Z</time>
    </trkpt>
    <trkpt lat="31.946127" lon="34.963999">
      <ele>176.8</ele>
      <time>2010-01-01T02:46:53Z</time>
    </trkpt>
    <trkpt lat="31.946126" lon="34.963966">
      <ele>176.7</ele>
      <time>2010-01-01T02:46:54Z</time>
    </trkpt>
    <trkpt lat="31.946121" lon="34.963933">
      <ele>176.6</ele>
      <time>2010-01-01T02:46:55Z</time>
    </trkpt>
    <trkpt lat="31.946126" lon="34.963898">
      <ele>176.6</ele>
      <time>2010-01-01T02:46:57Z</time>
    </trkpt>
    <trkpt lat="31.946126" lon="34.963859">
      <ele>176.5</ele>
      <time>2010-01-01T02:46:58Z</time>
    </trkpt>
    <trkpt lat="31.946119" lon="34.963818">
      <ele>176.4</ele>
      <time>2010-01-01T02:46:59Z</time>
    </trkpt>
    <trkpt lat="31.946116" lon="34.963765">
      <ele>176.3</ele>
      <time>2010-01-01T02:47:01Z</time>
    </trkpt>
    <trkpt lat="31.94611" lon="34.963704">
      <ele>176.2</ele>
      <time>2010-01-01T02:47:03Z</time>
    </trkpt>
    <trkpt lat="31.946111" lon="34.963659">
      <ele>176.2</ele>
      <time>2010-01-01T02:47:05Z</time>
    </trkpt>
    <trkpt lat="31.94612" lon="34.963624">
      <ele>176.4</ele>
      <time>2010-01-01T02:47:06Z</time>
    </trkpt>
    <trkpt lat="31.946124" lon="34.96358">
      <ele>176.5</ele>
      <time>2010-01-01T02:47:07Z</time>
    </trkpt>
    <trkpt lat="31.946122" lon="34.963543">
      <ele>176.5</ele>
      <time>2010-01-01T02:47:09Z</time>
    </trkpt>
    <trkpt lat="31.946116" lon="34.963498">
      <ele>176.4</ele>
      <time>2010-01-01T02:47:10Z</time>
    </trkpt>
    <trkpt lat="31.94612" lon="34.963456">
      <ele>176.5</ele>
      <time>2010-01-01T02:47:12Z</time>
    </trkpt>
    <trkpt lat="31.946129" lon="34.963418">
      <ele>176.7</ele>
      <time>2010-01-01T02:47:13Z</time>
    </trkpt>
    <trkpt lat="31.946134" lon="34.963382">
      <ele>176.8</ele>
      <time>2010-01-01T02:47:14Z</time>
    </trkpt>
    <trkpt lat="31.94614" lon="34.96334">
      <ele>176.9</ele>
      <time>2010-01-01T02:47:16Z</time>
    </trkpt>
    <trkpt lat="31.946139" lon="34.963304">
      <ele>176.9</ele>
      <time>2010-01-01T02:47:17Z</time>
    </trkpt>
    <trkpt lat="31.946147" lon="34.96327">
      <ele>177.1</ele>
      <time>2010-01-01T02:47:18Z</time>
    </trkpt>
    <trkpt lat="31.946152" lon="34.963223">
      <ele>177.2</ele>
      <time>2010-01-01T02:47:20Z</time>
    </trkpt>
    <trkpt lat="31.946156" lon="34.963176">
      <ele>177.3</ele>
      <time>2010-01-01T02:47:21Z</time>
    </trkpt>
    <trkpt lat="31.946154" lon="34.963134">
      <ele>177.3</ele>
      <time>2010-01-01T02:47:23Z</time>
    </trkpt>
    <trkpt lat="31.946147" lon="34.963093">
      <ele>177.2</ele>
      <time>2010-01-01T02:47:24Z</time>
    </trkpt>
    <trkpt lat="31.946142" lon="34.963056">
      <ele>177.2</ele>
      <time>2010-01-01T02:47:25Z</time>
    </trkpt>
    <trkpt lat="31.946141" lon="34.96302">
      <ele>177.2</ele>
      <time>2010-01-01T02:47:27Z</time>
    </trkpt>
    <trkpt lat="31.946143" lon="34.962973">
      <ele>177.3</ele>
      <time>2010-01-01T02:47:28Z</time>
    </trkpt>
    <trkpt lat="31.946141" lon="34.962932">
      <ele>177.3</ele>
      <time>2010-01-01T02:47:30Z</time>
    </trkpt>
    <trkpt lat="31.946142" lon="34.962887">
      <ele>177.1</ele>
      <time>2010-01-01T02:47:31Z</time>
    </trkpt>
    <trkpt lat="31.946143" lon="34.962846">
      <ele>176.9</ele>
      <time>2010-01-01T02:47:33Z</time>
    </trkpt>
    <trkpt lat="31.946142" lon="34.962804">
      <ele>176.7</ele>
      <time>2010-01-01T02:47:34Z</time>
    </trkpt>
    <trkpt lat="31.946142" lon="34.962757">
      <ele>176.4</ele>
      <time>2010-01-01T02:47:36Z</time>
    </trkpt>
    <trkpt lat="31.946141" lon="34.96271">
      <ele>176.1</ele>
      <time>2010-01-01T02:47:37Z</time>
    </trkpt>
    <trkpt lat="31.946139" lon="34.962664">
      <ele>175.8</ele>
      <time>2010-01-01T02:47:39Z</time>
    </trkpt>
    <trkpt lat="31.946133" lon="34.962633">
      <ele>175.5</ele>
      <time>2010-01-01T02:47:40Z</time>
    </trkpt>
    <trkpt lat="31.946134" lon="34.962583">
      <ele>175.2</ele>
      <time>2010-01-01T02:47:42Z</time>
    </trkpt>
    <trkpt lat="31.94613" lon="34.962538">
      <ele>174.9</ele>
      <time>2010-01-01T02:47:43Z</time>
    </trkpt>
    <trkpt lat="31.946127" lon="34.962499">
      <ele>174.6</ele>
      <time>2010-01-01T02:47:44Z</time>
    </trkpt>
    <trkpt lat="31.946131" lon="34.962456">
      <ele>174.5</ele>
      <time>2010-01-01T02:47:46Z</time>
    </trkpt>
    <trkpt lat="31.946133" lon="34.962423">
      <ele>174.3</ele>
      <time>2010-01-01T02:47:47Z</time>
    </trkpt>
    <trkpt lat="31.94613" lon="34.962386">
      <ele>174.0</ele>
      <time>2010-01-01T02:47:48Z</time>
    </trkpt>
    <trkpt lat="31.946122" lon="34.962343">
      <ele>173.7</ele>
      <time>2010-01-01T02:47:50Z</time>
    </trkpt>
    <trkpt lat="31.946115" lon="34.962299">
      <ele>173.3</ele>
      <time>2010-01-01T02:47:51Z</time>
    </trkpt>
    <trkpt lat="31.946112" lon="34.962251">
      <ele>173.0</ele>
      <time>2010-01-01T02:47:53Z</time>
    </trkpt>
    <trkpt lat="31.946098" lon="34.96221">
      <ele>172.5</ele>
      <time>2010-01-01T02:47:54Z</time>
    </trkpt>
    <trkpt lat="31.946085" lon="34.962164">
      <ele>172.1</ele>
      <time>2010-01-01T02:47:56Z</time>
    </trkpt>
    <trkpt lat="31.946066" lon="34.962112">
      <ele>171.5</ele>
      <time>2010-01-01T02:47:58Z</time>
    </trkpt>
    <trkpt lat="31.946046" lon="34.962063">
      <ele>170.8</ele>
      <time>2010-01-01T02:48:00Z</time>
    </trkpt>
    <trkpt lat="31.946029" lon="34.962012">
      <ele>170.0</ele>
      <time>2010-01-01T02:48:02Z</time>
    </trkpt>
    <trkpt lat="31.946009" lon="34.961958">
      <ele>169.1</ele>
      <time>2010-01-01T02:48:04Z</time>
    </trkpt>
    <trkpt lat="31.945989" lon="34.961904">
      <ele>168.3</ele>
      <time>2010-01-01T02:48:06Z</time>
    </trkpt>
    <trkpt lat="31.945968" lon="34.961852">
      <ele>167.4</ele>
      <time>2010-01-01T02:48:08Z</time>
    </trkpt>
    <trkpt lat="31.945956" lon="34.961782">
      <ele>166.6</ele>
      <time>2010-01-01T02:48:10Z</time>
    </trkpt>
    <trkpt lat="31.945936" lon="34.961725">
      <ele>165.7</ele>
      <time>2010-01-01T02:48:12Z</time>
    </trkpt>
    <trkpt lat="31.945915" lon="34.961674">
      <ele>165.0</ele>
      <time>2010-01-01T02:48:14Z</time>
    </trkpt>
    <trkpt lat="31.945886" lon="34.961615">
      <ele>164.0</ele>
      <time>2010-01-01T02:48:16Z</time>
    </trkpt>
    <trkpt lat="31.945855" lon="34.961569">
      <ele>163.3</ele>
      <time>2010-01-01T02:48:18Z</time>
    </trkpt>
    <trkpt lat="31.945817" lon="34.961525">
      <ele>162.5</ele>
      <time>2010-01-01T02:48:21Z</time>
    </trkpt>
    <trkpt lat="31.945769" lon="34.961494">
      <ele>161.7</ele>
      <time>2010-01-01T02:48:23Z</time>
    </trkpt>
    <trkpt lat="31.945728" lon="34.961448">
      <ele>161.0</ele>
      <time>2010-01-01T02:48:25Z</time>
    </trkpt>
    <trkpt lat="31.945691" lon="34.961395">
      <ele>160.2</ele>
      <time>2010-01-01T02:48:27Z</time>
    </trkpt>
    <trkpt lat="31.945652" lon="34.961334">
      <ele>159.4</ele>
      <time>2010-01-01T02:48:30Z</time>
    </trkpt>
    <trkpt lat="31.945618" lon="34.961261">
      <ele>158.5</ele>
      <time>2010-01-01T02:48:33Z</time>
    </trkpt>
    <trkpt lat="31.945584" lon="34.961192">
      <ele>157.3</ele>
      <time>2010-01-01T02:48:35Z</time>
    </trkpt>
    <trkpt lat="31.945546" lon="34.961124">
      <ele>156.1</ele>
      <time>2010-01-01T02:48:38Z</time>
    </trkpt>
    <trkpt lat="31.945515" lon="34.961064">
      <ele>155.0</ele>
      <time>2010-01-01T02:48:41Z</time>
    </trkpt>
    <trkpt lat="31.945477" lon="34.960999">
      <ele>153.8</ele>
      <time>2010-01-01T02:48:43Z</time>
    </trkpt>
    <trkpt lat="31.945439" lon="34.960933">
      <ele>152.6</ele>
      <time>2010-01-01T02:48:46Z</time>
    </trkpt>
    <trkpt lat="31.945401" lon="34.96086">
      <ele>151.1</ele>
      <time>2010-01-01T02:48:49Z</time>
    </trkpt>
    <trkpt lat="31.945362" lon="34.960774">
      <ele>149.3</ele>
      <time>2010-01-01T02:48:52Z</time>
    </trkpt>
    <trkpt lat="31.945313" lon="34.960685">
      <ele>147.4</ele>
      <time>2010-01-01T02:48:56Z</time>
    </trkpt>
    <trkpt lat="31.945254" lon="34.960597">
      <ele>145.4</ele>
      <time>2010-01-01T02:49:00Z</time>
    </trkpt>
    <trkpt lat="31.945205" lon="34.960507">
      <ele>143.6</ele>
      <time>2010-01-01T02:49:03Z</time>
    </trkpt>
    <trkpt lat="31.945165" lon="34.960429">
      <ele>142.1</ele>
      <time>2010-01-01T02:49:06Z</time>
    </trkpt>
    <trkpt lat="31.945128" lon="34.960343">
      <ele>141.5</ele>
      <time>2010-01-01T02:49:10Z</time>
    </trkpt>
    <trkpt lat="31.945089" lon="34.960254">
      <ele>140.9</ele>
      <time>2010-01-01T02:49:13Z</time>
    </trkpt>
    <trkpt lat="31.945052" lon="34.960168">
      <ele>140.4</ele>
      <time>2010-01-01T02:49:16Z</time>
    </trkpt>
    <trkpt lat="31.945023" lon="34.960077">
      <ele>140.0</ele>
      <time>2010-01-01T02:49:20Z</time>
    </trkpt>
    <trkpt lat="31.94499" lon="34.959997">
      <ele>139.6</ele>
      <time>2010-01-01T02:49:23Z</time>
    </trkpt>
    <trkpt lat="31.944946" lon="34.959923">
      <ele>139.2</ele>
      <time>2010-01-01T02:49:26Z</time>
    </trkpt>
    <trkpt lat="31.944912" lon="34.959849">
      <ele>138.8</ele>
      <time>2010-01-01T02:49:29Z</time>
    </trkpt>
    <trkpt lat="31.944882" lon="34.959775">
      <ele>138.5</ele>
      <time>2010-01-01T02:49:31Z</time>
    </trkpt>
    <trkpt lat="31.944857" lon="34.959704">
      <ele>138.3</ele>
      <time>2010-01-01T02:49:34Z</time>
    </trkpt>
    <trkpt lat="31.944833" lon="34.959623">
      <ele>138.1</ele>
      <time>2010-01-01T02:49:37Z</time>
    </trkpt>
    <trkpt lat="31.944815" lon="34.95954">
      <ele>138.1</ele>
      <time>2010-01-01T02:49:40Z</time>
    </trkpt>
    <trkpt lat="31.944791" lon="34.959465">
      <ele>138.2</ele>
      <time>2010-01-01T02:49:43Z</time>
    </trkpt>
    <trkpt lat="31.944761" lon="34.959392">
      <ele>138.2</ele>
      <time>2010-01-01T02:49:45Z</time>
    </trkpt>
    <trkpt lat="31.944744" lon="34.959317">
      <ele>138.4</ele>
      <time>2010-01-01T02:49:48Z</time>
    </trkpt>
    <trkpt lat="31.944693" lon="34.959363">
      <ele>137.7</ele>
      <time>2010-01-01T02:49:50Z</time>
    </trkpt>
    <trkpt lat="31.944655" lon="34.959353">
      <ele>137.5</ele>
      <time>2010-01-01T02:49:52Z</time>
    </trkpt>
    <trkpt lat="31.944612" lon="34.959362">
      <ele>137.0</ele>
      <time>2010-01-01T02:49:54Z</time>
    </trkpt>
    <trkpt lat="31.944578" lon="34.959355">
      <ele>136.8</ele>
      <time>2010-01-01T02:49:55Z</time>
    </trkpt>
    <trkpt lat="31.944554" lon="34.959339">
      <ele>136.7</ele>
      <time>2010-01-01T02:49:56Z</time>
    </trkpt>
    <trkpt lat="31.944526" lon="34.959313">
      <ele>136.6</ele>
      <time>2010-01-01T02:49:58Z</time>
    </trkpt>
    <trkpt lat="31.944504" lon="34.959283">
      <ele>136.5</ele>
      <time>2010-01-01T02:49:59Z</time>
    </trkpt>
    <trkpt lat="31.944472" lon="34.959256">
      <ele>136.3</ele>
      <time>2010-01-01T02:50:01Z</time>
    </trkpt>
    <trkpt lat="31.944455" lon="34.959214">
      <ele>136.3</ele>
      <time>2010-01-01T02:50:02Z</time>
    </trkpt>
    <trkpt lat="31.944432" lon="34.95917">
      <ele>136.2</ele>
      <time>2010-01-01T02:50:04Z</time>
    </trkpt>
    <trkpt lat="31.944419" lon="34.959122">
      <ele>136.2</ele>
      <time>2010-01-01T02:50:06Z</time>
    </trkpt>
    <trkpt lat="31.944407" lon="34.959069">
      <ele>136.2</ele>
      <time>2010-01-01T02:50:08Z</time>
    </trkpt>
    <trkpt lat="31.944393" lon="34.959022">
      <ele>136.2</ele>
      <time>2010-01-01T02:50:09Z</time>
    </trkpt>
    <trkpt lat="31.944385" lon="34.958979">
      <ele>136.2</ele>
      <time>2010-01-01T02:50:11Z</time>
    </trkpt>
    <trkpt lat="31.944367" lon="34.958942">
      <ele>136.1</ele>
      <time>2010-01-01T02:50:12Z</time>
    </trkpt>
    <trkpt lat="31.944338" lon="34.958914">
      <ele>135.8</ele>
      <time>2010-01-01T02:50:14Z</time>
    </trkpt>
    <trkpt lat="31.944307" lon="34.958864">
      <ele>135.5</ele>
      <time>2010-01-01T02:50:16Z</time>
    </trkpt>
    <trkpt lat="31.944283" lon="34.958818">
      <ele>135.3</ele>
      <time>2010-01-01T02:50:18Z</time>
    </trkpt>
    <trkpt lat="31.944259" lon="34.95877">
      <ele>135.1</ele>
      <time>2010-01-01T02:50:20Z</time>
    </trkpt>
    <trkpt lat="31.944234" lon="34.958734">
      <ele>134.8</ele>
      <time>2010-01-01T02:50:21Z</time>
    </trkpt>
    <trkpt lat="31.944211" lon="34.958693">
      <ele>134.4</ele>
      <time>2010-01-01T02:50:23Z</time>
    </trkpt>
    <trkpt lat="31.94418" lon="34.958649">
      <ele>134.0</ele>
      <time>2010-01-01T02:50:25Z</time>
    </trkpt>
    <trkpt lat="31.944149" lon="34.958602">
      <ele>133.5</ele>
      <time>2010-01-01T02:50:27Z</time>
    </trkpt>
    <trkpt lat="31.944131" lon="34.958548">
      <ele>133.2</ele>
      <time>2010-01-01T02:50:29Z</time>
    </trkpt>
    <trkpt lat="31.944111" lon="34.958498">
      <ele>132.9</ele>
      <time>2010-01-01T02:50:31Z</time>
    </trkpt>
    <trkpt lat="31.944088" lon="34.958436">
      <ele>132.5</ele>
      <time>2010-01-01T02:50:33Z</time>
    </trkpt>
    <trkpt lat="31.944079" lon="34.958384">
      <ele>132.2</ele>
      <time>2010-01-01T02:50:35Z</time>
    </trkpt>
    <trkpt lat="31.944055" lon="34.958322">
      <ele>131.8</ele>
      <time>2010-01-01T02:50:37Z</time>
    </trkpt>
    <trkpt lat="31.944028" lon="34.958265">
      <ele>131.4</ele>
      <time>2010-01-01T02:50:39Z</time>
    </trkpt>
    <trkpt lat="31.944016" lon="34.958214">
      <ele>131.1</ele>
      <time>2010-01-01T02:50:41Z</time>
    </trkpt>
    <trkpt lat="31.944014" lon="34.958177">
      <ele>131.0</ele>
      <time>2010-01-01T02:50:42Z</time>
    </trkpt>
    <trkpt lat="31.944021" lon="34.958141">
      <ele>131.0</ele>
      <time>2010-01-01T02:50:44Z</time>
    </trkpt>
    <trkpt lat="31.944031" lon="34.958105">
      <ele>131.1</ele>
      <time>2010-01-01T02:50:45Z</time>
    </trkpt>
    <trkpt lat="31.944033" lon="34.958061">
      <ele>131.0</ele>
      <time>2010-01-01T02:50:46Z</time>
    </trkpt>
    <trkpt lat="31.944038" lon="34.958018">
      <ele>131.0</ele>
      <time>2010-01-01T02:50:48Z</time>
    </trkpt>
    <trkpt lat="31.944034" lon="34.957979">
      <ele>130.9</ele>
      <time>2010-01-01T02:50:49Z</time>
    </trkpt>
    <trkpt lat="31.944037" lon="34.957947">
      <ele>130.8</ele>
      <time>2010-01-01T02:50:50Z</time>
    </trkpt>
    <trkpt lat="31.944048" lon="34.957911">
      <ele>130.9</ele>
      <time>2010-01-01T02:50:51Z</time>
    </trkpt>
    <trkpt lat="31.944058" lon="34.957881">
      <ele>130.9</ele>
      <time>2010-01-01T02:50:53Z</time>
    </trkpt>
    <trkpt lat="31.944079" lon="34.957813">
      <ele>130.8</ele>
      <time>2010-01-01T02:50:55Z</time>
    </trkpt>
    <trkpt lat="31.944087" lon="34.957757">
      <ele>130.6</ele>
      <time>2010-01-01T02:50:57Z</time>
    </trkpt>
    <trkpt lat="31.944109" lon="34.957722">
      <ele>130.7</ele>
      <time>2010-01-01T02:50:58Z</time>
    </trkpt>
    <trkpt lat="31.944143" lon="34.957696">
      <ele>131.0</ele>
      <time>2010-01-01T02:51:00Z</time>
    </trkpt>
    <trkpt lat="31.944179" lon="34.957684">
      <ele>131.4</ele>
      <time>2010-01-01T02:51:02Z</time>
    </trkpt>
    <trkpt lat="31.944205" lon="34.957677">
      <ele>131.7</ele>
      <time>2010-01-01T02:51:03Z</time>
    </trkpt>
    <trkpt lat="31.944227" lon="34.957633">
      <ele>131.7</ele>
      <time>2010-01-01T02:51:04Z</time>
    </trkpt>
    <trkpt lat="31.944266" lon="34.957637">
      <ele>132.2</ele>
      <time>2010-01-01T02:51:06Z</time>
    </trkpt>
    <trkpt lat="31.944296" lon="34.957626">
      <ele>132.5</ele>
      <time>2010-01-01T02:51:07Z</time>
    </trkpt>
    <trkpt lat="31.944308" lon="34.957668">
      <ele>132.9</ele>
      <time>2010-01-01T02:51:09Z</time>
    </trkpt>
    <trkpt lat="31.944303" lon="34.957732">
      <ele>133.2</ele>
      <time>2010-01-01T02:51:11Z</time>
    </trkpt>
    <trkpt lat="31.944291" lon="34.957792">
      <ele>133.4</ele>
      <time>2010-01-01T02:51:13Z</time>
    </trkpt>
    <trkpt lat="31.944286" lon="34.957832">
      <ele>133.6</ele>
      <time>2010-01-01T02:51:14Z</time>
    </trkpt>
    <trkpt lat="31.94427" lon="34.957901">
      <ele>133.8</ele>
      <time>2010-01-01T02:51:17Z</time>
    </trkpt>
    <trkpt lat="31.944262" lon="34.957974">
      <ele>133.9</ele>
      <time>2010-01-01T02:51:19Z</time>
    </trkpt>
    <trkpt lat="31.944265" lon="34.958023">
      <ele>134.0</ele>
      <time>2010-01-01T02:51:21Z</time>
    </trkpt>
    <trkpt lat="31.944265" lon="34.958056">
      <ele>134.0</ele>
      <time>2010-01-01T02:51:22Z</time>
    </trkpt>
    <trkpt lat="31.944284" lon="34.958107">
      <ele>134.4</ele>
      <time>2010-01-01T02:51:24Z</time>
    </trkpt>
    <trkpt lat="31.944301" lon="34.958149">
      <ele>134.6</ele>
      <time>2010-01-01T02:51:26Z</time>
    </trkpt>
    <trkpt lat="31.944322" lon="34.958173">
      <ele>135.0</ele>
      <time>2010-01-01T02:51:27Z</time>
    </trkpt>
    <trkpt lat="31.944359" lon="34.958172">
      <ele>135.4</ele>
      <time>2010-01-01T02:51:28Z</time>
    </trkpt>
    <trkpt lat="31.944383" lon="34.958189">
      <ele>135.8</ele>
      <time>2010-01-01T02:51:29Z</time>
    </trkpt>
    <trkpt lat="31.944407" lon="34.958218">
      <ele>136.1</ele>
      <time>2010-01-01T02:51:31Z</time>
    </trkpt>
    <trkpt lat="31.944436" lon="34.958228">
      <ele>136.5</ele>
      <time>2010-01-01T02:51:32Z</time>
    </trkpt>
    <trkpt lat="31.944464" lon="34.958236">
      <ele>136.9</ele>
      <time>2010-01-01T02:51:33Z</time>
    </trkpt>
    <trkpt lat="31.944487" lon="34.958263">
      <ele>137.2</ele>
      <time>2010-01-01T02:51:34Z</time>
    </trkpt>
    <trkpt lat="31.944518" lon="34.958289">
      <ele>137.6</ele>
      <time>2010-01-01T02:51:36Z</time>
    </trkpt>
    <trkpt lat="31.944545" lon="34.958299">
      <ele>138.0</ele>
      <time>2010-01-01T02:51:37Z</time>
    </trkpt>
    <trkpt lat="31.944568" lon="34.95834">
      <ele>138.3</ele>
      <time>2010-01-01T02:51:39Z</time>
    </trkpt>
    <trkpt lat="31.944601" lon="34.958336">
      <ele>138.7</ele>
      <time>2010-01-01T02:51:40Z</time>
    </trkpt>
    <trkpt lat="31.944633" lon="34.958351">
      <ele>139.0</ele>
      <time>2010-01-01T02:51:41Z</time>
    </trkpt>
    <trkpt lat="31.944664" lon="34.958355">
      <ele>139.3</ele>
      <time>2010-01-01T02:51:43Z</time>
    </trkpt>
    <trkpt lat="31.944701" lon="34.95835">
      <ele>139.6</ele>
      <time>2010-01-01T02:51:44Z</time>
    </trkpt>
    <trkpt lat="31.944737" lon="34.958339">
      <ele>140.0</ele>
      <time>2010-01-01T02:51:46Z</time>
    </trkpt>
    <trkpt lat="31.944773" lon="34.958337">
      <ele>140.3</ele>
      <time>2010-01-01T02:51:47Z</time>
    </trkpt>
    <trkpt lat="31.944795" lon="34.958317">
      <ele>140.5</ele>
      <time>2010-01-01T02:51:48Z</time>
    </trkpt>
    <trkpt lat="31.94483" lon="34.958306">
      <ele>140.8</ele>
      <time>2010-01-01T02:51:50Z</time>
    </trkpt>
    <trkpt lat="31.944858" lon="34.958292">
      <ele>141.1</ele>
      <time>2010-01-01T02:51:51Z</time>
    </trkpt>
    <trkpt lat="31.944872" lon="34.958246">
      <ele>141.2</ele>
      <time>2010-01-01T02:51:53Z</time>
    </trkpt>
    <trkpt lat="31.94491" lon="34.95819">
      <ele>141.5</ele>
      <time>2010-01-01T02:51:55Z</time>
    </trkpt>
    <trkpt lat="31.944919" lon="34.958157">
      <ele>141.5</ele>
      <time>2010-01-01T02:51:56Z</time>
    </trkpt>
    <trkpt lat="31.944929" lon="34.958123">
      <ele>141.6</ele>
      <time>2010-01-01T02:51:57Z</time>
    </trkpt>
    <trkpt lat="31.944938" lon="34.95809">
      <ele>141.6</ele>
      <time>2010-01-01T02:51:59Z</time>
    </trkpt>
    <trkpt lat="31.944945" lon="34.958041">
      <ele>141.6</ele>
      <time>2010-01-01T02:52:00Z</time>
    </trkpt>
    <trkpt lat="31.944928" lon="34.957988">
      <ele>141.4</ele>
      <time>2010-01-01T02:52:02Z</time>
    </trkpt>
    <trkpt lat="31.944917" lon="34.957927">
      <ele>141.2</ele>
      <time>2010-01-01T02:52:04Z</time>
    </trkpt>
    <trkpt lat="31.944915" lon="34.957869">
      <ele>140.9</ele>
      <time>2010-01-01T02:52:06Z</time>
    </trkpt>
    <trkpt lat="31.944914" lon="34.957807">
      <ele>140.4</ele>
      <time>2010-01-01T02:52:08Z</time>
    </trkpt>
    <trkpt lat="31.944911" lon="34.957751">
      <ele>140.0</ele>
      <time>2010-01-01T02:52:10Z</time>
    </trkpt>
    <trkpt lat="31.944913" lon="34.957695">
      <ele>139.7</ele>
      <time>2010-01-01T02:52:12Z</time>
    </trkpt>
    <trkpt lat="31.944919" lon="34.957632">
      <ele>139.3</ele>
      <time>2010-01-01T02:52:14Z</time>
    </trkpt>
    <trkpt lat="31.944916" lon="34.957579">
      <ele>138.9</ele>
      <time>2010-01-01T02:52:16Z</time>
    </trkpt>
    <trkpt lat="31.944907" lon="34.957528">
      <ele>138.5</ele>
      <time>2010-01-01T02:52:18Z</time>
    </trkpt>
    <trkpt lat="31.944913" lon="34.957471">
      <ele>138.2</ele>
      <time>2010-01-01T02:52:20Z</time>
    </trkpt>
    <trkpt lat="31.944916" lon="34.957408">
      <ele>137.8</ele>
      <time>2010-01-01T02:52:22Z</time>
    </trkpt>
    <trkpt lat="31.944907" lon="34.957342">
      <ele>137.2</ele>
      <time>2010-01-01T02:52:24Z</time>
    </trkpt>
    <trkpt lat="31.944899" lon="34.957263">
      <ele>136.6</ele>
      <time>2010-01-01T02:52:27Z</time>
    </trkpt>
    <trkpt lat="31.944889" lon="34.957187">
      <ele>136.0</ele>
      <time>2010-01-01T02:52:30Z</time>
    </trkpt>
    <trkpt lat="31.944879" lon="34.957105">
      <ele>135.3</ele>
      <time>2010-01-01T02:52:32Z</time>
    </trkpt>
    <trkpt lat="31.944875" lon="34.957023">
      <ele>134.8</ele>
      <time>2010-01-01T02:52:35Z</time>
    </trkpt>
    <trkpt lat="31.944878" lon="34.956932">
      <ele>134.2</ele>
      <time>2010-01-01T02:52:38Z</time>
    </trkpt>
    <trkpt lat="31.944896" lon="34.956846">
      <ele>133.9</ele>
      <time>2010-01-01T02:52:41Z</time>
    </trkpt>
    <trkpt lat="31.944918" lon="34.956757">
      <ele>133.6</ele>
      <time>2010-01-01T02:52:44Z</time>
    </trkpt>
    <trkpt lat="31.944939" lon="34.956677">
      <ele>133.3</ele>
      <time>2010-01-01T02:52:47Z</time>
    </trkpt>
    <trkpt lat="31.944959" lon="34.956578">
      <ele>133.0</ele>
      <time>2010-01-01T02:52:51Z</time>
    </trkpt>
    <trkpt lat="31.944986" lon="34.956479">
      <ele>132.7</ele>
      <time>2010-01-01T02:52:54Z</time>
    </trkpt>
    <trkpt lat="31.945001" lon="34.956384">
      <ele>132.3</ele>
      <time>2010-01-01T02:52:58Z</time>
    </trkpt>
    <trkpt lat="31.945005" lon="34.956286">
      <ele>131.8</ele>
      <time>2010-01-01T02:53:01Z</time>
    </trkpt>
    <trkpt lat="31.944998" lon="34.956193">
      <ele>131.3</ele>
      <time>2010-01-01T02:53:04Z</time>
    </trkpt>
    <trkpt lat="31.944978" lon="34.956106">
      <ele>130.8</ele>
      <time>2010-01-01T02:53:07Z</time>
    </trkpt>
    <trkpt lat="31.944963" lon="34.956021">
      <ele>130.3</ele>
      <time>2010-01-01T02:53:10Z</time>
    </trkpt>
    <trkpt lat="31.944933" lon="34.955936">
      <ele>129.7</ele>
      <time>2010-01-01T02:53:13Z</time>
    </trkpt>
    <trkpt lat="31.944914" lon="34.955861">
      <ele>129.2</ele>
      <time>2010-01-01T02:53:16Z</time>
    </trkpt>
    <trkpt lat="31.944899" lon="34.955789">
      <ele>128.9</ele>
      <time>2010-01-01T02:53:18Z</time>
    </trkpt>
    <trkpt lat="31.944922" lon="34.955722">
      <ele>128.9</ele>
      <time>2010-01-01T02:53:21Z</time>
    </trkpt>
    <trkpt lat="31.944932" lon="34.955651">
      <ele>128.9</ele>
      <time>2010-01-01T02:53:23Z</time>
    </trkpt>
    <trkpt lat="31.944954" lon="34.955591">
      <ele>129.0</ele>
      <time>2010-01-01T02:53:25Z</time>
    </trkpt>
    <trkpt lat="31.944979" lon="34.955536">
      <ele>129.1</ele>
      <time>2010-01-01T02:53:28Z</time>
    </trkpt>
    <trkpt lat="31.944998" lon="34.955479">
      <ele>129.2</ele>
      <time>2010-01-01T02:53:30Z</time>
    </trkpt>
    <trkpt lat="31.945022" lon="34.955427">
      <ele>129.3</ele>
      <time>2010-01-01T02:53:32Z</time>
    </trkpt>
    <trkpt lat="31.945047" lon="34.955378">
      <ele>129.5</ele>
      <time>2010-01-01T02:53:34Z</time>
    </trkpt>
    <trkpt lat="31.945075" lon="34.955335">
      <ele>129.8</ele>
      <time>2010-01-01T02:53:35Z</time>
    </trkpt>
    <trkpt lat="31.9451" lon="34.955292">
      <ele>130.1</ele>
      <time>2010-01-01T02:53:37Z</time>
    </trkpt>
    <trkpt lat="31.945117" lon="34.955254">
      <ele>130.3</ele>
      <time>2010-01-01T02:53:39Z</time>
    </trkpt>
    <trkpt lat="31.945133" lon="34.955206">
      <ele>130.4</ele>
      <time>2010-01-01T02:53:40Z</time>
    </trkpt>
    <trkpt lat="31.945155" lon="34.955159">
      <ele>130.6</ele>
      <time>2010-01-01T02:53:42Z</time>
    </trkpt>
    <trkpt lat="31.945176" lon="34.955109">
      <ele>130.8</ele>
      <time>2010-01-01T02:53:44Z</time>
    </trkpt>
    <trkpt lat="31.945195" lon="34.955069">
      <ele>131.0</ele>
      <time>2010-01-01T02:53:46Z</time>
    </trkpt>
    <trkpt lat="31.945209" lon="34.955028">
      <ele>131.2</ele>
      <time>2010-01-01T02:53:47Z</time>
    </trkpt>
    <trkpt lat="31.94522" lon="34.954972">
      <ele>131.2</ele>
      <time>2010-01-01T02:53:49Z</time>
    </trkpt>
    <trkpt lat="31.945238" lon="34.954907">
      <ele>131.4</ele>
      <time>2010-01-01T02:53:51Z</time>
    </trkpt>
    <trkpt lat="31.945256" lon="34.954849">
      <ele>131.5</ele>
      <time>2010-01-01T02:53:54Z</time>
    </trkpt>
    <trkpt lat="31.945271" lon="34.954794">
      <ele>131.6</ele>
      <time>2010-01-01T02:53:56Z</time>
    </trkpt>
    <trkpt lat="31.945286" lon="34.954745">
      <ele>131.8</ele>
      <time>2010-01-01T02:53:57Z</time>
    </trkpt>
    <trkpt lat="31.945309" lon="34.954684">
      <ele>131.9</ele>
      <time>2010-01-01T02:54:00Z</time>
    </trkpt>
    <trkpt lat="31.945319" lon="34.954609">
      <ele>132.0</ele>
      <time>2010-01-01T02:54:02Z</time>
    </trkpt>
    <trkpt lat="31.945334" lon="34.954546">
      <ele>132.2</ele>
      <time>2010-01-01T02:54:04Z</time>
    </trkpt>
    <trkpt lat="31.945341" lon="34.95449">
      <ele>132.5</ele>
      <time>2010-01-01T02:54:06Z</time>
    </trkpt>
    <trkpt lat="31.945334" lon="34.954431">
      <ele>132.7</ele>
      <time>2010-01-01T02:54:08Z</time>
    </trkpt>
    <trkpt lat="31.945349" lon="34.954357">
      <ele>133.1</ele>
      <time>2010-01-01T02:54:11Z</time>
    </trkpt>
    <trkpt lat="31.945367" lon="34.954296">
      <ele>133.5</ele>
      <time>2010-01-01T02:54:13Z</time>
    </trkpt>
    <trkpt lat="31.945386" lon="34.954241">
      <ele>133.9</ele>
      <time>2010-01-01T02:54:15Z</time>
    </trkpt>
    <trkpt lat="31.94542" lon="34.954225">
      <ele>134.3</ele>
      <time>2010-01-01T02:54:17Z</time>
    </trkpt>
    <trkpt lat="31.945439" lon="34.954193">
      <ele>134.6</ele>
      <time>2010-01-01T02:54:18Z</time>
    </trkpt>
    <trkpt lat="31.945466" lon="34.954165">
      <ele>135.0</ele>
      <time>2010-01-01T02:54:19Z</time>
    </trkpt>
    <trkpt lat="31.945532" lon="34.954146">
      <ele>135.7</ele>
      <time>2010-01-01T02:54:22Z</time>
    </trkpt>
    <trkpt lat="31.945562" lon="34.954138">
      <ele>136.0</ele>
      <time>2010-01-01T02:54:23Z</time>
    </trkpt>
    <trkpt lat="31.945597" lon="34.954134">
      <ele>136.3</ele>
      <time>2010-01-01T02:54:25Z</time>
    </trkpt>
    <trkpt lat="31.945653" lon="34.954147">
      <ele>136.8</ele>
      <time>2010-01-01T02:54:27Z</time>
    </trkpt>
    <trkpt lat="31.945687" lon="34.954173">
      <ele>137.1</ele>
      <time>2010-01-01T02:54:29Z</time>
    </trkpt>
    <trkpt lat="31.945716" lon="34.954192">
      <ele>137.3</ele>
      <time>2010-01-01T02:54:30Z</time>
    </trkpt>
    <trkpt lat="31.945732" lon="34.954226">
      <ele>137.5</ele>
      <time>2010-01-01T02:54:31Z</time>
    </trkpt>
    <trkpt lat="31.945734" lon="34.954261">
      <ele>137.5</ele>
      <time>2010-01-01T02:54:32Z</time>
    </trkpt>
    <trkpt lat="31.945748" lon="34.954307">
      <ele>137.6</ele>
      <time>2010-01-01T02:54:34Z</time>
    </trkpt>
    <trkpt lat="31.945758" lon="34.954348">
      <ele>137.7</ele>
      <time>2010-01-01T02:54:36Z</time>
    </trkpt>
    <trkpt lat="31.945772" lon="34.954389">
      <ele>137.8</ele>
      <time>2010-01-01T02:54:37Z</time>
    </trkpt>
    <trkpt lat="31.945787" lon="34.954451">
      <ele>137.9</ele>
      <time>2010-01-01T02:54:39Z</time>
    </trkpt>
    <trkpt lat="31.945797" lon="34.954495">
      <ele>138.0</ele>
      <time>2010-01-01T02:54:41Z</time>
    </trkpt>
    <trkpt lat="31.945807" lon="34.954534">
      <ele>138.2</ele>
      <time>2010-01-01T02:54:42Z</time>
    </trkpt>
    <trkpt lat="31.945824" lon="34.954602">
      <ele>138.4</ele>
      <time>2010-01-01T02:54:45Z</time>
    </trkpt>
    <trkpt lat="31.945837" lon="34.954634">
      <ele>138.6</ele>
      <time>2010-01-01T02:54:46Z</time>
    </trkpt>
    <trkpt lat="31.945853" lon="34.954663">
      <ele>138.9</ele>
      <time>2010-01-01T02:54:47Z</time>
    </trkpt>
    <trkpt lat="31.945862" lon="34.954698">
      <ele>139.0</ele>
      <time>2010-01-01T02:54:48Z</time>
    </trkpt>
    <trkpt lat="31.945891" lon="34.954759">
      <ele>139.5</ele>
      <time>2010-01-01T02:54:51Z</time>
    </trkpt>
    <trkpt lat="31.9459" lon="34.954799">
      <ele>139.6</ele>
      <time>2010-01-01T02:54:52Z</time>
    </trkpt>
    <trkpt lat="31.94591" lon="34.954831">
      <ele>139.8</ele>
      <time>2010-01-01T02:54:53Z</time>
    </trkpt>
    <trkpt lat="31.945931" lon="34.95486">
      <ele>140.1</ele>
      <time>2010-01-01T02:54:54Z</time>
    </trkpt>
    <trkpt lat="31.945943" lon="34.95489">
      <ele>140.3</ele>
      <time>2010-01-01T02:54:56Z</time>
    </trkpt>
    <trkpt lat="31.94595" lon="34.954924">
      <ele>140.4</ele>
      <time>2010-01-01T02:54:57Z</time>
    </trkpt>
    <trkpt lat="31.945964" lon="34.954958">
      <ele>140.7</ele>
      <time>2010-01-01T02:54:58Z</time>
    </trkpt>
    <trkpt lat="31.945975" lon="34.954994">
      <ele>140.9</ele>
      <time>2010-01-01T02:54:59Z</time>
    </trkpt>
    <trkpt lat="31.945996" lon="34.955053">
      <ele>141.2</ele>
      <time>2010-01-01T02:55:02Z</time>
    </trkpt>
    <trkpt lat="31.946004" lon="34.955092">
      <ele>141.4</ele>
      <time>2010-01-01T02:55:03Z</time>
    </trkpt>
    <trkpt lat="31.946016" lon="34.955129">
      <ele>141.6</ele>
      <time>2010-01-01T02:55:04Z</time>
    </trkpt>
    <trkpt lat="31.946027" lon="34.955166">
      <ele>141.8</ele>
      <time>2010-01-01T02:55:06Z</time>
    </trkpt>
    <trkpt lat="31.946041" lon="34.955202">
      <ele>142.0</ele>
      <time>2010-01-01T02:55:07Z</time>
    </trkpt>
    <trkpt lat="31.946071" lon="34.955262">
      <ele>142.5</ele>
      <time>2010-01-01T02:55:09Z</time>
    </trkpt>
    <trkpt lat="31.94609" lon="34.9553">
      <ele>142.7</ele>
      <time>2010-01-01T02:55:11Z</time>
    </trkpt>
    <trkpt lat="31.946122" lon="34.955352">
      <ele>143.2</ele>
      <time>2010-01-01T02:55:13Z</time>
    </trkpt>
    <trkpt lat="31.946132" lon="34.955381">
      <ele>143.4</ele>
      <time>2010-01-01T02:55:14Z</time>
    </trkpt>
    <trkpt lat="31.946156" lon="34.955425">
      <ele>143.8</ele>
      <time>2010-01-01T02:55:16Z</time>
    </trkpt>
    <trkpt lat="31.946189" lon="34.955468">
      <ele>144.3</ele>
      <time>2010-01-01T02:55:18Z</time>
    </trkpt>
    <trkpt lat="31.946218" lon="34.955498">
      <ele>144.7</ele>
      <time>2010-01-01T02:55:19Z</time>
    </trkpt>
    <trkpt lat="31.946246" lon="34.955528">
      <ele>145.1</ele>
      <time>2010-01-01T02:55:21Z</time>
    </trkpt>
    <trkpt lat="31.946282" lon="34.955545">
      <ele>145.6</ele>
      <time>2010-01-01T02:55:22Z</time>
    </trkpt>
    <trkpt lat="31.946324" lon="34.955556">
      <ele>146.2</ele>
      <time>2010-01-01T02:55:24Z</time>
    </trkpt>
    <trkpt lat="31.946359" lon="34.955575">
      <ele>146.7</ele>
      <time>2010-01-01T02:55:26Z</time>
    </trkpt>
    <trkpt lat="31.946389" lon="34.955583">
      <ele>147.2</ele>
      <time>2010-01-01T02:55:27Z</time>
    </trkpt>
    <trkpt lat="31.946425" lon="34.955605">
      <ele>147.7</ele>
      <time>2010-01-01T02:55:28Z</time>
    </trkpt>
    <trkpt lat="31.946465" lon="34.955612">
      <ele>148.3</ele>
      <time>2010-01-01T02:55:30Z</time>
    </trkpt>
    <trkpt lat="31.946503" lon="34.955623">
      <ele>148.8</ele>
      <time>2010-01-01T02:55:32Z</time>
    </trkpt>
    <trkpt lat="31.946558" lon="34.955632">
      <ele>149.6</ele>
      <time>2010-01-01T02:55:34Z</time>
    </trkpt>
    <trkpt lat="31.946598" lon="34.955641">
      <ele>150.2</ele>
      <time>2010-01-01T02:55:36Z</time>
    </trkpt>
    <trkpt lat="31.946637" lon="34.955662">
      <ele>150.7</ele>
      <time>2010-01-01T02:55:37Z</time>
    </trkpt>
    <trkpt lat="31.946683" lon="34.955676">
      <ele>151.4</ele>
      <time>2010-01-01T02:55:39Z</time>
    </trkpt>
    <trkpt lat="31.946718" lon="34.955702">
      <ele>151.9</ele>
      <time>2010-01-01T02:55:41Z</time>
    </trkpt>
    <trkpt lat="31.946764" lon="34.955686">
      <ele>152.5</ele>
      <time>2010-01-01T02:55:43Z</time>
    </trkpt>
    <trkpt lat="31.946807" lon="34.955682">
      <ele>153.1</ele>
      <time>2010-01-01T02:55:44Z</time>
    </trkpt>
    <trkpt lat="31.946839" lon="34.955693">
      <ele>153.6</ele>
      <time>2010-01-01T02:55:46Z</time>
    </trkpt>
    <trkpt lat="31.946869" lon="34.9557">
      <ele>154.0</ele>
      <time>2010-01-01T02:55:47Z</time>
    </trkpt>
    <trkpt lat="31.94691" lon="34.955708">
      <ele>154.6</ele>
      <time>2010-01-01T02:55:49Z</time>
    </trkpt>
    <trkpt lat="31.946941" lon="34.955696">
      <ele>155.0</ele>
      <time>2010-01-01T02:55:50Z</time>
    </trkpt>
    <trkpt lat="31.946977" lon="34.955684">
      <ele>155.5</ele>
      <time>2010-01-01T02:55:51Z</time>
    </trkpt>
    <trkpt lat="31.947017" lon="34.955688">
      <ele>156.1</ele>
      <time>2010-01-01T02:55:53Z</time>
    </trkpt>
    <trkpt lat="31.947057" lon="34.955687">
      <ele>156.6</ele>
      <time>2010-01-01T02:55:55Z</time>
    </trkpt>
    <trkpt lat="31.947095" lon="34.955676">
      <ele>157.1</ele>
      <time>2010-01-01T02:55:56Z</time>
    </trkpt>
    <trkpt lat="31.947135" lon="34.955666">
      <ele>157.3</ele>
      <time>2010-01-01T02:55:58Z</time>
    </trkpt>
    <trkpt lat="31.947178" lon="34.955679">
      <ele>157.5</ele>
      <time>2010-01-01T02:56:00Z</time>
    </trkpt>
    <trkpt lat="31.947205" lon="34.955688">
      <ele>157.7</ele>
      <time>2010-01-01T02:56:01Z</time>
    </trkpt>
    <trkpt lat="31.947241" lon="34.955662">
      <ele>157.9</ele>
      <time>2010-01-01T02:56:02Z</time>
    </trkpt>
    <trkpt lat="31.947272" lon="34.955646">
      <ele>158.0</ele>
      <time>2010-01-01T02:56:04Z</time>
    </trkpt>
    <trkpt lat="31.947319" lon="34.95566">
      <ele>158.3</ele>
      <time>2010-01-01T02:56:06Z</time>
    </trkpt>
    <trkpt lat="31.947363" lon="34.955662">
      <ele>158.5</ele>
      <time>2010-01-01T02:56:08Z</time>
    </trkpt>
    <trkpt lat="31.947406" lon="34.955651">
      <ele>158.8</ele>
      <time>2010-01-01T02:56:09Z</time>
    </trkpt>
    <trkpt lat="31.947452" lon="34.955649">
      <ele>159.0</ele>
      <time>2010-01-01T02:56:11Z</time>
    </trkpt>
    <trkpt lat="31.947504" lon="34.955655">
      <ele>159.3</ele>
      <time>2010-01-01T02:56:13Z</time>
    </trkpt>
    <trkpt lat="31.947531" lon="34.955671">
      <ele>159.5</ele>
      <time>2010-01-01T02:56:14Z</time>
    </trkpt>
    <trkpt lat="31.947563" lon="34.955692">
      <ele>159.7</ele>
      <time>2010-01-01T02:56:16Z</time>
    </trkpt>
    <trkpt lat="31.9476" lon="34.955697">
      <ele>159.9</ele>
      <time>2010-01-01T02:56:17Z</time>
    </trkpt>
    <trkpt lat="31.947648" lon="34.95568">
      <ele>160.1</ele>
      <time>2010-01-01T02:56:19Z</time>
    </trkpt>
    <trkpt lat="31.947698" lon="34.955673">
      <ele>160.4</ele>
      <time>2010-01-01T02:56:21Z</time>
    </trkpt>
    <trkpt lat="31.947726" lon="34.955676">
      <ele>160.6</ele>
      <time>2010-01-01T02:56:23Z</time>
    </trkpt>
    <trkpt lat="31.94778" lon="34.955688">
      <ele>160.9</ele>
      <time>2010-01-01T02:56:25Z</time>
    </trkpt>
    <trkpt lat="31.947807" lon="34.955693">
      <ele>161.0</ele>
      <time>2010-01-01T02:56:26Z</time>
    </trkpt>
    <trkpt lat="31.947857" lon="34.955692">
      <ele>161.3</ele>
      <time>2010-01-01T02:56:28Z</time>
    </trkpt>
    <trkpt lat="31.947883" lon="34.955684">
      <ele>161.5</ele>
      <time>2010-01-01T02:56:29Z</time>
    </trkpt>
    <trkpt lat="31.947911" lon="34.955683">
      <ele>161.6</ele>
      <time>2010-01-01T02:56:30Z</time>
    </trkpt>
    <trkpt lat="31.947942" lon="34.955688">
      <ele>161.8</ele>
      <time>2010-01-01T02:56:31Z</time>
    </trkpt>
    <trkpt lat="31.947981" lon="34.955691">
      <ele>162.0</ele>
      <time>2010-01-01T02:56:33Z</time>
    </trkpt>
    <trkpt lat="31.948016" lon="34.95569">
      <ele>162.1</ele>
      <time>2010-01-01T02:56:34Z</time>
    </trkpt>
    <trkpt lat="31.948049" lon="34.955692">
      <ele>162.3</ele>
      <time>2010-01-01T02:56:36Z</time>
    </trkpt>
    <trkpt lat="31.94808" lon="34.955686">
      <ele>162.4</ele>
      <time>2010-01-01T02:56:37Z</time>
    </trkpt>
    <trkpt lat="31.948108" lon="34.95568">
      <ele>162.6</ele>
      <time>2010-01-01T02:56:38Z</time>
    </trkpt>
    <trkpt lat="31.948138" lon="34.955676">
      <ele>162.7</ele>
      <time>2010-01-01T02:56:39Z</time>
    </trkpt>
    <trkpt lat="31.948168" lon="34.955676">
      <ele>162.8</ele>
      <time>2010-01-01T02:56:40Z</time>
    </trkpt>
    <trkpt lat="31.948199" lon="34.955672">
      <ele>163.0</ele>
      <time>2010-01-01T02:56:42Z</time>
    </trkpt>
    <trkpt lat="31.948228" lon="34.955671">
      <ele>163.1</ele>
      <time>2010-01-01T02:56:43Z</time>
    </trkpt>
    <trkpt lat="31.948258" lon="34.955674">
      <ele>163.3</ele>
      <time>2010-01-01T02:56:44Z</time>
    </trkpt>
    <trkpt lat="31.9483" lon="34.955689">
      <ele>163.5</ele>
      <time>2010-01-01T02:56:46Z</time>
    </trkpt>
    <trkpt lat="31.948339" lon="34.955657">
      <ele>163.6</ele>
      <time>2010-01-01T02:56:48Z</time>
    </trkpt>
    <trkpt lat="31.948374" lon="34.955642">
      <ele>163.7</ele>
      <time>2010-01-01T02:56:49Z</time>
    </trkpt>
    <trkpt lat="31.948422" lon="34.95563">
      <ele>163.9</ele>
      <time>2010-01-01T02:56:51Z</time>
    </trkpt>
    <trkpt lat="31.94846" lon="34.955623">
      <ele>164.1</ele>
      <time>2010-01-01T02:56:53Z</time>
    </trkpt>
    <trkpt lat="31.9485" lon="34.955608">
      <ele>164.3</ele>
      <time>2010-01-01T02:56:54Z</time>
    </trkpt>
    <trkpt lat="31.948544" lon="34.955598">
      <ele>164.4</ele>
      <time>2010-01-01T02:56:56Z</time>
    </trkpt>
    <trkpt lat="31.948583" lon="34.955597">
      <ele>164.6</ele>
      <time>2010-01-01T02:56:58Z</time>
    </trkpt>
    <trkpt lat="31.94862" lon="34.955601">
      <ele>164.8</ele>
      <time>2010-01-01T02:56:59Z</time>
    </trkpt>
    <trkpt lat="31.948651" lon="34.955617">
      <ele>165.0</ele>
      <time>2010-01-01T02:57:01Z</time>
    </trkpt>
    <trkpt lat="31.948683" lon="34.955632">
      <ele>165.2</ele>
      <time>2010-01-01T02:57:02Z</time>
    </trkpt>
    <trkpt lat="31.948719" lon="34.955636">
      <ele>165.4</ele>
      <time>2010-01-01T02:57:03Z</time>
    </trkpt>
    <trkpt lat="31.948749" lon="34.955629">
      <ele>165.5</ele>
      <time>2010-01-01T02:57:05Z</time>
    </trkpt>
    <trkpt lat="31.94878" lon="34.95562">
      <ele>165.5</ele>
      <time>2010-01-01T02:57:06Z</time>
    </trkpt>
    <trkpt lat="31.94881" lon="34.955607">
      <ele>165.5</ele>
      <time>2010-01-01T02:57:07Z</time>
    </trkpt>
    <trkpt lat="31.948843" lon="34.955597">
      <ele>165.5</ele>
      <time>2010-01-01T02:57:09Z</time>
    </trkpt>
    <trkpt lat="31.948874" lon="34.955588">
      <ele>165.5</ele>
      <time>2010-01-01T02:57:10Z</time>
    </trkpt>
    <trkpt lat="31.948909" lon="34.955585">
      <ele>165.6</ele>
      <time>2010-01-01T02:57:11Z</time>
    </trkpt>
    <trkpt lat="31.948946" lon="34.955587">
      <ele>165.6</ele>
      <time>2010-01-01T02:57:13Z</time>
    </trkpt>
    <trkpt lat="31.948982" lon="34.955578">
      <ele>165.6</ele>
      <time>2010-01-01T02:57:14Z</time>
    </trkpt>
    <trkpt lat="31.949013" lon="34.955579">
      <ele>165.6</ele>
      <time>2010-01-01T02:57:15Z</time>
    </trkpt>
    <trkpt lat="31.949048" lon="34.955573">
      <ele>165.6</ele>
      <time>2010-01-01T02:57:17Z</time>
    </trkpt>
    <trkpt lat="31.949087" lon="34.955548">
      <ele>165.6</ele>
      <time>2010-01-01T02:57:19Z</time>
    </trkpt>
    <trkpt lat="31.949119" lon="34.955533">
      <ele>165.5</ele>
      <time>2010-01-01T02:57:20Z</time>
    </trkpt>
    <trkpt lat="31.949152" lon="34.955527">
      <ele>165.5</ele>
      <time>2010-01-01T02:57:21Z</time>
    </trkpt>
    <trkpt lat="31.949191" lon="34.955511">
      <ele>165.5</ele>
      <time>2010-01-01T02:57:23Z</time>
    </trkpt>
    <trkpt lat="31.949231" lon="34.955506">
      <ele>165.5</ele>
      <time>2010-01-01T02:57:25Z</time>
    </trkpt>
    <trkpt lat="31.949267" lon="34.955511">
      <ele>165.5</ele>
      <time>2010-01-01T02:57:26Z</time>
    </trkpt>
    <trkpt lat="31.949304" lon="34.95552">
      <ele>165.6</ele>
      <time>2010-01-01T02:57:28Z</time>
    </trkpt>
    <trkpt lat="31.949344" lon="34.955516">
      <ele>165.6</ele>
      <time>2010-01-01T02:57:29Z</time>
    </trkpt>
    <trkpt lat="31.94937" lon="34.955526">
      <ele>165.7</ele>
      <time>2010-01-01T02:57:30Z</time>
    </trkpt>
    <trkpt lat="31.949402" lon="34.955522">
      <ele>165.6</ele>
      <time>2010-01-01T02:57:32Z</time>
    </trkpt>
    <trkpt lat="31.949439" lon="34.955518">
      <ele>165.6</ele>
      <time>2010-01-01T02:57:33Z</time>
    </trkpt>
    <trkpt lat="31.949476" lon="34.955516">
      <ele>165.7</ele>
      <time>2010-01-01T02:57:34Z</time>
    </trkpt>
    <trkpt lat="31.949514" lon="34.955507">
      <ele>165.6</ele>
      <time>2010-01-01T02:57:36Z</time>
    </trkpt>
    <trkpt lat="31.949551" lon="34.955513">
      <ele>165.7</ele>
      <time>2010-01-01T02:57:38Z</time>
    </trkpt>
    <trkpt lat="31.949576" lon="34.955539">
      <ele>165.9</ele>
      <time>2010-01-01T02:57:39Z</time>
    </trkpt>
    <trkpt lat="31.949609" lon="34.955546">
      <ele>166.0</ele>
      <time>2010-01-01T02:57:40Z</time>
    </trkpt>
    <trkpt lat="31.949639" lon="34.955545">
      <ele>166.0</ele>
      <time>2010-01-01T02:57:41Z</time>
    </trkpt>
    <trkpt lat="31.949681" lon="34.95552">
      <ele>166.0</ele>
      <time>2010-01-01T02:57:43Z</time>
    </trkpt>
    <trkpt lat="31.949713" lon="34.955523">
      <ele>166.1</ele>
      <time>2010-01-01T02:57:45Z</time>
    </trkpt>
    <trkpt lat="31.949747" lon="34.955525">
      <ele>166.1</ele>
      <time>2010-01-01T02:57:46Z</time>
    </trkpt>
    <trkpt lat="31.949792" lon="34.955503">
      <ele>166.1</ele>
      <time>2010-01-01T02:57:48Z</time>
    </trkpt>
    <trkpt lat="31.94983" lon="34.955495">
      <ele>166.1</ele>
      <time>2010-01-01T02:57:49Z</time>
    </trkpt>
    <trkpt lat="31.949858" lon="34.955495">
      <ele>166.2</ele>
      <time>2010-01-01T02:57:51Z</time>
    </trkpt>
    <trkpt lat="31.949886" lon="34.955487">
      <ele>166.2</ele>
      <time>2010-01-01T02:57:52Z</time>
    </trkpt>
    <trkpt lat="31.949917" lon="34.955485">
      <ele>166.3</ele>
      <time>2010-01-01T02:57:53Z</time>
    </trkpt>
    <trkpt lat="31.949941" lon="34.955472">
      <ele>166.2</ele>
      <time>2010-01-01T02:57:54Z</time>
    </trkpt>
    <trkpt lat="31.949973" lon="34.955465">
      <ele>166.3</ele>
      <time>2010-01-01T02:57:55Z</time>
    </trkpt>
    <trkpt lat="31.950002" lon="34.955458">
      <ele>166.3</ele>
      <time>2010-01-01T02:57:57Z</time>
    </trkpt>
    <trkpt lat="31.95003" lon="34.955447">
      <ele>166.3</ele>
      <time>2010-01-01T02:57:58Z</time>
    </trkpt>
  </trkseg>
  <trkseg>
    <trkpt lat="31.945655" lon="34.954147"></trkpt>
    <trkpt lat="31.945507" lon="34.95346"></trkpt>
    <trkpt lat="31.946006" lon="34.953074">
      <ele>134.2</ele>
    </trkpt>
    <trkpt lat="31.946017" lon="34.952978">
      <ele>133.5</ele>
    </trkpt>
    <trkpt lat="31.946014" lon="34.952869">
      <ele>132.5</ele>
    </trkpt>
    <trkpt lat="31.946006" lon="34.952756">
      <ele>131.3</ele>
    </trkpt>
    <trkpt lat="31.945993" lon="34.952634">
      <ele>130.1</ele>
    </trkpt>
    <trkpt lat="31.945997" lon="34.95251">
      <ele>128.8</ele>
    </trkpt>
    <trkpt lat="31.946013" lon="34.952377">
      <ele>127.5</ele>
    </trkpt>
    <trkpt lat="31.946037" lon="34.952248">
      <ele>126.2</ele>
    </trkpt>
    <trkpt lat="31.946066" lon="34.952115">
      <ele>124.9</ele>
    </trkpt>
    <trkpt lat="31.9461" lon="34.951982">
      <ele>124.7</ele>
    </trkpt>
    <trkpt lat="31.946144" lon="34.951854">
      <ele>125.1</ele>
    </trkpt>
    <trkpt lat="31.946183" lon="34.951736">
      <ele>125.4</ele>
    </trkpt>
    <trkpt lat="31.946219" lon="34.951625">
      <ele>125.9</ele>
    </trkpt>
    <trkpt lat="31.946249" lon="34.951529">
      <ele>126.3</ele>
    </trkpt>
    <trkpt lat="31.946253" lon="34.951447">
      <ele>126.6</ele>
    </trkpt>
    <trkpt lat="31.946243" lon="34.951378">
      <ele>126.6</ele>
    </trkpt>
    <trkpt lat="31.946199" lon="34.951332">
      <ele>126.3</ele>
    </trkpt>
    <trkpt lat="31.946132" lon="34.9513">
      <ele>125.7</ele>
    </trkpt>
    <trkpt lat="31.946068" lon="34.951269">
      <ele>125.0</ele>
    </trkpt>
    <trkpt lat="31.946002" lon="34.951251">
      <ele>124.3</ele>
    </trkpt>
    <trkpt lat="31.945921" lon="34.951225">
      <ele>123.7</ele>
    </trkpt>
    <trkpt lat="31.945854" lon="34.951215">
      <ele>123.0</ele>
    </trkpt>
    <trkpt lat="31.945784" lon="34.951195">
      <ele>122.5</ele>
    </trkpt>
    <trkpt lat="31.945715" lon="34.951178">
      <ele>121.9</ele>
    </trkpt>
    <trkpt lat="31.945649" lon="34.95117">
      <ele>121.3</ele>
    </trkpt>
    <trkpt lat="31.945583" lon="34.951154">
      <ele>120.7</ele>
    </trkpt>
    <trkpt lat="31.945517" lon="34.951131">
      <ele>120.2</ele>
    </trkpt>
    <trkpt lat="31.945453" lon="34.95111">
      <ele>119.7</ele>
    </trkpt>
    <trkpt lat="31.945393" lon="34.951091">
      <ele>119.5</ele>
    </trkpt>
    <trkpt lat="31.945326" lon="34.95107">
      <ele>119.6</ele>
    </trkpt>
    <trkpt lat="31.945246" lon="34.951048">
      <ele>119.7</ele>
    </trkpt>
    <trkpt lat="31.945184" lon="34.95103">
      <ele>119.8</ele>
    </trkpt>
    <trkpt lat="31.945116" lon="34.951004">
      <ele>120.1</ele>
    </trkpt>
    <trkpt lat="31.945037" lon="34.950969">
      <ele>120.4</ele>
    </trkpt>
    <trkpt lat="31.944959" lon="34.950937">
      <ele>120.7</ele>
    </trkpt>
    <trkpt lat="31.944887" lon="34.950893">
      <ele>121.2</ele>
    </trkpt>
    <trkpt lat="31.944812" lon="34.950855">
      <ele>121.7</ele>
    </trkpt>
    <trkpt lat="31.944735" lon="34.95082">
      <ele>122.2</ele>
    </trkpt>
    <trkpt lat="31.944661" lon="34.950784">
      <ele>122.7</ele>
    </trkpt>
    <trkpt lat="31.944587" lon="34.950747">
      <ele>123.2</ele>
    </trkpt>
    <trkpt lat="31.944508" lon="34.950719">
      <ele>122.8</ele>
    </trkpt>
    <trkpt lat="31.94442" lon="34.950712">
      <ele>121.9</ele>
    </trkpt>
    <trkpt lat="31.94433" lon="34.95072">
      <ele>120.7</ele>
    </trkpt>
    <trkpt lat="31.944251" lon="34.95072">
      <ele>119.8</ele>
    </trkpt>
    <trkpt lat="31.944162" lon="34.950746">
      <ele>118.5</ele>
    </trkpt>
    <trkpt lat="31.944084" lon="34.950743">
      <ele>117.6</ele>
    </trkpt>
    <trkpt lat="31.943985" lon="34.950719">
      <ele>116.8</ele>
    </trkpt>
    <trkpt lat="31.943898" lon="34.950718">
      <ele>115.8</ele>
    </trkpt>
    <trkpt lat="31.943815" lon="34.950708">
      <ele>115.0</ele>
    </trkpt>
    <trkpt lat="31.943736" lon="34.950692">
      <ele>114.2</ele>
    </trkpt>
    <trkpt lat="31.943653" lon="34.95068">
      <ele>113.4</ele>
    </trkpt>
    <trkpt lat="31.943563" lon="34.950686">
      <ele>112.5</ele>
    </trkpt>
    <trkpt lat="31.943471" lon="34.950657">
      <ele>111.7</ele>
    </trkpt>
    <trkpt lat="31.943379" lon="34.950636">
      <ele>110.8</ele>
    </trkpt>
    <trkpt lat="31.943291" lon="34.950614">
      <ele>110.0</ele>
    </trkpt>
    <trkpt lat="31.943204" lon="34.950585">
      <ele>109.1</ele>
    </trkpt>
    <trkpt lat="31.943124" lon="34.950553">
      <ele>108.3</ele>
    </trkpt>
    <trkpt lat="31.943039" lon="34.95052">
      <ele>107.4</ele>
    </trkpt>
    <trkpt lat="31.942957" lon="34.950464">
      <ele>106.5</ele>
    </trkpt>
    <trkpt lat="31.94288" lon="34.95042">
      <ele>106.0</ele>
    </trkpt>
    <trkpt lat="31.942814" lon="34.950378">
      <ele>106.3</ele>
    </trkpt>
    <trkpt lat="31.942739" lon="34.950323">
      <ele>106.6</ele>
    </trkpt>
    <trkpt lat="31.942663" lon="34.950268">
      <ele>106.8</ele>
    </trkpt>
    <trkpt lat="31.942593" lon="34.950204">
      <ele>106.8</ele>
    </trkpt>
    <trkpt lat="31.942523" lon="34.950149">
      <ele>106.7</ele>
    </trkpt>
    <trkpt lat="31.942455" lon="34.950095">
      <ele>106.5</ele>
    </trkpt>
    <trkpt lat="31.942396" lon="34.950028">
      <ele>106.2</ele>
    </trkpt>
    <trkpt lat="31.94234" lon="34.949957">
      <ele>105.8</ele>
    </trkpt>
    <trkpt lat="31.942281" lon="34.949886">
      <ele>105.2</ele>
    </trkpt>
    <trkpt lat="31.942223" lon="34.94981">
      <ele>104.5</ele>
    </trkpt>
    <trkpt lat="31.942161" lon="34.949736">
      <ele>103.7</ele>
    </trkpt>
    <trkpt lat="31.942098" lon="34.949656">
      <ele>102.6</ele>
    </trkpt>
    <trkpt lat="31.942049" lon="34.949577">
      <ele>102.1</ele>
    </trkpt>
    <trkpt lat="31.941997" lon="34.949506">
      <ele>102.9</ele>
    </trkpt>
    <trkpt lat="31.941942" lon="34.949429">
      <ele>103.6</ele>
    </trkpt>
    <trkpt lat="31.941897" lon="34.949355">
      <ele>104.1</ele>
    </trkpt>
    <trkpt lat="31.94185" lon="34.94928">
      <ele>104.5</ele>
    </trkpt>
    <trkpt lat="31.941802" lon="34.949211">
      <ele>104.7</ele>
    </trkpt>
    <trkpt lat="31.941737" lon="34.949142">
      <ele>104.7</ele>
    </trkpt>
    <trkpt lat="31.941705" lon="34.949074">
      <ele>104.8</ele>
    </trkpt>
    <trkpt lat="31.941658" lon="34.949012">
      <ele>104.6</ele>
    </trkpt>
    <trkpt lat="31.941611" lon="34.948955">
      <ele>104.4</ele>
    </trkpt>
    <trkpt lat="31.941551" lon="34.94889">
      <ele>103.9</ele>
    </trkpt>
    <trkpt lat="31.94149" lon="34.948834">
      <ele>103.2</ele>
    </trkpt>
    <trkpt lat="31.941425" lon="34.948777">
      <ele>102.4</ele>
    </trkpt>
    <trkpt lat="31.941362" lon="34.948723">
      <ele>101.8</ele>
    </trkpt>
    <trkpt lat="31.941321" lon="34.948661">
      <ele>102.0</ele>
    </trkpt>
    <trkpt lat="31.941254" lon="34.94861">
      <ele>101.7</ele>
    </trkpt>
    <trkpt lat="31.941187" lon="34.948565">
      <ele>101.8</ele>
    </trkpt>
    <trkpt lat="31.941121" lon="34.948522">
      <ele>101.8</ele>
    </trkpt>
    <trkpt lat="31.941058" lon="34.948478">
      <ele>101.8</ele>
    </trkpt>
    <trkpt lat="31.940995" lon="34.948426">
      <ele>101.8</ele>
    </trkpt>
    <trkpt lat="31.940942" lon="34.948378">
      <ele>101.7</ele>
    </trkpt>
    <trkpt lat="31.940882" lon="34.948325">
      <ele>101.5</ele>
    </trkpt>
    <trkpt lat="31.940831" lon="34.948266">
      <ele>101.4</ele>
    </trkpt>
    <trkpt lat="31.940778" lon="34.94821">
      <ele>101.1</ele>
    </trkpt>
    <trkpt lat="31.940718" lon="34.948142">
      <ele>100.7</ele>
    </trkpt>
    <trkpt lat="31.940652" lon="34.948084">
      <ele>100.1</ele>
    </trkpt>
    <trkpt lat="31.940599" lon="34.948034">
      <ele>99.5</ele>
    </trkpt>
    <trkpt lat="31.940544" lon="34.947986">
      <ele>98.9</ele>
    </trkpt>
    <trkpt lat="31.940477" lon="34.947933">
      <ele>97.9</ele>
    </trkpt>
    <trkpt lat="31.940405" lon="34.947876">
      <ele>97.4</ele>
    </trkpt>
    <trkpt lat="31.940345" lon="34.947817">
      <ele>97.6</ele>
    </trkpt>
    <trkpt lat="31.940293" lon="34.947772">
      <ele>97.7</ele>
    </trkpt>
    <trkpt lat="31.940238" lon="34.947726">
      <ele>97.8</ele>
    </trkpt>
    <trkpt lat="31.940182" lon="34.947684">
      <ele>97.9</ele>
    </trkpt>
    <trkpt lat="31.940128" lon="34.947645">
      <ele>97.9</ele>
    </trkpt>
    <trkpt lat="31.940072" lon="34.947606">
      <ele>97.8</ele>
    </trkpt>
    <trkpt lat="31.940021" lon="34.947576">
      <ele>97.7</ele>
    </trkpt>
    <trkpt lat="31.939964" lon="34.947541">
      <ele>97.6</ele>
    </trkpt>
    <trkpt lat="31.939917" lon="34.94751">
      <ele>97.5</ele>
    </trkpt>
    <trkpt lat="31.939863" lon="34.947474">
      <ele>97.4</ele>
    </trkpt>
    <trkpt lat="31.939809" lon="34.947444">
      <ele>97.2</ele>
    </trkpt>
    <trkpt lat="31.939747" lon="34.947413">
      <ele>97.0</ele>
    </trkpt>
    <trkpt lat="31.939677" lon="34.947393">
      <ele>96.5</ele>
    </trkpt>
    <trkpt lat="31.939594" lon="34.947366">
      <ele>96.1</ele>
    </trkpt>
    <trkpt lat="31.939519" lon="34.947363">
      <ele>95.6</ele>
    </trkpt>
    <trkpt lat="31.939448" lon="34.947347">
      <ele>95.2</ele>
    </trkpt>
    <trkpt lat="31.939376" lon="34.947326">
      <ele>94.7</ele>
    </trkpt>
    <trkpt lat="31.939307" lon="34.947313">
      <ele>94.3</ele>
    </trkpt>
    <trkpt lat="31.939226" lon="34.947295">
      <ele>93.7</ele>
    </trkpt>
    <trkpt lat="31.939142" lon="34.947266">
      <ele>93.1</ele>
    </trkpt>
    <trkpt lat="31.939073" lon="34.947232">
      <ele>92.5</ele>
    </trkpt>
    <trkpt lat="31.939008" lon="34.947198">
      <ele>91.9</ele>
    </trkpt>
    <trkpt lat="31.938954" lon="34.947148">
      <ele>91.3</ele>
    </trkpt>
    <trkpt lat="31.938892" lon="34.9471">
      <ele>90.6</ele>
    </trkpt>
    <trkpt lat="31.938834" lon="34.947049">
      <ele>89.8</ele>
    </trkpt>
    <trkpt lat="31.938779" lon="34.947">
      <ele>89.1</ele>
    </trkpt>
    <trkpt lat="31.938701" lon="34.946957">
      <ele>88.9</ele>
    </trkpt>
    <trkpt lat="31.938628" lon="34.946931">
      <ele>89.0</ele>
    </trkpt>
    <trkpt lat="31.938554" lon="34.946936">
      <ele>89.3</ele>
    </trkpt>
    <trkpt lat="31.938492" lon="34.946943">
      <ele>89.5</ele>
    </trkpt>
    <trkpt lat="31.938433" lon="34.94697">
      <ele>89.8</ele>
    </trkpt>
    <trkpt lat="31.938386" lon="34.947021">
      <ele>90.1</ele>
    </trkpt>
    <trkpt lat="31.938354" lon="34.947073">
      <ele>90.4</ele>
    </trkpt>
    <trkpt lat="31.93834" lon="34.947118">
      <ele>90.8</ele>
    </trkpt>
    <trkpt lat="31.938321" lon="34.94715">
      <ele>91.2</ele>
    </trkpt>
    <trkpt lat="31.938295" lon="34.947189">
      <ele>91.7</ele>
    </trkpt>
    <trkpt lat="31.938265" lon="34.947217">
      <ele>92.1</ele>
    </trkpt>
    <trkpt lat="31.938243" lon="34.947234">
      <ele>92.4</ele>
    </trkpt>
    <trkpt lat="31.938218" lon="34.947255">
      <ele>92.8</ele>
    </trkpt>
    <trkpt lat="31.938198" lon="34.947287">
      <ele>93.3</ele>
    </trkpt>
    <trkpt lat="31.938166" lon="34.947296">
      <ele>93.6</ele>
    </trkpt>
    <trkpt lat="31.938147" lon="34.947328">
      <ele>94.0</ele>
    </trkpt>
    <trkpt lat="31.938129" lon="34.947354">
      <ele>94.5</ele>
    </trkpt>
    <trkpt lat="31.938108" lon="34.947387">
      <ele>95.0</ele>
    </trkpt>
    <trkpt lat="31.938089" lon="34.947413">
      <ele>95.5</ele>
    </trkpt>
    <trkpt lat="31.938054" lon="34.94746">
      <ele>96.3</ele>
    </trkpt>
    <trkpt lat="31.938032" lon="34.94748">
      <ele>96.8</ele>
    </trkpt>
    <trkpt lat="31.938009" lon="34.947502">
      <ele>97.3</ele>
    </trkpt>
    <trkpt lat="31.937987" lon="34.947524">
      <ele>97.7</ele>
    </trkpt>
    <trkpt lat="31.937965" lon="34.947549">
      <ele>98.3</ele>
    </trkpt>
    <trkpt lat="31.937946" lon="34.947577">
      <ele>98.8</ele>
    </trkpt>
    <trkpt lat="31.937928" lon="34.947606">
      <ele>99.4</ele>
    </trkpt>
    <trkpt lat="31.937908" lon="34.947637">
      <ele>100.0</ele>
    </trkpt>
    <trkpt lat="31.937887" lon="34.947668">
      <ele>100.4</ele>
    </trkpt>
    <trkpt lat="31.937867" lon="34.947699">
      <ele>100.9</ele>
    </trkpt>
    <trkpt lat="31.937847" lon="34.947731">
      <ele>101.3</ele>
    </trkpt>
    <trkpt lat="31.937829" lon="34.947764">
      <ele>101.8</ele>
    </trkpt>
    <trkpt lat="31.937812" lon="34.947798">
      <ele>102.3</ele>
    </trkpt>
    <trkpt lat="31.937794" lon="34.94783">
      <ele>102.7</ele>
    </trkpt>
    <trkpt lat="31.937775" lon="34.94786">
      <ele>103.1</ele>
    </trkpt>
    <trkpt lat="31.937756" lon="34.94789">
      <ele>103.5</ele>
    </trkpt>
    <trkpt lat="31.937737" lon="34.94792">
      <ele>103.8</ele>
    </trkpt>
    <trkpt lat="31.937719" lon="34.94795">
      <ele>104.0</ele>
    </trkpt>
    <trkpt lat="31.937701" lon="34.94798">
      <ele>104.1</ele>
    </trkpt>
    <trkpt lat="31.937684" lon="34.94801">
      <ele>104.3</ele>
    </trkpt>
    <trkpt lat="31.937668" lon="34.948042">
      <ele>104.5</ele>
    </trkpt>
    <trkpt lat="31.93765" lon="34.948071">
      <ele>104.7</ele>
    </trkpt>
    <trkpt lat="31.937632" lon="34.9481">
      <ele>104.9</ele>
    </trkpt>
    <trkpt lat="31.937613" lon="34.948129">
      <ele>105.1</ele>
    </trkpt>
    <trkpt lat="31.937594" lon="34.948158">
      <ele>105.3</ele>
    </trkpt>
    <trkpt lat="31.937575" lon="34.948186">
      <ele>105.5</ele>
    </trkpt>
    <trkpt lat="31.937553" lon="34.948213">
      <ele>105.8</ele>
    </trkpt>
    <trkpt lat="31.937532" lon="34.94824">
      <ele>106.0</ele>
    </trkpt>
    <trkpt lat="31.937507" lon="34.948265">
      <ele>106.2</ele>
    </trkpt>
    <trkpt lat="31.937481" lon="34.948288">
      <ele>106.4</ele>
    </trkpt>
    <trkpt lat="31.937453" lon="34.948309">
      <ele>106.6</ele>
    </trkpt>
    <trkpt lat="31.937424" lon="34.948331">
      <ele>106.9</ele>
    </trkpt>
    <trkpt lat="31.937394" lon="34.948352">
      <ele>107.1</ele>
    </trkpt>
    <trkpt lat="31.937358" lon="34.948379">
      <ele>107.4</ele>
    </trkpt>
    <trkpt lat="31.937325" lon="34.948406">
      <ele>107.7</ele>
    </trkpt>
    <trkpt lat="31.937295" lon="34.948436">
      <ele>108.1</ele>
    </trkpt>
    <trkpt lat="31.937269" lon="34.94847">
      <ele>108.5</ele>
    </trkpt>
    <trkpt lat="31.937248" lon="34.948507">
      <ele>108.9</ele>
    </trkpt>
    <trkpt lat="31.937229" lon="34.948546">
      <ele>109.3</ele>
    </trkpt>
    <trkpt lat="31.937214" lon="34.948584">
      <ele>109.7</ele>
    </trkpt>
    <trkpt lat="31.937203" lon="34.948624">
      <ele>110.2</ele>
    </trkpt>
    <trkpt lat="31.937197" lon="34.948666">
      <ele>110.6</ele>
    </trkpt>
    <trkpt lat="31.937191" lon="34.948706">
      <ele>111.0</ele>
    </trkpt>
    <trkpt lat="31.937184" lon="34.948745">
      <ele>111.5</ele>
    </trkpt>
    <trkpt lat="31.937179" lon="34.948784">
      <ele>111.8</ele>
    </trkpt>
    <trkpt lat="31.937175" lon="34.948824">
      <ele>112.1</ele>
    </trkpt>
    <trkpt lat="31.937174" lon="34.948865">
      <ele>112.5</ele>
    </trkpt>
    <trkpt lat="31.937174" lon="34.948906">
      <ele>112.8</ele>
    </trkpt>
    <trkpt lat="31.937174" lon="34.948948">
      <ele>113.1</ele>
    </trkpt>
    <trkpt lat="31.937175" lon="34.948989">
      <ele>113.4</ele>
    </trkpt>
    <trkpt lat="31.937175" lon="34.94903">
      <ele>113.8</ele>
    </trkpt>
    <trkpt lat="31.937175" lon="34.94907">
      <ele>114.1</ele>
    </trkpt>
    <trkpt lat="31.937174" lon="34.94911">
      <ele>114.4</ele>
    </trkpt>
    <trkpt lat="31.937173" lon="34.949148">
      <ele>114.7</ele>
    </trkpt>
    <trkpt lat="31.937171" lon="34.949181">
      <ele>115.0</ele>
    </trkpt>
    <trkpt lat="31.937168" lon="34.949214">
      <ele>115.3</ele>
    </trkpt>
    <trkpt lat="31.937165" lon="34.949247">
      <ele>115.5</ele>
    </trkpt>
    <trkpt lat="31.93716" lon="34.94928">
      <ele>115.8</ele>
    </trkpt>
    <trkpt lat="31.937154" lon="34.949313">
      <ele>116.2</ele>
    </trkpt>
    <trkpt lat="31.937143" lon="34.949344">
      <ele>116.5</ele>
    </trkpt>
    <trkpt lat="31.937129" lon="34.949373">
      <ele>116.9</ele>
    </trkpt>
    <trkpt lat="31.937111" lon="34.949397">
      <ele>117.2</ele>
    </trkpt>
    <trkpt lat="31.937065" lon="34.949428">
      <ele>117.6</ele>
    </trkpt>
    <trkpt lat="31.937039" lon="34.949436">
      <ele>117.4</ele>
    </trkpt>
    <trkpt lat="31.937012" lon="34.949441">
      <ele>117.3</ele>
    </trkpt>
    <trkpt lat="31.93696" lon="34.949444">
      <ele>116.9</ele>
    </trkpt>
    <trkpt lat="31.93691" lon="34.949434">
      <ele>116.5</ele>
    </trkpt>
    <trkpt lat="31.936861" lon="34.949423">
      <ele>116.0</ele>
    </trkpt>
    <trkpt lat="31.936814" lon="34.949408">
      <ele>115.5</ele>
    </trkpt>
    <trkpt lat="31.936766" lon="34.949382">
      <ele>114.9</ele>
    </trkpt>
    <trkpt lat="31.936719" lon="34.949357">
      <ele>114.4</ele>
    </trkpt>
    <trkpt lat="31.936671" lon="34.949338">
      <ele>113.8</ele>
    </trkpt>
    <trkpt lat="31.936623" lon="34.949317">
      <ele>113.3</ele>
    </trkpt>
    <trkpt lat="31.936578" lon="34.949299">
      <ele>112.8</ele>
    </trkpt>
    <trkpt lat="31.936545" lon="34.949291">
      <ele>112.4</ele>
    </trkpt>
    <trkpt lat="31.936509" lon="34.94928">
      <ele>112.1</ele>
    </trkpt>
    <trkpt lat="31.936469" lon="34.949251">
      <ele>111.5</ele>
    </trkpt>
    <trkpt lat="31.936445" lon="34.949232">
      <ele>111.1</ele>
    </trkpt>
    <trkpt lat="31.9364" lon="34.949208">
      <ele>110.6</ele>
    </trkpt>
    <trkpt lat="31.936373" lon="34.9492">
      <ele>110.3</ele>
    </trkpt>
    <trkpt lat="31.936341" lon="34.949204">
      <ele>110.1</ele>
    </trkpt>
    <trkpt lat="31.936313" lon="34.949186">
      <ele>109.7</ele>
    </trkpt>
    <trkpt lat="31.936281" lon="34.949161">
      <ele>109.2</ele>
    </trkpt>
    <trkpt lat="31.936245" lon="34.949157">
      <ele>108.9</ele>
    </trkpt>
    <trkpt lat="31.936216" lon="34.94916">
      <ele>108.8</ele>
    </trkpt>
    <trkpt lat="31.936189" lon="34.949171">
      <ele>108.7</ele>
    </trkpt>
    <trkpt lat="31.936172" lon="34.949198">
      <ele>108.9</ele>
    </trkpt>
    <trkpt lat="31.936152" lon="34.94923">
      <ele>109.0</ele>
    </trkpt>
    <trkpt lat="31.936133" lon="34.949258">
      <ele>109.2</ele>
    </trkpt>
    <trkpt lat="31.936126" lon="34.949303">
      <ele>109.5</ele>
    </trkpt>
    <trkpt lat="31.936121" lon="34.949345">
      <ele>109.8</ele>
    </trkpt>
    <trkpt lat="31.936117" lon="34.949395">
      <ele>110.3</ele>
    </trkpt>
    <trkpt lat="31.936119" lon="34.949448">
      <ele>110.7</ele>
    </trkpt>
    <trkpt lat="31.936116" lon="34.949481">
      <ele>111.0</ele>
    </trkpt>
    <trkpt lat="31.93611" lon="34.949514">
      <ele>111.2</ele>
    </trkpt>
    <trkpt lat="31.936101" lon="34.949545">
      <ele>111.4</ele>
    </trkpt>
    <trkpt lat="31.936084" lon="34.949599">
      <ele>111.7</ele>
    </trkpt>
    <trkpt lat="31.936068" lon="34.94966">
      <ele>112.1</ele>
    </trkpt>
    <trkpt lat="31.936062" lon="34.949692">
      <ele>112.2</ele>
    </trkpt>
    <trkpt lat="31.936054" lon="34.949723">
      <ele>112.4</ele>
    </trkpt>
    <trkpt lat="31.936045" lon="34.949756">
      <ele>112.6</ele>
    </trkpt>
    <trkpt lat="31.936036" lon="34.949788">
      <ele>112.7</ele>
    </trkpt>
    <trkpt lat="31.936027" lon="34.94982">
      <ele>112.9</ele>
    </trkpt>
    <trkpt lat="31.936019" lon="34.949852">
      <ele>113.0</ele>
    </trkpt>
    <trkpt lat="31.936004" lon="34.94991">
      <ele>113.3</ele>
    </trkpt>
    <trkpt lat="31.935981" lon="34.949963">
      <ele>113.5</ele>
    </trkpt>
    <trkpt lat="31.935952" lon="34.950013">
      <ele>113.6</ele>
    </trkpt>
    <trkpt lat="31.935936" lon="34.950039">
      <ele>113.6</ele>
    </trkpt>
    <trkpt lat="31.935919" lon="34.950065">
      <ele>113.6</ele>
    </trkpt>
    <trkpt lat="31.935901" lon="34.950091">
      <ele>113.6</ele>
    </trkpt>
    <trkpt lat="31.935879" lon="34.950121">
      <ele>113.5</ele>
    </trkpt>
    <trkpt lat="31.935857" lon="34.95015">
      <ele>113.5</ele>
    </trkpt>
    <trkpt lat="31.935835" lon="34.950174">
      <ele>113.4</ele>
    </trkpt>
    <trkpt lat="31.935812" lon="34.950196">
      <ele>113.3</ele>
    </trkpt>
    <trkpt lat="31.93579" lon="34.950218">
      <ele>113.2</ele>
    </trkpt>
    <trkpt lat="31.93577" lon="34.950243">
      <ele>113.1</ele>
    </trkpt>
    <trkpt lat="31.935751" lon="34.950271">
      <ele>113.1</ele>
    </trkpt>
    <trkpt lat="31.935732" lon="34.950299">
      <ele>113.1</ele>
    </trkpt>
    <trkpt lat="31.935713" lon="34.950328">
      <ele>113.0</ele>
    </trkpt>
    <trkpt lat="31.935693" lon="34.950358">
      <ele>113.0</ele>
    </trkpt>
    <trkpt lat="31.935676" lon="34.95039">
      <ele>113.0</ele>
    </trkpt>
    <trkpt lat="31.935661" lon="34.950426">
      <ele>113.0</ele>
    </trkpt>
    <trkpt lat="31.935645" lon="34.95046">
      <ele>113.2</ele>
    </trkpt>
    <trkpt lat="31.935629" lon="34.950494">
      <ele>113.3</ele>
    </trkpt>
    <trkpt lat="31.935613" lon="34.950527">
      <ele>113.4</ele>
    </trkpt>
    <trkpt lat="31.935598" lon="34.95056">
      <ele>113.6</ele>
    </trkpt>
    <trkpt lat="31.935581" lon="34.950591">
      <ele>113.7</ele>
    </trkpt>
    <trkpt lat="31.935564" lon="34.950622">
      <ele>113.8</ele>
    </trkpt>
    <trkpt lat="31.935547" lon="34.950652">
      <ele>113.9</ele>
    </trkpt>
    <trkpt lat="31.935531" lon="34.950682">
      <ele>114.0</ele>
    </trkpt>
    <trkpt lat="31.935513" lon="34.950711">
      <ele>114.0</ele>
    </trkpt>
    <trkpt lat="31.935495" lon="34.950739">
      <ele>114.1</ele>
    </trkpt>
    <trkpt lat="31.935476" lon="34.950767">
      <ele>114.1</ele>
    </trkpt>
    <trkpt lat="31.935455" lon="34.950796">
      <ele>114.1</ele>
    </trkpt>
    <trkpt lat="31.935433" lon="34.950828">
      <ele>114.2</ele>
    </trkpt>
    <trkpt lat="31.935408" lon="34.950863">
      <ele>114.3</ele>
    </trkpt>
    <trkpt lat="31.935384" lon="34.950896">
      <ele>114.8</ele>
    </trkpt>
    <trkpt lat="31.935358" lon="34.950928">
      <ele>115.2</ele>
    </trkpt>
    <trkpt lat="31.93533" lon="34.950954">
      <ele>115.6</ele>
    </trkpt>
    <trkpt lat="31.935302" lon="34.950978">
      <ele>116.0</ele>
    </trkpt>
    <trkpt lat="31.935273" lon="34.951001">
      <ele>116.3</ele>
    </trkpt>
    <trkpt lat="31.935244" lon="34.951027">
      <ele>116.7</ele>
    </trkpt>
    <trkpt lat="31.935219" lon="34.951054">
      <ele>117.1</ele>
    </trkpt>
    <trkpt lat="31.935198" lon="34.951088">
      <ele>117.4</ele>
    </trkpt>
    <trkpt lat="31.935182" lon="34.951128">
      <ele>117.8</ele>
    </trkpt>
    <trkpt lat="31.93517" lon="34.951171">
      <ele>118.2</ele>
    </trkpt>
    <trkpt lat="31.935159" lon="34.951215">
      <ele>118.6</ele>
    </trkpt>
    <trkpt lat="31.935148" lon="34.951258">
      <ele>119.0</ele>
    </trkpt>
    <trkpt lat="31.935139" lon="34.9513">
      <ele>119.4</ele>
    </trkpt>
    <trkpt lat="31.935132" lon="34.95134">
      <ele>119.8</ele>
    </trkpt>
    <trkpt lat="31.935131" lon="34.951377">
      <ele>120.1</ele>
    </trkpt>
    <trkpt lat="31.935128" lon="34.951415">
      <ele>120.5</ele>
    </trkpt>
    <trkpt lat="31.935125" lon="34.951453">
      <ele>120.8</ele>
    </trkpt>
    <trkpt lat="31.935122" lon="34.951492">
      <ele>121.1</ele>
    </trkpt>
    <trkpt lat="31.935123" lon="34.951531">
      <ele>121.5</ele>
    </trkpt>
    <trkpt lat="31.935121" lon="34.951568">
      <ele>121.8</ele>
    </trkpt>
    <trkpt lat="31.935117" lon="34.951603">
      <ele>122.1</ele>
    </trkpt>
    <trkpt lat="31.93511" lon="34.951638">
      <ele>122.4</ele>
    </trkpt>
    <trkpt lat="31.935102" lon="34.951672">
      <ele>122.7</ele>
    </trkpt>
    <trkpt lat="31.935093" lon="34.951706">
      <ele>122.9</ele>
    </trkpt>
    <trkpt lat="31.935086" lon="34.951741">
      <ele>123.2</ele>
    </trkpt>
    <trkpt lat="31.935079" lon="34.951775">
      <ele>123.5</ele>
    </trkpt>
    <trkpt lat="31.935071" lon="34.951809">
      <ele>123.7</ele>
    </trkpt>
    <trkpt lat="31.935063" lon="34.951843">
      <ele>124.0</ele>
    </trkpt>
    <trkpt lat="31.935055" lon="34.951877">
      <ele>124.2</ele>
    </trkpt>
    <trkpt lat="31.93505" lon="34.951913">
      <ele>124.5</ele>
    </trkpt>
    <trkpt lat="31.935047" lon="34.951948">
      <ele>124.7</ele>
    </trkpt>
    <trkpt lat="31.935042" lon="34.951983">
      <ele>125.0</ele>
    </trkpt>
    <trkpt lat="31.935036" lon="34.952017">
      <ele>125.2</ele>
    </trkpt>
    <trkpt lat="31.935029" lon="34.952051">
      <ele>125.4</ele>
    </trkpt>
    <trkpt lat="31.935021" lon="34.952085">
      <ele>125.6</ele>
    </trkpt>
    <trkpt lat="31.935013" lon="34.952118">
      <ele>125.9</ele>
    </trkpt>
    <trkpt lat="31.935004" lon="34.95215">
      <ele>126.2</ele>
    </trkpt>
    <trkpt lat="31.934995" lon="34.952182">
      <ele>126.4</ele>
    </trkpt>
    <trkpt lat="31.934985" lon="34.952212">
      <ele>126.7</ele>
    </trkpt>
    <trkpt lat="31.934969" lon="34.95227">
      <ele>127.1</ele>
    </trkpt>
    <trkpt lat="31.934956" lon="34.952331">
      <ele>127.7</ele>
    </trkpt>
    <trkpt lat="31.93495" lon="34.952363">
      <ele>128.0</ele>
    </trkpt>
    <trkpt lat="31.934943" lon="34.952398">
      <ele>128.3</ele>
    </trkpt>
    <trkpt lat="31.934937" lon="34.952436">
      <ele>128.6</ele>
    </trkpt>
    <trkpt lat="31.93493" lon="34.95247">
      <ele>128.9</ele>
    </trkpt>
    <trkpt lat="31.934921" lon="34.952502">
      <ele>129.2</ele>
    </trkpt>
    <trkpt lat="31.934912" lon="34.952532">
      <ele>129.5</ele>
    </trkpt>
    <trkpt lat="31.934901" lon="34.952561">
      <ele>129.8</ele>
    </trkpt>
    <trkpt lat="31.934867" lon="34.952607">
      <ele>130.1</ele>
    </trkpt>
    <trkpt lat="31.934817" lon="34.952634">
      <ele>130.3</ele>
    </trkpt>
    <trkpt lat="31.934787" lon="34.952642">
      <ele>130.3</ele>
    </trkpt>
    <trkpt lat="31.93475" lon="34.952648">
      <ele>130.2</ele>
    </trkpt>
    <trkpt lat="31.934711" lon="34.95265">
      <ele>130.1</ele>
    </trkpt>
    <trkpt lat="31.934674" lon="34.952654">
      <ele>130.1</ele>
    </trkpt>
    <trkpt lat="31.934637" lon="34.952658">
      <ele>130.0</ele>
    </trkpt>
    <trkpt lat="31.934599" lon="34.952664">
      <ele>130.0</ele>
    </trkpt>
    <trkpt lat="31.93456" lon="34.952671">
      <ele>130.0</ele>
    </trkpt>
    <trkpt lat="31.934517" lon="34.95268">
      <ele>130.0</ele>
    </trkpt>
    <trkpt lat="31.934475" lon="34.95269">
      <ele>130.0</ele>
    </trkpt>
    <trkpt lat="31.934433" lon="34.952699">
      <ele>130.0</ele>
    </trkpt>
    <trkpt lat="31.934392" lon="34.952707">
      <ele>130.0</ele>
    </trkpt>
    <trkpt lat="31.934348" lon="34.952713">
      <ele>129.9</ele>
    </trkpt>
    <trkpt lat="31.934281" lon="34.95273">
      <ele>129.9</ele>
    </trkpt>
    <trkpt lat="31.934235" lon="34.952734">
      <ele>129.8</ele>
    </trkpt>
    <trkpt lat="31.934212" lon="34.952756">
      <ele>129.9</ele>
    </trkpt>
    <trkpt lat="31.934173" lon="34.952768">
      <ele>129.9</ele>
    </trkpt>
    <trkpt lat="31.934118" lon="34.952777">
      <ele>129.7</ele>
    </trkpt>
    <trkpt lat="31.934072" lon="34.952812">
      <ele>129.8</ele>
    </trkpt>
    <trkpt lat="31.934059" lon="34.952868">
      <ele>130.2</ele>
    </trkpt>
    <trkpt lat="31.934027" lon="34.95291">
      <ele>130.3</ele>
    </trkpt>
    <trkpt lat="31.934002" lon="34.952926">
      <ele>130.3</ele>
    </trkpt>
    <trkpt lat="31.933974" lon="34.952947">
      <ele>130.3</ele>
    </trkpt>
    <trkpt lat="31.933928" lon="34.952973">
      <ele>130.3</ele>
    </trkpt>
    <trkpt lat="31.933905" lon="34.953001">
      <ele>130.4</ele>
    </trkpt>
    <trkpt lat="31.933872" lon="34.953041">
      <ele>130.5</ele>
    </trkpt>
    <trkpt lat="31.933837" lon="34.953078">
      <ele>130.6</ele>
    </trkpt>
    <trkpt lat="31.933805" lon="34.953109">
      <ele>130.6</ele>
    </trkpt>
    <trkpt lat="31.933764" lon="34.953126">
      <ele>130.6</ele>
    </trkpt>
    <trkpt lat="31.933726" lon="34.953137">
      <ele>130.7</ele>
    </trkpt>
    <trkpt lat="31.93369" lon="34.953151">
      <ele>130.9</ele>
    </trkpt>
    <trkpt lat="31.933651" lon="34.953165">
      <ele>131.2</ele>
    </trkpt>
    <trkpt lat="31.933612" lon="34.953179">
      <ele>131.4</ele>
    </trkpt>
    <trkpt lat="31.933574" lon="34.953194">
      <ele>131.6</ele>
    </trkpt>
    <trkpt lat="31.933537" lon="34.953209">
      <ele>131.8</ele>
    </trkpt>
    <trkpt lat="31.9335" lon="34.953223">
      <ele>132.0</ele>
    </trkpt>
    <trkpt lat="31.933462" lon="34.953236">
      <ele>132.2</ele>
    </trkpt>
    <trkpt lat="31.933425" lon="34.953248">
      <ele>132.4</ele>
    </trkpt>
    <trkpt lat="31.933387" lon="34.953256">
      <ele>132.6</ele>
    </trkpt>
    <trkpt lat="31.93335" lon="34.95326">
      <ele>132.7</ele>
    </trkpt>
    <trkpt lat="31.933316" lon="34.953262">
      <ele>132.8</ele>
    </trkpt>
    <trkpt lat="31.933281" lon="34.953259">
      <ele>132.9</ele>
    </trkpt>
    <trkpt lat="31.933244" lon="34.953256">
      <ele>133.0</ele>
    </trkpt>
    <trkpt lat="31.933207" lon="34.953256">
      <ele>133.1</ele>
    </trkpt>
    <trkpt lat="31.93317" lon="34.953258">
      <ele>133.2</ele>
    </trkpt>
    <trkpt lat="31.933132" lon="34.953262">
      <ele>133.4</ele>
    </trkpt>
    <trkpt lat="31.933094" lon="34.953267">
      <ele>133.5</ele>
    </trkpt>
    <trkpt lat="31.933056" lon="34.953272">
      <ele>133.6</ele>
    </trkpt>
    <trkpt lat="31.933018" lon="34.953273">
      <ele>133.7</ele>
    </trkpt>
    <trkpt lat="31.932979" lon="34.953274">
      <ele>133.8</ele>
    </trkpt>
    <trkpt lat="31.93294" lon="34.953275">
      <ele>133.9</ele>
    </trkpt>
    <trkpt lat="31.932902" lon="34.953275">
      <ele>134.0</ele>
    </trkpt>
    <trkpt lat="31.932863" lon="34.953275">
      <ele>134.1</ele>
    </trkpt>
    <trkpt lat="31.932825" lon="34.953273">
      <ele>134.2</ele>
    </trkpt>
    <trkpt lat="31.932786" lon="34.953272">
      <ele>134.3</ele>
    </trkpt>
    <trkpt lat="31.932748" lon="34.953272">
      <ele>134.4</ele>
    </trkpt>
    <trkpt lat="31.932708" lon="34.953271">
      <ele>134.5</ele>
    </trkpt>
    <trkpt lat="31.93267" lon="34.95327">
      <ele>134.6</ele>
    </trkpt>
    <trkpt lat="31.932631" lon="34.953267">
      <ele>134.7</ele>
    </trkpt>
    <trkpt lat="31.932593" lon="34.953258">
      <ele>134.8</ele>
    </trkpt>
    <trkpt lat="31.932558" lon="34.953243">
      <ele>135.0</ele>
    </trkpt>
    <trkpt lat="31.932526" lon="34.953221">
      <ele>135.1</ele>
    </trkpt>
    <trkpt lat="31.932496" lon="34.953193">
      <ele>135.2</ele>
    </trkpt>
    <trkpt lat="31.93247" lon="34.953162">
      <ele>135.3</ele>
    </trkpt>
    <trkpt lat="31.932445" lon="34.953129">
      <ele>135.4</ele>
    </trkpt>
    <trkpt lat="31.932421" lon="34.953094">
      <ele>135.5</ele>
    </trkpt>
    <trkpt lat="31.932397" lon="34.953058">
      <ele>135.7</ele>
    </trkpt>
    <trkpt lat="31.932372" lon="34.953023">
      <ele>135.8</ele>
    </trkpt>
    <trkpt lat="31.932347" lon="34.952988">
      <ele>135.9</ele>
    </trkpt>
    <trkpt lat="31.932322" lon="34.952953">
      <ele>136.1</ele>
    </trkpt>
    <trkpt lat="31.932297" lon="34.952917">
      <ele>136.2</ele>
    </trkpt>
    <trkpt lat="31.93227" lon="34.952883">
      <ele>136.4</ele>
    </trkpt>
    <trkpt lat="31.932239" lon="34.952846">
      <ele>136.5</ele>
    </trkpt>
    <trkpt lat="31.932208" lon="34.952809">
      <ele>136.7</ele>
    </trkpt>
    <trkpt lat="31.932179" lon="34.952769">
      <ele>136.8</ele>
    </trkpt>
    <trkpt lat="31.932149" lon="34.95273">
      <ele>137.0</ele>
    </trkpt>
    <trkpt lat="31.932117" lon="34.952694">
      <ele>137.1</ele>
    </trkpt>
    <trkpt lat="31.932083" lon="34.952662">
      <ele>137.3</ele>
    </trkpt>
    <trkpt lat="31.932048" lon="34.952632">
      <ele>137.5</ele>
    </trkpt>
    <trkpt lat="31.932013" lon="34.952604">
      <ele>137.7</ele>
    </trkpt>
    <trkpt lat="31.931976" lon="34.952576">
      <ele>137.9</ele>
    </trkpt>
    <trkpt lat="31.931935" lon="34.952554">
      <ele>138.1</ele>
    </trkpt>
    <trkpt lat="31.931892" lon="34.952532">
      <ele>138.3</ele>
    </trkpt>
    <trkpt lat="31.931852" lon="34.95251">
      <ele>138.5</ele>
    </trkpt>
    <trkpt lat="31.931814" lon="34.952481">
      <ele>138.6</ele>
    </trkpt>
    <trkpt lat="31.931775" lon="34.952457">
      <ele>138.8</ele>
    </trkpt>
    <trkpt lat="31.931735" lon="34.952434">
      <ele>138.9</ele>
    </trkpt>
    <trkpt lat="31.931708" lon="34.952408">
      <ele>139.0</ele>
    </trkpt>
    <trkpt lat="31.93168" lon="34.95238">
      <ele>139.1</ele>
    </trkpt>
    <trkpt lat="31.931657" lon="34.952353">
      <ele>139.2</ele>
    </trkpt>
    <trkpt lat="31.931625" lon="34.952328">
      <ele>139.3</ele>
    </trkpt>
    <trkpt lat="31.931587" lon="34.952304">
      <ele>139.4</ele>
    </trkpt>
    <trkpt lat="31.931544" lon="34.952285">
      <ele>139.5</ele>
    </trkpt>
    <trkpt lat="31.931501" lon="34.952274">
      <ele>139.6</ele>
    </trkpt>
    <trkpt lat="31.931462" lon="34.952265">
      <ele>139.8</ele>
    </trkpt>
    <trkpt lat="31.931422" lon="34.952266">
      <ele>139.9</ele>
    </trkpt>
    <trkpt lat="31.931384" lon="34.952274">
      <ele>140.0</ele>
    </trkpt>
    <trkpt lat="31.931347" lon="34.952285">
      <ele>140.2</ele>
    </trkpt>
    <trkpt lat="31.93131" lon="34.952298">
      <ele>140.3</ele>
    </trkpt>
    <trkpt lat="31.93128" lon="34.952313">
      <ele>140.4</ele>
    </trkpt>
    <trkpt lat="31.931251" lon="34.952332">
      <ele>140.6</ele>
    </trkpt>
    <trkpt lat="31.931223" lon="34.952357">
      <ele>140.8</ele>
    </trkpt>
    <trkpt lat="31.931197" lon="34.952387">
      <ele>141.0</ele>
    </trkpt>
    <trkpt lat="31.931175" lon="34.952422">
      <ele>141.2</ele>
    </trkpt>
    <trkpt lat="31.931152" lon="34.952463">
      <ele>141.5</ele>
    </trkpt>
    <trkpt lat="31.93113" lon="34.952505">
      <ele>141.7</ele>
    </trkpt>
    <trkpt lat="31.931109" lon="34.952546">
      <ele>142.0</ele>
    </trkpt>
    <trkpt lat="31.931091" lon="34.952589">
      <ele>142.2</ele>
    </trkpt>
    <trkpt lat="31.931077" lon="34.952633">
      <ele>142.5</ele>
    </trkpt>
    <trkpt lat="31.931066" lon="34.952678">
      <ele>142.7</ele>
    </trkpt>
    <trkpt lat="31.931057" lon="34.952724">
      <ele>142.9</ele>
    </trkpt>
    <trkpt lat="31.931047" lon="34.952768">
      <ele>143.2</ele>
    </trkpt>
    <trkpt lat="31.931036" lon="34.952812">
      <ele>143.4</ele>
    </trkpt>
    <trkpt lat="31.931024" lon="34.952856">
      <ele>143.7</ele>
    </trkpt>
    <trkpt lat="31.93101" lon="34.952898">
      <ele>143.9</ele>
    </trkpt>
    <trkpt lat="31.930991" lon="34.952938">
      <ele>144.2</ele>
    </trkpt>
    <trkpt lat="31.930968" lon="34.952976">
      <ele>144.3</ele>
    </trkpt>
    <trkpt lat="31.930943" lon="34.953013">
      <ele>144.5</ele>
    </trkpt>
    <trkpt lat="31.930917" lon="34.953047">
      <ele>144.8</ele>
    </trkpt>
    <trkpt lat="31.930891" lon="34.953081">
      <ele>145.0</ele>
    </trkpt>
    <trkpt lat="31.930864" lon="34.953114">
      <ele>145.2</ele>
    </trkpt>
    <trkpt lat="31.930839" lon="34.953147">
      <ele>145.4</ele>
    </trkpt>
    <trkpt lat="31.930813" lon="34.953181">
      <ele>145.7</ele>
    </trkpt>
    <trkpt lat="31.930788" lon="34.953217">
      <ele>145.9</ele>
    </trkpt>
    <trkpt lat="31.930763" lon="34.953255">
      <ele>146.2</ele>
    </trkpt>
    <trkpt lat="31.930738" lon="34.953293">
      <ele>146.4</ele>
    </trkpt>
    <trkpt lat="31.930714" lon="34.953332">
      <ele>146.6</ele>
    </trkpt>
    <trkpt lat="31.930688" lon="34.953371">
      <ele>146.9</ele>
    </trkpt>
    <trkpt lat="31.93066" lon="34.953417">
      <ele>147.2</ele>
    </trkpt>
    <trkpt lat="31.930629" lon="34.953471">
      <ele>147.5</ele>
    </trkpt>
    <trkpt lat="31.930606" lon="34.953517">
      <ele>147.8</ele>
    </trkpt>
    <trkpt lat="31.930576" lon="34.95355">
      <ele>148.1</ele>
    </trkpt>
    <trkpt lat="31.930546" lon="34.953593">
      <ele>148.5</ele>
    </trkpt>
    <trkpt lat="31.93052" lon="34.953636">
      <ele>148.8</ele>
    </trkpt>
    <trkpt lat="31.930497" lon="34.953681">
      <ele>149.1</ele>
    </trkpt>
    <trkpt lat="31.930485" lon="34.953726">
      <ele>149.2</ele>
    </trkpt>
    <trkpt lat="31.930462" lon="34.953772">
      <ele>149.4</ele>
    </trkpt>
    <trkpt lat="31.930437" lon="34.953795">
      <ele>149.5</ele>
    </trkpt>
    <trkpt lat="31.930417" lon="34.953822">
      <ele>149.6</ele>
    </trkpt>
    <trkpt lat="31.930402" lon="34.953863">
      <ele>149.4</ele>
    </trkpt>
    <trkpt lat="31.930387" lon="34.953898">
      <ele>149.2</ele>
    </trkpt>
    <trkpt lat="31.930367" lon="34.953947">
      <ele>149.0</ele>
    </trkpt>
    <trkpt lat="31.930351" lon="34.953991">
      <ele>148.8</ele>
    </trkpt>
    <trkpt lat="31.930338" lon="34.954022">
      <ele>148.6</ele>
    </trkpt>
    <trkpt lat="31.930319" lon="34.95406">
      <ele>148.4</ele>
    </trkpt>
    <trkpt lat="31.930297" lon="34.954096">
      <ele>148.3</ele>
    </trkpt>
    <trkpt lat="31.93028" lon="34.954132">
      <ele>148.1</ele>
    </trkpt>
    <trkpt lat="31.930265" lon="34.954173">
      <ele>147.9</ele>
    </trkpt>
    <trkpt lat="31.930249" lon="34.954213">
      <ele>147.7</ele>
    </trkpt>
    <trkpt lat="31.930231" lon="34.954251">
      <ele>147.5</ele>
    </trkpt>
    <trkpt lat="31.930211" lon="34.954289">
      <ele>147.3</ele>
    </trkpt>
    <trkpt lat="31.93019" lon="34.954325">
      <ele>147.2</ele>
    </trkpt>
    <trkpt lat="31.930168" lon="34.954359">
      <ele>147.0</ele>
    </trkpt>
    <trkpt lat="31.930143" lon="34.954391">
      <ele>146.9</ele>
    </trkpt>
    <trkpt lat="31.930117" lon="34.954421">
      <ele>146.8</ele>
    </trkpt>
    <trkpt lat="31.930091" lon="34.954449">
      <ele>146.7</ele>
    </trkpt>
    <trkpt lat="31.930063" lon="34.954477">
      <ele>146.5</ele>
    </trkpt>
    <trkpt lat="31.930035" lon="34.954505">
      <ele>146.4</ele>
    </trkpt>
    <trkpt lat="31.930006" lon="34.954532">
      <ele>146.3</ele>
    </trkpt>
    <trkpt lat="31.929979" lon="34.954562">
      <ele>146.2</ele>
    </trkpt>
    <trkpt lat="31.929953" lon="34.954595">
      <ele>146.1</ele>
    </trkpt>
    <trkpt lat="31.929928" lon="34.954629">
      <ele>146.2</ele>
    </trkpt>
    <trkpt lat="31.929905" lon="34.954665">
      <ele>146.2</ele>
    </trkpt>
    <trkpt lat="31.929882" lon="34.954701">
      <ele>146.2</ele>
    </trkpt>
    <trkpt lat="31.929859" lon="34.954738">
      <ele>146.2</ele>
    </trkpt>
    <trkpt lat="31.929838" lon="34.954776">
      <ele>146.2</ele>
    </trkpt>
    <trkpt lat="31.929817" lon="34.954815">
      <ele>146.2</ele>
    </trkpt>
    <trkpt lat="31.929796" lon="34.954853">
      <ele>146.2</ele>
    </trkpt>
    <trkpt lat="31.929773" lon="34.954892">
      <ele>146.1</ele>
    </trkpt>
    <trkpt lat="31.92975" lon="34.954931">
      <ele>146.1</ele>
    </trkpt>
    <trkpt lat="31.929724" lon="34.954973">
      <ele>146.0</ele>
    </trkpt>
    <trkpt lat="31.9297" lon="34.955016">
      <ele>146.0</ele>
    </trkpt>
    <trkpt lat="31.929678" lon="34.95506">
      <ele>145.9</ele>
    </trkpt>
    <trkpt lat="31.929657" lon="34.955105">
      <ele>145.8</ele>
    </trkpt>
    <trkpt lat="31.929637" lon="34.955152">
      <ele>145.7</ele>
    </trkpt>
    <trkpt lat="31.929618" lon="34.955199">
      <ele>145.6</ele>
    </trkpt>
    <trkpt lat="31.929597" lon="34.955263">
      <ele>145.4</ele>
    </trkpt>
    <trkpt lat="31.929577" lon="34.955317">
      <ele>145.2</ele>
    </trkpt>
    <trkpt lat="31.929556" lon="34.955373">
      <ele>144.8</ele>
    </trkpt>
    <trkpt lat="31.929531" lon="34.95543">
      <ele>144.5</ele>
    </trkpt>
    <trkpt lat="31.929505" lon="34.955487">
      <ele>144.2</ele>
    </trkpt>
    <trkpt lat="31.929484" lon="34.955551">
      <ele>144.0</ele>
    </trkpt>
    <trkpt lat="31.929459" lon="34.955617">
      <ele>143.7</ele>
    </trkpt>
    <trkpt lat="31.929433" lon="34.955683">
      <ele>143.3</ele>
    </trkpt>
    <trkpt lat="31.929403" lon="34.955751">
      <ele>142.9</ele>
    </trkpt>
    <trkpt lat="31.929378" lon="34.955821">
      <ele>142.6</ele>
    </trkpt>
    <trkpt lat="31.929356" lon="34.955893">
      <ele>142.2</ele>
    </trkpt>
    <trkpt lat="31.929334" lon="34.955967">
      <ele>141.8</ele>
    </trkpt>
    <trkpt lat="31.929315" lon="34.956049">
      <ele>141.4</ele>
    </trkpt>
    <trkpt lat="31.929298" lon="34.956127">
      <ele>141.1</ele>
    </trkpt>
    <trkpt lat="31.929279" lon="34.956203">
      <ele>140.7</ele>
    </trkpt>
    <trkpt lat="31.929252" lon="34.956281">
      <ele>140.1</ele>
    </trkpt>
    <trkpt lat="31.929237" lon="34.956365">
      <ele>139.7</ele>
    </trkpt>
    <trkpt lat="31.929217" lon="34.956451">
      <ele>139.2</ele>
    </trkpt>
    <trkpt lat="31.929199" lon="34.956539">
      <ele>138.7</ele>
    </trkpt>
    <trkpt lat="31.929185" lon="34.956626">
      <ele>138.3</ele>
    </trkpt>
    <trkpt lat="31.929167" lon="34.956717">
      <ele>137.9</ele>
    </trkpt>
    <trkpt lat="31.929153" lon="34.956806">
      <ele>137.5</ele>
    </trkpt>
    <trkpt lat="31.929141" lon="34.95689">
      <ele>137.1</ele>
    </trkpt>
    <trkpt lat="31.929134" lon="34.95697">
      <ele>136.9</ele>
    </trkpt>
    <trkpt lat="31.929122" lon="34.957062">
      <ele>136.5</ele>
    </trkpt>
    <trkpt lat="31.929112" lon="34.957142">
      <ele>136.5</ele>
    </trkpt>
    <trkpt lat="31.929092" lon="34.957225">
      <ele>136.6</ele>
    </trkpt>
    <trkpt lat="31.929068" lon="34.957301">
      <ele>136.6</ele>
    </trkpt>
    <trkpt lat="31.929036" lon="34.957378">
      <ele>136.5</ele>
    </trkpt>
    <trkpt lat="31.928998" lon="34.957456">
      <ele>136.4</ele>
    </trkpt>
    <trkpt lat="31.928954" lon="34.957532">
      <ele>136.2</ele>
    </trkpt>
    <trkpt lat="31.928911" lon="34.957611">
      <ele>136.1</ele>
    </trkpt>
    <trkpt lat="31.928871" lon="34.957685">
      <ele>136.0</ele>
    </trkpt>
    <trkpt lat="31.928827" lon="34.957757">
      <ele>135.9</ele>
    </trkpt>
    <trkpt lat="31.928786" lon="34.957828">
      <ele>135.9</ele>
    </trkpt>
    <trkpt lat="31.928742" lon="34.957896">
      <ele>135.9</ele>
    </trkpt>
    <trkpt lat="31.928703" lon="34.957957">
      <ele>136.3</ele>
    </trkpt>
    <trkpt lat="31.928667" lon="34.958014">
      <ele>136.7</ele>
    </trkpt>
    <trkpt lat="31.928632" lon="34.958064">
      <ele>137.1</ele>
    </trkpt>
    <trkpt lat="31.928598" lon="34.958109">
      <ele>137.5</ele>
    </trkpt>
    <trkpt lat="31.928573" lon="34.958141">
      <ele>137.7</ele>
    </trkpt>
    <trkpt lat="31.928555" lon="34.958178">
      <ele>138.0</ele>
    </trkpt>
    <trkpt lat="31.928527" lon="34.958208">
      <ele>138.3</ele>
    </trkpt>
    <trkpt lat="31.928504" lon="34.958171">
      <ele>138.0</ele>
    </trkpt>
    <trkpt lat="31.928467" lon="34.958155">
      <ele>137.9</ele>
    </trkpt>
    <trkpt lat="31.928423" lon="34.958154">
      <ele>137.9</ele>
    </trkpt>
    <trkpt lat="31.928382" lon="34.958157">
      <ele>138.0</ele>
    </trkpt>
    <trkpt lat="31.928338" lon="34.958145">
      <ele>137.9</ele>
    </trkpt>
    <trkpt lat="31.928293" lon="34.958134">
      <ele>137.9</ele>
    </trkpt>
    <trkpt lat="31.928241" lon="34.958114">
      <ele>137.7</ele>
    </trkpt>
    <trkpt lat="31.92819" lon="34.958091">
      <ele>137.5</ele>
    </trkpt>
    <trkpt lat="31.928143" lon="34.958057">
      <ele>137.3</ele>
    </trkpt>
    <trkpt lat="31.928099" lon="34.958014">
      <ele>136.9</ele>
    </trkpt>
    <trkpt lat="31.928059" lon="34.957973">
      <ele>136.5</ele>
    </trkpt>
    <trkpt lat="31.928022" lon="34.957924">
      <ele>136.1</ele>
    </trkpt>
    <trkpt lat="31.927992" lon="34.957868">
      <ele>135.7</ele>
    </trkpt>
    <trkpt lat="31.927969" lon="34.957803">
      <ele>135.3</ele>
    </trkpt>
    <trkpt lat="31.927948" lon="34.957732">
      <ele>134.9</ele>
    </trkpt>
    <trkpt lat="31.927921" lon="34.957657">
      <ele>134.4</ele>
    </trkpt>
    <trkpt lat="31.927888" lon="34.957585">
      <ele>134.0</ele>
    </trkpt>
    <trkpt lat="31.927837" lon="34.95752">
      <ele>133.5</ele>
    </trkpt>
    <trkpt lat="31.927792" lon="34.957454">
      <ele>133.1</ele>
    </trkpt>
    <trkpt lat="31.927738" lon="34.95739">
      <ele>132.6</ele>
    </trkpt>
    <trkpt lat="31.927686" lon="34.957324">
      <ele>132.1</ele>
    </trkpt>
    <trkpt lat="31.92764" lon="34.957256">
      <ele>131.5</ele>
    </trkpt>
    <trkpt lat="31.927598" lon="34.957185">
      <ele>130.9</ele>
    </trkpt>
    <trkpt lat="31.927561" lon="34.957104">
      <ele>130.3</ele>
    </trkpt>
    <trkpt lat="31.927531" lon="34.957018">
      <ele>129.7</ele>
    </trkpt>
    <trkpt lat="31.927502" lon="34.95693">
      <ele>129.2</ele>
    </trkpt>
    <trkpt lat="31.927477" lon="34.95684">
      <ele>128.6</ele>
    </trkpt>
    <trkpt lat="31.927449" lon="34.956752">
      <ele>128.1</ele>
    </trkpt>
    <trkpt lat="31.927411" lon="34.956661">
      <ele>127.5</ele>
    </trkpt>
    <trkpt lat="31.927366" lon="34.956577">
      <ele>126.8</ele>
    </trkpt>
    <trkpt lat="31.927311" lon="34.956504">
      <ele>126.3</ele>
    </trkpt>
    <trkpt lat="31.927231" lon="34.956455">
      <ele>125.7</ele>
    </trkpt>
    <trkpt lat="31.927148" lon="34.956416">
      <ele>125.2</ele>
    </trkpt>
    <trkpt lat="31.927061" lon="34.956405">
      <ele>124.8</ele>
    </trkpt>
    <trkpt lat="31.926972" lon="34.956398">
      <ele>124.5</ele>
    </trkpt>
    <trkpt lat="31.926888" lon="34.956395">
      <ele>124.1</ele>
    </trkpt>
    <trkpt lat="31.926804" lon="34.956387">
      <ele>123.8</ele>
    </trkpt>
    <trkpt lat="31.926724" lon="34.956382">
      <ele>123.4</ele>
    </trkpt>
    <trkpt lat="31.926647" lon="34.956375">
      <ele>123.1</ele>
    </trkpt>
    <trkpt lat="31.926573" lon="34.956372">
      <ele>122.8</ele>
    </trkpt>
    <trkpt lat="31.926496" lon="34.95637">
      <ele>122.5</ele>
    </trkpt>
    <trkpt lat="31.926416" lon="34.95637">
      <ele>122.2</ele>
    </trkpt>
    <trkpt lat="31.926342" lon="34.956375">
      <ele>121.9</ele>
    </trkpt>
    <trkpt lat="31.926275" lon="34.956397">
      <ele>121.8</ele>
    </trkpt>
    <trkpt lat="31.926214" lon="34.956422">
      <ele>121.9</ele>
    </trkpt>
    <trkpt lat="31.926159" lon="34.956455">
      <ele>122.3</ele>
    </trkpt>
    <trkpt lat="31.926108" lon="34.956509">
      <ele>122.6</ele>
    </trkpt>
    <trkpt lat="31.926067" lon="34.956549">
      <ele>122.9</ele>
    </trkpt>
    <trkpt lat="31.926034" lon="34.956599">
      <ele>123.2</ele>
    </trkpt>
    <trkpt lat="31.926004" lon="34.956654">
      <ele>123.5</ele>
    </trkpt>
    <trkpt lat="31.92598" lon="34.956716">
      <ele>123.8</ele>
    </trkpt>
    <trkpt lat="31.925956" lon="34.956773">
      <ele>124.1</ele>
    </trkpt>
    <trkpt lat="31.925935" lon="34.956838">
      <ele>124.4</ele>
    </trkpt>
    <trkpt lat="31.925919" lon="34.956903">
      <ele>124.7</ele>
    </trkpt>
    <trkpt lat="31.925902" lon="34.956967">
      <ele>125.0</ele>
    </trkpt>
    <trkpt lat="31.925883" lon="34.957035">
      <ele>125.3</ele>
    </trkpt>
    <trkpt lat="31.925866" lon="34.957101">
      <ele>125.6</ele>
    </trkpt>
    <trkpt lat="31.925855" lon="34.95717">
      <ele>126.0</ele>
    </trkpt>
    <trkpt lat="31.925837" lon="34.957232">
      <ele>126.5</ele>
    </trkpt>
    <trkpt lat="31.925818" lon="34.957293">
      <ele>126.9</ele>
    </trkpt>
    <trkpt lat="31.925797" lon="34.957351">
      <ele>127.3</ele>
    </trkpt>
    <trkpt lat="31.925771" lon="34.957405">
      <ele>127.7</ele>
    </trkpt>
    <trkpt lat="31.925744" lon="34.957457">
      <ele>128.0</ele>
    </trkpt>
    <trkpt lat="31.925719" lon="34.957495">
      <ele>128.3</ele>
    </trkpt>
    <trkpt lat="31.925681" lon="34.957531">
      <ele>128.5</ele>
    </trkpt>
    <trkpt lat="31.925629" lon="34.957553">
      <ele>128.7</ele>
    </trkpt>
    <trkpt lat="31.92558" lon="34.957576">
      <ele>128.9</ele>
    </trkpt>
    <trkpt lat="31.925528" lon="34.957555">
      <ele>128.8</ele>
    </trkpt>
    <trkpt lat="31.925486" lon="34.957514">
      <ele>128.5</ele>
    </trkpt>
    <trkpt lat="31.925444" lon="34.957475">
      <ele>128.3</ele>
    </trkpt>
    <trkpt lat="31.925404" lon="34.957438">
      <ele>128.2</ele>
    </trkpt>
    <trkpt lat="31.925367" lon="34.957403">
      <ele>128.2</ele>
    </trkpt>
    <trkpt lat="31.925318" lon="34.95737">
      <ele>128.2</ele>
    </trkpt>
    <trkpt lat="31.925255" lon="34.957361">
      <ele>128.5</ele>
    </trkpt>
    <trkpt lat="31.925197" lon="34.957371">
      <ele>128.9</ele>
    </trkpt>
    <trkpt lat="31.925148" lon="34.957384">
      <ele>129.2</ele>
    </trkpt>
    <trkpt lat="31.925101" lon="34.957408">
      <ele>129.5</ele>
    </trkpt>
    <trkpt lat="31.925056" lon="34.957436">
      <ele>129.9</ele>
    </trkpt>
    <trkpt lat="31.925014" lon="34.957467">
      <ele>130.3</ele>
    </trkpt>
    <trkpt lat="31.924981" lon="34.957494">
      <ele>130.6</ele>
    </trkpt>
    <trkpt lat="31.924953" lon="34.957527">
      <ele>130.9</ele>
    </trkpt>
    <trkpt lat="31.924925" lon="34.957554">
      <ele>131.1</ele>
    </trkpt>
    <trkpt lat="31.924903" lon="34.95759">
      <ele>131.4</ele>
    </trkpt>
    <trkpt lat="31.924882" lon="34.957622">
      <ele>131.6</ele>
    </trkpt>
    <trkpt lat="31.924863" lon="34.957659">
      <ele>131.9</ele>
    </trkpt>
    <trkpt lat="31.924851" lon="34.957692">
      <ele>132.1</ele>
    </trkpt>
    <trkpt lat="31.924839" lon="34.957728">
      <ele>132.3</ele>
    </trkpt>
    <trkpt lat="31.924826" lon="34.957763">
      <ele>132.5</ele>
    </trkpt>
    <trkpt lat="31.924812" lon="34.957793">
      <ele>132.7</ele>
    </trkpt>
    <trkpt lat="31.924802" lon="34.957825">
      <ele>132.8</ele>
    </trkpt>
    <trkpt lat="31.924792" lon="34.957859">
      <ele>133.0</ele>
    </trkpt>
    <trkpt lat="31.924782" lon="34.957892">
      <ele>133.2</ele>
    </trkpt>
    <trkpt lat="31.924772" lon="34.957925">
      <ele>133.4</ele>
    </trkpt>
    <trkpt lat="31.924761" lon="34.957957">
      <ele>133.6</ele>
    </trkpt>
    <trkpt lat="31.924751" lon="34.95799">
      <ele>133.8</ele>
    </trkpt>
    <trkpt lat="31.924741" lon="34.958023">
      <ele>134.0</ele>
    </trkpt>
    <trkpt lat="31.924731" lon="34.958055">
      <ele>134.2</ele>
    </trkpt>
    <trkpt lat="31.924721" lon="34.958088">
      <ele>134.5</ele>
    </trkpt>
    <trkpt lat="31.92471" lon="34.958119">
      <ele>134.7</ele>
    </trkpt>
    <trkpt lat="31.924699" lon="34.95815">
      <ele>134.9</ele>
    </trkpt>
    <trkpt lat="31.924686" lon="34.958179">
      <ele>135.1</ele>
    </trkpt>
    <trkpt lat="31.924671" lon="34.958207">
      <ele>135.4</ele>
    </trkpt>
    <trkpt lat="31.924654" lon="34.958232">
      <ele>135.6</ele>
    </trkpt>
    <trkpt lat="31.924635" lon="34.958256">
      <ele>135.8</ele>
    </trkpt>
    <trkpt lat="31.924613" lon="34.958277">
      <ele>136.0</ele>
    </trkpt>
    <trkpt lat="31.924588" lon="34.958295">
      <ele>136.2</ele>
    </trkpt>
    <trkpt lat="31.924561" lon="34.958308">
      <ele>136.5</ele>
    </trkpt>
    <trkpt lat="31.924532" lon="34.958318">
      <ele>136.8</ele>
    </trkpt>
    <trkpt lat="31.924501" lon="34.958325">
      <ele>137.1</ele>
    </trkpt>
    <trkpt lat="31.924464" lon="34.958328">
      <ele>137.5</ele>
    </trkpt>
    <trkpt lat="31.924428" lon="34.958327">
      <ele>137.8</ele>
    </trkpt>
    <trkpt lat="31.924391" lon="34.95832">
      <ele>138.0</ele>
    </trkpt>
    <trkpt lat="31.924356" lon="34.958309">
      <ele>138.3</ele>
    </trkpt>
    <trkpt lat="31.924323" lon="34.958292">
      <ele>138.4</ele>
    </trkpt>
    <trkpt lat="31.924291" lon="34.958272">
      <ele>138.6</ele>
    </trkpt>
    <trkpt lat="31.924261" lon="34.958248">
      <ele>138.7</ele>
    </trkpt>
    <trkpt lat="31.924234" lon="34.95822">
      <ele>138.8</ele>
    </trkpt>
    <trkpt lat="31.924209" lon="34.958188">
      <ele>138.8</ele>
    </trkpt>
    <trkpt lat="31.924189" lon="34.958151">
      <ele>138.7</ele>
    </trkpt>
    <trkpt lat="31.924174" lon="34.95811">
      <ele>138.6</ele>
    </trkpt>
    <trkpt lat="31.924166" lon="34.958067">
      <ele>138.4</ele>
    </trkpt>
    <trkpt lat="31.924163" lon="34.958022">
      <ele>138.2</ele>
    </trkpt>
    <trkpt lat="31.924168" lon="34.957974">
      <ele>137.8</ele>
    </trkpt>
    <trkpt lat="31.924178" lon="34.957919">
      <ele>137.4</ele>
    </trkpt>
    <trkpt lat="31.924194" lon="34.957863">
      <ele>137.1</ele>
    </trkpt>
    <trkpt lat="31.924231" lon="34.957791">
      <ele>136.6</ele>
    </trkpt>
    <trkpt lat="31.924251" lon="34.957731">
      <ele>136.2</ele>
    </trkpt>
    <trkpt lat="31.924269" lon="34.957669">
      <ele>135.9</ele>
    </trkpt>
    <trkpt lat="31.924285" lon="34.957603">
      <ele>135.5</ele>
    </trkpt>
    <trkpt lat="31.92429" lon="34.957528">
      <ele>135.2</ele>
    </trkpt>
    <trkpt lat="31.924284" lon="34.957448">
      <ele>135.0</ele>
    </trkpt>
    <trkpt lat="31.924271" lon="34.957366">
      <ele>134.9</ele>
    </trkpt>
    <trkpt lat="31.924246" lon="34.957295">
      <ele>134.9</ele>
    </trkpt>
    <trkpt lat="31.924208" lon="34.957242">
      <ele>135.1</ele>
    </trkpt>
    <trkpt lat="31.924161" lon="34.957199">
      <ele>135.4</ele>
    </trkpt>
    <trkpt lat="31.924101" lon="34.957178">
      <ele>135.9</ele>
    </trkpt>
    <trkpt lat="31.924042" lon="34.957177">
      <ele>136.5</ele>
    </trkpt>
    <trkpt lat="31.923982" lon="34.957187">
      <ele>137.1</ele>
    </trkpt>
    <trkpt lat="31.923925" lon="34.957198">
      <ele>137.6</ele>
    </trkpt>
    <trkpt lat="31.923873" lon="34.957211">
      <ele>138.1</ele>
    </trkpt>
    <trkpt lat="31.923822" lon="34.957219">
      <ele>138.6</ele>
    </trkpt>
    <trkpt lat="31.923778" lon="34.957227">
      <ele>139.1</ele>
    </trkpt>
    <trkpt lat="31.923738" lon="34.957232">
      <ele>139.4</ele>
    </trkpt>
    <trkpt lat="31.923697" lon="34.957232">
      <ele>139.4</ele>
    </trkpt>
    <trkpt lat="31.923659" lon="34.957228">
      <ele>139.3</ele>
    </trkpt>
    <trkpt lat="31.923622" lon="34.957223">
      <ele>139.3</ele>
    </trkpt>
    <trkpt lat="31.923586" lon="34.957215">
      <ele>139.3</ele>
    </trkpt>
    <trkpt lat="31.923551" lon="34.957204">
      <ele>139.3</ele>
    </trkpt>
    <trkpt lat="31.923516" lon="34.957194">
      <ele>139.3</ele>
    </trkpt>
    <trkpt lat="31.923481" lon="34.957179">
      <ele>139.2</ele>
    </trkpt>
    <trkpt lat="31.923452" lon="34.957153">
      <ele>139.2</ele>
    </trkpt>
    <trkpt lat="31.92343" lon="34.957121">
      <ele>139.1</ele>
    </trkpt>
    <trkpt lat="31.923419" lon="34.957077">
      <ele>139.0</ele>
    </trkpt>
    <trkpt lat="31.923408" lon="34.957035">
      <ele>139.0</ele>
    </trkpt>
    <trkpt lat="31.923415" lon="34.956991">
      <ele>139.1</ele>
    </trkpt>
    <trkpt lat="31.923438" lon="34.956955">
      <ele>139.1</ele>
    </trkpt>
    <trkpt lat="31.923473" lon="34.956928">
      <ele>139.1</ele>
    </trkpt>
    <trkpt lat="31.923515" lon="34.956911">
      <ele>139.1</ele>
    </trkpt>
    <trkpt lat="31.923567" lon="34.956895">
      <ele>139.1</ele>
    </trkpt>
    <trkpt lat="31.923647" lon="34.956892">
      <ele>139.1</ele>
    </trkpt>
    <trkpt lat="31.923701" lon="34.956875">
      <ele>139.0</ele>
    </trkpt>
    <trkpt lat="31.923762" lon="34.956848">
      <ele>138.9</ele>
    </trkpt>
    <trkpt lat="31.923815" lon="34.956813">
      <ele>138.4</ele>
    </trkpt>
    <trkpt lat="31.92387" lon="34.956765">
      <ele>137.8</ele>
    </trkpt>
    <trkpt lat="31.923918" lon="34.956712">
      <ele>137.4</ele>
    </trkpt>
    <trkpt lat="31.923966" lon="34.956652">
      <ele>136.9</ele>
    </trkpt>
    <trkpt lat="31.924009" lon="34.956587">
      <ele>136.5</ele>
    </trkpt>
    <trkpt lat="31.924055" lon="34.956513">
      <ele>136.1</ele>
    </trkpt>
    <trkpt lat="31.9241" lon="34.956443">
      <ele>135.6</ele>
    </trkpt>
    <trkpt lat="31.924146" lon="34.956366">
      <ele>135.2</ele>
    </trkpt>
    <trkpt lat="31.924194" lon="34.956289">
      <ele>134.7</ele>
    </trkpt>
    <trkpt lat="31.924238" lon="34.956207">
      <ele>134.2</ele>
    </trkpt>
    <trkpt lat="31.92428" lon="34.956118">
      <ele>133.4</ele>
    </trkpt>
    <trkpt lat="31.924316" lon="34.95603">
      <ele>132.8</ele>
    </trkpt>
    <trkpt lat="31.924344" lon="34.955946">
      <ele>132.2</ele>
    </trkpt>
    <trkpt lat="31.924367" lon="34.955849">
      <ele>131.6</ele>
    </trkpt>
    <trkpt lat="31.924383" lon="34.955751">
      <ele>131.1</ele>
    </trkpt>
    <trkpt lat="31.924391" lon="34.955647">
      <ele>130.7</ele>
    </trkpt>
    <trkpt lat="31.924392" lon="34.955542">
      <ele>130.3</ele>
    </trkpt>
    <trkpt lat="31.924389" lon="34.955437">
      <ele>129.9</ele>
    </trkpt>
    <trkpt lat="31.924384" lon="34.955332">
      <ele>129.7</ele>
    </trkpt>
    <trkpt lat="31.924383" lon="34.955229">
      <ele>129.4</ele>
    </trkpt>
    <trkpt lat="31.924386" lon="34.955131">
      <ele>129.1</ele>
    </trkpt>
    <trkpt lat="31.9244" lon="34.955032">
      <ele>128.7</ele>
    </trkpt>
    <trkpt lat="31.924423" lon="34.95493">
      <ele>128.3</ele>
    </trkpt>
    <trkpt lat="31.924453" lon="34.954838">
      <ele>127.8</ele>
    </trkpt>
    <trkpt lat="31.924479" lon="34.954736">
      <ele>127.3</ele>
    </trkpt>
    <trkpt lat="31.924489" lon="34.954634">
      <ele>126.9</ele>
    </trkpt>
    <trkpt lat="31.924473" lon="34.954536">
      <ele>126.9</ele>
    </trkpt>
    <trkpt lat="31.924436" lon="34.954442">
      <ele>127.1</ele>
    </trkpt>
    <trkpt lat="31.924398" lon="34.954363">
      <ele>127.4</ele>
    </trkpt>
    <trkpt lat="31.924364" lon="34.954284">
      <ele>127.6</ele>
    </trkpt>
    <trkpt lat="31.924336" lon="34.954208">
      <ele>127.8</ele>
    </trkpt>
    <trkpt lat="31.924304" lon="34.954121">
      <ele>128.0</ele>
    </trkpt>
    <trkpt lat="31.924272" lon="34.95404">
      <ele>128.2</ele>
    </trkpt>
    <trkpt lat="31.924252" lon="34.95396">
      <ele>128.3</ele>
    </trkpt>
    <trkpt lat="31.924237" lon="34.953879">
      <ele>128.4</ele>
    </trkpt>
    <trkpt lat="31.924235" lon="34.953794">
      <ele>128.4</ele>
    </trkpt>
    <trkpt lat="31.924239" lon="34.953715">
      <ele>128.2</ele>
    </trkpt>
    <trkpt lat="31.92426" lon="34.953637">
      <ele>127.7</ele>
    </trkpt>
    <trkpt lat="31.924282" lon="34.953558">
      <ele>127.3</ele>
    </trkpt>
    <trkpt lat="31.924307" lon="34.953483">
      <ele>126.8</ele>
    </trkpt>
    <trkpt lat="31.924338" lon="34.953406">
      <ele>126.3</ele>
    </trkpt>
    <trkpt lat="31.924363" lon="34.953324">
      <ele>125.8</ele>
    </trkpt>
    <trkpt lat="31.924383" lon="34.953241">
      <ele>125.4</ele>
    </trkpt>
    <trkpt lat="31.924409" lon="34.95316">
      <ele>125.0</ele>
    </trkpt>
    <trkpt lat="31.924426" lon="34.953074">
      <ele>124.6</ele>
    </trkpt>
    <trkpt lat="31.924444" lon="34.952988">
      <ele>124.2</ele>
    </trkpt>
    <trkpt lat="31.924461" lon="34.952903">
      <ele>123.8</ele>
    </trkpt>
    <trkpt lat="31.924481" lon="34.952813">
      <ele>123.3</ele>
    </trkpt>
    <trkpt lat="31.924505" lon="34.952721">
      <ele>122.8</ele>
    </trkpt>
    <trkpt lat="31.924528" lon="34.952615">
      <ele>122.2</ele>
    </trkpt>
    <trkpt lat="31.924549" lon="34.952509">
      <ele>121.7</ele>
    </trkpt>
    <trkpt lat="31.924562" lon="34.952402">
      <ele>121.2</ele>
    </trkpt>
    <trkpt lat="31.92456" lon="34.952302">
      <ele>120.9</ele>
    </trkpt>
    <trkpt lat="31.92454" lon="34.952208">
      <ele>120.6</ele>
    </trkpt>
    <trkpt lat="31.924495" lon="34.952123">
      <ele>120.4</ele>
    </trkpt>
    <trkpt lat="31.92446" lon="34.952049">
      <ele>120.2</ele>
    </trkpt>
    <trkpt lat="31.924431" lon="34.951977">
      <ele>120.0</ele>
    </trkpt>
    <trkpt lat="31.9244" lon="34.951907">
      <ele>119.8</ele>
    </trkpt>
    <trkpt lat="31.924375" lon="34.951834">
      <ele>119.5</ele>
    </trkpt>
    <trkpt lat="31.924357" lon="34.951761">
      <ele>119.3</ele>
    </trkpt>
    <trkpt lat="31.92434" lon="34.951684">
      <ele>119.0</ele>
    </trkpt>
    <trkpt lat="31.924326" lon="34.951608">
      <ele>118.7</ele>
    </trkpt>
    <trkpt lat="31.92432" lon="34.951533">
      <ele>118.4</ele>
    </trkpt>
    <trkpt lat="31.924315" lon="34.951453">
      <ele>118.1</ele>
    </trkpt>
    <trkpt lat="31.924312" lon="34.951375">
      <ele>117.8</ele>
    </trkpt>
    <trkpt lat="31.92431" lon="34.951292">
      <ele>117.5</ele>
    </trkpt>
    <trkpt lat="31.924307" lon="34.951212">
      <ele>117.0</ele>
    </trkpt>
    <trkpt lat="31.924302" lon="34.951129">
      <ele>116.4</ele>
    </trkpt>
    <trkpt lat="31.924293" lon="34.951047">
      <ele>115.7</ele>
    </trkpt>
    <trkpt lat="31.924282" lon="34.950962">
      <ele>115.0</ele>
    </trkpt>
    <trkpt lat="31.924275" lon="34.95088">
      <ele>114.4</ele>
    </trkpt>
    <trkpt lat="31.924263" lon="34.950797">
      <ele>113.7</ele>
    </trkpt>
    <trkpt lat="31.924248" lon="34.95071">
      <ele>113.0</ele>
    </trkpt>
    <trkpt lat="31.924224" lon="34.950627">
      <ele>112.3</ele>
    </trkpt>
    <trkpt lat="31.924193" lon="34.950552">
      <ele>111.7</ele>
    </trkpt>
    <trkpt lat="31.924154" lon="34.950494">
      <ele>111.1</ele>
    </trkpt>
    <trkpt lat="31.924113" lon="34.95044">
      <ele>110.6</ele>
    </trkpt>
    <trkpt lat="31.924059" lon="34.950388">
      <ele>110.3</ele>
    </trkpt>
    <trkpt lat="31.924012" lon="34.950339">
      <ele>110.2</ele>
    </trkpt>
    <trkpt lat="31.923963" lon="34.950296">
      <ele>110.2</ele>
    </trkpt>
    <trkpt lat="31.92391" lon="34.950255">
      <ele>110.2</ele>
    </trkpt>
    <trkpt lat="31.923853" lon="34.95022">
      <ele>110.2</ele>
    </trkpt>
    <trkpt lat="31.923798" lon="34.950189">
      <ele>110.2</ele>
    </trkpt>
    <trkpt lat="31.923737" lon="34.950158">
      <ele>110.4</ele>
    </trkpt>
    <trkpt lat="31.923683" lon="34.95013">
      <ele>110.7</ele>
    </trkpt>
    <trkpt lat="31.923621" lon="34.950101">
      <ele>111.1</ele>
    </trkpt>
    <trkpt lat="31.92356" lon="34.950072">
      <ele>111.5</ele>
    </trkpt>
    <trkpt lat="31.923494" lon="34.950045">
      <ele>111.9</ele>
    </trkpt>
    <trkpt lat="31.923431" lon="34.95002">
      <ele>112.4</ele>
    </trkpt>
    <trkpt lat="31.923363" lon="34.949986">
      <ele>112.9</ele>
    </trkpt>
    <trkpt lat="31.923295" lon="34.94995">
      <ele>113.4</ele>
    </trkpt>
    <trkpt lat="31.92322" lon="34.949913">
      <ele>114.0</ele>
    </trkpt>
    <trkpt lat="31.923145" lon="34.949879">
      <ele>114.7</ele>
    </trkpt>
    <trkpt lat="31.923074" lon="34.949848">
      <ele>115.3</ele>
    </trkpt>
    <trkpt lat="31.923013" lon="34.949822">
      <ele>115.9</ele>
    </trkpt>
    <trkpt lat="31.922957" lon="34.949803">
      <ele>116.4</ele>
    </trkpt>
    <trkpt lat="31.92291" lon="34.949787">
      <ele>116.8</ele>
    </trkpt>
    <trkpt lat="31.922867" lon="34.949777">
      <ele>117.2</ele>
    </trkpt>
    <trkpt lat="31.922826" lon="34.949769">
      <ele>117.6</ele>
    </trkpt>
    <trkpt lat="31.922795" lon="34.949764">
      <ele>117.8</ele>
    </trkpt>
    <trkpt lat="31.922762" lon="34.949756">
      <ele>118.1</ele>
    </trkpt>
    <trkpt lat="31.922724" lon="34.94975">
      <ele>118.4</ele>
    </trkpt>
    <trkpt lat="31.922683" lon="34.949749">
      <ele>118.7</ele>
    </trkpt>
    <trkpt lat="31.922638" lon="34.949753">
      <ele>119.1</ele>
    </trkpt>
    <trkpt lat="31.922595" lon="34.949756">
      <ele>119.4</ele>
    </trkpt>
    <trkpt lat="31.922556" lon="34.949764">
      <ele>119.6</ele>
    </trkpt>
    <trkpt lat="31.922519" lon="34.949778">
      <ele>119.8</ele>
    </trkpt>
    <trkpt lat="31.922483" lon="34.949797">
      <ele>120.0</ele>
    </trkpt>
    <trkpt lat="31.922448" lon="34.949814">
      <ele>120.1</ele>
    </trkpt>
    <trkpt lat="31.922413" lon="34.949836">
      <ele>120.3</ele>
    </trkpt>
    <trkpt lat="31.922378" lon="34.949856">
      <ele>120.5</ele>
    </trkpt>
    <trkpt lat="31.922345" lon="34.949878">
      <ele>120.6</ele>
    </trkpt>
    <trkpt lat="31.92231" lon="34.949898">
      <ele>120.8</ele>
    </trkpt>
    <trkpt lat="31.922275" lon="34.949913">
      <ele>120.9</ele>
    </trkpt>
    <trkpt lat="31.922239" lon="34.949916">
      <ele>121.2</ele>
    </trkpt>
    <trkpt lat="31.922207" lon="34.949899">
      <ele>121.5</ele>
    </trkpt>
    <trkpt lat="31.922179" lon="34.94985">
      <ele>122.0</ele>
    </trkpt>
    <trkpt lat="31.92217" lon="34.94982">
      <ele>122.2</ele>
    </trkpt>
    <trkpt lat="31.92216" lon="34.94979">
      <ele>122.4</ele>
    </trkpt>
    <trkpt lat="31.922141" lon="34.949731">
      <ele>122.9</ele>
    </trkpt>
    <trkpt lat="31.922119" lon="34.94968">
      <ele>123.3</ele>
    </trkpt>
    <trkpt lat="31.922085" lon="34.949638">
      <ele>123.7</ele>
    </trkpt>
    <trkpt lat="31.922037" lon="34.949613">
      <ele>124.1</ele>
    </trkpt>
    <trkpt lat="31.92201" lon="34.94961">
      <ele>124.3</ele>
    </trkpt>
    <trkpt lat="31.921981" lon="34.949615">
      <ele>124.5</ele>
    </trkpt>
    <trkpt lat="31.921954" lon="34.949626">
      <ele>124.6</ele>
    </trkpt>
    <trkpt lat="31.921926" lon="34.94964">
      <ele>124.7</ele>
    </trkpt>
    <trkpt lat="31.921899" lon="34.949656">
      <ele>124.9</ele>
    </trkpt>
    <trkpt lat="31.921871" lon="34.949677">
      <ele>125.0</ele>
    </trkpt>
    <trkpt lat="31.921848" lon="34.949701">
      <ele>125.1</ele>
    </trkpt>
    <trkpt lat="31.921827" lon="34.949722">
      <ele>125.2</ele>
    </trkpt>
    <trkpt lat="31.921788" lon="34.949762">
      <ele>125.4</ele>
    </trkpt>
    <trkpt lat="31.921749" lon="34.949804">
      <ele>125.6</ele>
    </trkpt>
    <trkpt lat="31.921728" lon="34.949825">
      <ele>125.7</ele>
    </trkpt>
    <trkpt lat="31.921706" lon="34.949845">
      <ele>125.9</ele>
    </trkpt>
    <trkpt lat="31.92166" lon="34.949874">
      <ele>126.2</ele>
    </trkpt>
    <trkpt lat="31.921611" lon="34.94989">
      <ele>126.6</ele>
    </trkpt>
    <trkpt lat="31.921563" lon="34.94991">
      <ele>127.0</ele>
    </trkpt>
    <trkpt lat="31.921511" lon="34.949926">
      <ele>127.5</ele>
    </trkpt>
    <trkpt lat="31.921483" lon="34.949931">
      <ele>127.7</ele>
    </trkpt>
    <trkpt lat="31.921455" lon="34.949934">
      <ele>128.0</ele>
    </trkpt>
    <trkpt lat="31.921428" lon="34.949938">
      <ele>128.2</ele>
    </trkpt>
    <trkpt lat="31.921401" lon="34.949943">
      <ele>128.5</ele>
    </trkpt>
    <trkpt lat="31.921374" lon="34.949951">
      <ele>128.7</ele>
    </trkpt>
    <trkpt lat="31.921349" lon="34.949964">
      <ele>129.0</ele>
    </trkpt>
    <trkpt lat="31.921301" lon="34.949991">
      <ele>129.5</ele>
    </trkpt>
    <trkpt lat="31.921275" lon="34.95">
      <ele>129.8</ele>
    </trkpt>
    <trkpt lat="31.921247" lon="34.950009">
      <ele>130.0</ele>
    </trkpt>
    <trkpt lat="31.921216" lon="34.950018">
      <ele>130.2</ele>
    </trkpt>
    <trkpt lat="31.921187" lon="34.950028">
      <ele>130.5</ele>
    </trkpt>
    <trkpt lat="31.921159" lon="34.950039">
      <ele>130.6</ele>
    </trkpt>
    <trkpt lat="31.921132" lon="34.950048">
      <ele>130.8</ele>
    </trkpt>
    <trkpt lat="31.921106" lon="34.950057">
      <ele>131.0</ele>
    </trkpt>
    <trkpt lat="31.921053" lon="34.950074">
      <ele>131.4</ele>
    </trkpt>
    <trkpt lat="31.921026" lon="34.95008">
      <ele>131.6</ele>
    </trkpt>
    <trkpt lat="31.921" lon="34.950088">
      <ele>131.8</ele>
    </trkpt>
    <trkpt lat="31.920973" lon="34.950096">
      <ele>132.0</ele>
    </trkpt>
    <trkpt lat="31.920947" lon="34.950106">
      <ele>132.2</ele>
    </trkpt>
    <trkpt lat="31.920922" lon="34.950118">
      <ele>132.4</ele>
    </trkpt>
    <trkpt lat="31.920896" lon="34.950128">
      <ele>132.6</ele>
    </trkpt>
    <trkpt lat="31.92087" lon="34.950138">
      <ele>132.8</ele>
    </trkpt>
    <trkpt lat="31.920844" lon="34.950149">
      <ele>133.0</ele>
    </trkpt>
    <trkpt lat="31.920819" lon="34.950164">
      <ele>133.2</ele>
    </trkpt>
    <trkpt lat="31.920794" lon="34.95018">
      <ele>133.4</ele>
    </trkpt>
    <trkpt lat="31.920769" lon="34.950196">
      <ele>133.6</ele>
    </trkpt>
    <trkpt lat="31.920744" lon="34.950218">
      <ele>133.9</ele>
    </trkpt>
    <trkpt lat="31.920719" lon="34.95024">
      <ele>134.1</ele>
    </trkpt>
    <trkpt lat="31.920694" lon="34.950261">
      <ele>134.4</ele>
    </trkpt>
    <trkpt lat="31.920669" lon="34.950282">
      <ele>134.6</ele>
    </trkpt>
    <trkpt lat="31.920645" lon="34.9503">
      <ele>134.9</ele>
    </trkpt>
    <trkpt lat="31.920622" lon="34.950317">
      <ele>135.1</ele>
    </trkpt>
    <trkpt lat="31.920577" lon="34.950351">
      <ele>135.6</ele>
    </trkpt>
    <trkpt lat="31.920534" lon="34.950386">
      <ele>136.0</ele>
    </trkpt>
    <trkpt lat="31.920488" lon="34.950409">
      <ele>136.5</ele>
    </trkpt>
    <trkpt lat="31.920443" lon="34.950428">
      <ele>136.8</ele>
    </trkpt>
    <trkpt lat="31.920395" lon="34.950434">
      <ele>136.9</ele>
    </trkpt>
    <trkpt lat="31.920344" lon="34.950432">
      <ele>136.6</ele>
    </trkpt>
    <trkpt lat="31.920292" lon="34.95042">
      <ele>136.3</ele>
    </trkpt>
    <trkpt lat="31.920259" lon="34.950409">
      <ele>136.0</ele>
    </trkpt>
    <trkpt lat="31.920227" lon="34.950398">
      <ele>135.8</ele>
    </trkpt>
    <trkpt lat="31.920195" lon="34.950388">
      <ele>135.5</ele>
    </trkpt>
    <trkpt lat="31.920163" lon="34.950377">
      <ele>135.3</ele>
    </trkpt>
    <trkpt lat="31.920132" lon="34.950367">
      <ele>135.0</ele>
    </trkpt>
    <trkpt lat="31.920102" lon="34.950355">
      <ele>134.8</ele>
    </trkpt>
    <trkpt lat="31.920072" lon="34.950344">
      <ele>134.5</ele>
    </trkpt>
    <trkpt lat="31.920043" lon="34.950333">
      <ele>134.3</ele>
    </trkpt>
    <trkpt lat="31.920014" lon="34.950323">
      <ele>134.1</ele>
    </trkpt>
    <trkpt lat="31.919986" lon="34.950314">
      <ele>133.9</ele>
    </trkpt>
    <trkpt lat="31.919957" lon="34.950302">
      <ele>133.6</ele>
    </trkpt>
    <trkpt lat="31.919929" lon="34.95029">
      <ele>133.4</ele>
    </trkpt>
    <trkpt lat="31.9199" lon="34.950276">
      <ele>133.1</ele>
    </trkpt>
    <trkpt lat="31.919872" lon="34.95026">
      <ele>132.9</ele>
    </trkpt>
    <trkpt lat="31.919844" lon="34.950241">
      <ele>132.6</ele>
    </trkpt>
    <trkpt lat="31.919809" lon="34.950216">
      <ele>132.2</ele>
    </trkpt>
    <trkpt lat="31.91977" lon="34.950186">
      <ele>131.8</ele>
    </trkpt>
    <trkpt lat="31.919732" lon="34.950156">
      <ele>131.4</ele>
    </trkpt>
    <trkpt lat="31.919689" lon="34.950123">
      <ele>130.9</ele>
    </trkpt>
    <trkpt lat="31.919647" lon="34.950097">
      <ele>130.5</ele>
    </trkpt>
    <trkpt lat="31.919602" lon="34.950066">
      <ele>130.0</ele>
    </trkpt>
    <trkpt lat="31.919544" lon="34.950042">
      <ele>129.8</ele>
    </trkpt>
    <trkpt lat="31.919485" lon="34.95002">
      <ele>129.7</ele>
    </trkpt>
    <trkpt lat="31.919424" lon="34.949997">
      <ele>129.7</ele>
    </trkpt>
    <trkpt lat="31.919361" lon="34.949973">
      <ele>129.6</ele>
    </trkpt>
    <trkpt lat="31.919296" lon="34.949957">
      <ele>129.7</ele>
    </trkpt>
    <trkpt lat="31.919233" lon="34.949948">
      <ele>129.7</ele>
    </trkpt>
    <trkpt lat="31.919163" lon="34.94995">
      <ele>129.8</ele>
    </trkpt>
    <trkpt lat="31.919092" lon="34.949952">
      <ele>129.9</ele>
    </trkpt>
    <trkpt lat="31.919012" lon="34.949966">
      <ele>130.1</ele>
    </trkpt>
    <trkpt lat="31.918934" lon="34.949967">
      <ele>130.2</ele>
    </trkpt>
    <trkpt lat="31.918849" lon="34.94997">
      <ele>130.3</ele>
    </trkpt>
    <trkpt lat="31.918765" lon="34.949975">
      <ele>130.4</ele>
    </trkpt>
    <trkpt lat="31.918682" lon="34.949972">
      <ele>131.3</ele>
    </trkpt>
    <trkpt lat="31.918593" lon="34.949984">
      <ele>132.3</ele>
    </trkpt>
    <trkpt lat="31.918508" lon="34.950018">
      <ele>133.2</ele>
    </trkpt>
    <trkpt lat="31.918434" lon="34.950071">
      <ele>134.0</ele>
    </trkpt>
    <trkpt lat="31.918374" lon="34.950121">
      <ele>134.5</ele>
    </trkpt>
    <trkpt lat="31.918326" lon="34.950174">
      <ele>134.8</ele>
    </trkpt>
    <trkpt lat="31.918288" lon="34.950228">
      <ele>135.0</ele>
    </trkpt>
    <trkpt lat="31.918252" lon="34.950277">
      <ele>135.1</ele>
    </trkpt>
    <trkpt lat="31.918207" lon="34.950314">
      <ele>135.3</ele>
    </trkpt>
    <trkpt lat="31.918162" lon="34.950333">
      <ele>135.6</ele>
    </trkpt>
    <trkpt lat="31.918113" lon="34.950347">
      <ele>136.0</ele>
    </trkpt>
    <trkpt lat="31.918062" lon="34.950362">
      <ele>136.3</ele>
    </trkpt>
    <trkpt lat="31.91801" lon="34.950372">
      <ele>136.6</ele>
    </trkpt>
    <trkpt lat="31.917957" lon="34.950378">
      <ele>137.0</ele>
    </trkpt>
    <trkpt lat="31.917905" lon="34.950375">
      <ele>137.3</ele>
    </trkpt>
    <trkpt lat="31.917857" lon="34.95038">
      <ele>137.4</ele>
    </trkpt>
    <trkpt lat="31.917815" lon="34.950388">
      <ele>137.5</ele>
    </trkpt>
    <trkpt lat="31.917774" lon="34.9504">
      <ele>137.5</ele>
    </trkpt>
    <trkpt lat="31.917731" lon="34.950416">
      <ele>137.5</ele>
    </trkpt>
    <trkpt lat="31.917689" lon="34.95043">
      <ele>137.5</ele>
    </trkpt>
    <trkpt lat="31.91765" lon="34.95044">
      <ele>137.6</ele>
    </trkpt>
    <trkpt lat="31.917609" lon="34.950449">
      <ele>137.7</ele>
    </trkpt>
    <trkpt lat="31.917567" lon="34.950457">
      <ele>137.8</ele>
    </trkpt>
    <trkpt lat="31.917529" lon="34.950463">
      <ele>137.8</ele>
    </trkpt>
    <trkpt lat="31.917492" lon="34.950474">
      <ele>137.9</ele>
    </trkpt>
    <trkpt lat="31.917456" lon="34.950485">
      <ele>138.0</ele>
    </trkpt>
    <trkpt lat="31.917421" lon="34.950497">
      <ele>138.1</ele>
    </trkpt>
    <trkpt lat="31.917387" lon="34.950503">
      <ele>138.1</ele>
    </trkpt>
    <trkpt lat="31.917353" lon="34.950509">
      <ele>138.2</ele>
    </trkpt>
    <trkpt lat="31.917319" lon="34.950511">
      <ele>138.3</ele>
    </trkpt>
    <trkpt lat="31.917286" lon="34.950512">
      <ele>138.4</ele>
    </trkpt>
    <trkpt lat="31.917253" lon="34.950512">
      <ele>138.5</ele>
    </trkpt>
    <trkpt lat="31.917221" lon="34.95051">
      <ele>138.5</ele>
    </trkpt>
    <trkpt lat="31.917189" lon="34.950507">
      <ele>138.6</ele>
    </trkpt>
    <trkpt lat="31.917157" lon="34.950502">
      <ele>138.7</ele>
    </trkpt>
    <trkpt lat="31.917126" lon="34.950496">
      <ele>138.8</ele>
    </trkpt>
    <trkpt lat="31.917094" lon="34.950487">
      <ele>138.9</ele>
    </trkpt>
    <trkpt lat="31.917064" lon="34.950478">
      <ele>139.1</ele>
    </trkpt>
    <trkpt lat="31.917035" lon="34.950465">
      <ele>139.3</ele>
    </trkpt>
    <trkpt lat="31.917008" lon="34.950454">
      <ele>139.6</ele>
    </trkpt>
    <trkpt lat="31.916982" lon="34.95044">
      <ele>139.8</ele>
    </trkpt>
    <trkpt lat="31.916956" lon="34.950424">
      <ele>140.1</ele>
    </trkpt>
    <trkpt lat="31.916932" lon="34.950408">
      <ele>140.3</ele>
    </trkpt>
    <trkpt lat="31.916908" lon="34.950391">
      <ele>140.6</ele>
    </trkpt>
    <trkpt lat="31.91686" lon="34.950368">
      <ele>141.1</ele>
    </trkpt>
    <trkpt lat="31.916831" lon="34.950364">
      <ele>141.4</ele>
    </trkpt>
    <trkpt lat="31.916802" lon="34.950367">
      <ele>141.6</ele>
    </trkpt>
    <trkpt lat="31.916772" lon="34.950374">
      <ele>141.8</ele>
    </trkpt>
    <trkpt lat="31.916742" lon="34.950384">
      <ele>142.0</ele>
    </trkpt>
    <trkpt lat="31.916712" lon="34.950397">
      <ele>142.2</ele>
    </trkpt>
    <trkpt lat="31.916682" lon="34.950413">
      <ele>142.4</ele>
    </trkpt>
    <trkpt lat="31.916652" lon="34.950432">
      <ele>142.6</ele>
    </trkpt>
    <trkpt lat="31.916622" lon="34.950451">
      <ele>142.8</ele>
    </trkpt>
    <trkpt lat="31.916592" lon="34.950467">
      <ele>143.0</ele>
    </trkpt>
    <trkpt lat="31.916559" lon="34.950478">
      <ele>143.3</ele>
    </trkpt>
    <trkpt lat="31.916525" lon="34.950483">
      <ele>143.6</ele>
    </trkpt>
    <trkpt lat="31.916491" lon="34.950478">
      <ele>143.8</ele>
    </trkpt>
    <trkpt lat="31.91646" lon="34.950465">
      <ele>144.1</ele>
    </trkpt>
    <trkpt lat="31.916434" lon="34.950438">
      <ele>144.4</ele>
    </trkpt>
    <trkpt lat="31.916416" lon="34.950404">
      <ele>144.6</ele>
    </trkpt>
    <trkpt lat="31.916403" lon="34.950366">
      <ele>144.7</ele>
    </trkpt>
    <trkpt lat="31.916392" lon="34.950328">
      <ele>144.8</ele>
    </trkpt>
    <trkpt lat="31.916383" lon="34.95029">
      <ele>144.9</ele>
    </trkpt>
    <trkpt lat="31.916374" lon="34.950253">
      <ele>145.0</ele>
    </trkpt>
    <trkpt lat="31.916364" lon="34.950216">
      <ele>145.0</ele>
    </trkpt>
    <trkpt lat="31.916353" lon="34.950179">
      <ele>145.1</ele>
    </trkpt>
    <trkpt lat="31.916342" lon="34.950142">
      <ele>145.2</ele>
    </trkpt>
    <trkpt lat="31.916331" lon="34.950106">
      <ele>145.2</ele>
    </trkpt>
    <trkpt lat="31.91632" lon="34.95007">
      <ele>145.2</ele>
    </trkpt>
    <trkpt lat="31.916307" lon="34.950034">
      <ele>145.3</ele>
    </trkpt>
    <trkpt lat="31.916292" lon="34.95">
      <ele>145.3</ele>
    </trkpt>
    <trkpt lat="31.916274" lon="34.949966">
      <ele>145.4</ele>
    </trkpt>
    <trkpt lat="31.916257" lon="34.949932">
      <ele>145.4</ele>
    </trkpt>
    <trkpt lat="31.916241" lon="34.949898">
      <ele>145.4</ele>
    </trkpt>
    <trkpt lat="31.916226" lon="34.949862">
      <ele>145.4</ele>
    </trkpt>
    <trkpt lat="31.916212" lon="34.949825">
      <ele>145.5</ele>
    </trkpt>
    <trkpt lat="31.916197" lon="34.94979">
      <ele>145.5</ele>
    </trkpt>
    <trkpt lat="31.916183" lon="34.949754">
      <ele>145.5</ele>
    </trkpt>
    <trkpt lat="31.916168" lon="34.949717">
      <ele>145.5</ele>
    </trkpt>
    <trkpt lat="31.916151" lon="34.949682">
      <ele>145.4</ele>
    </trkpt>
    <trkpt lat="31.916133" lon="34.949647">
      <ele>145.4</ele>
    </trkpt>
    <trkpt lat="31.916114" lon="34.949613">
      <ele>145.4</ele>
    </trkpt>
    <trkpt lat="31.916093" lon="34.949575">
      <ele>145.3</ele>
    </trkpt>
    <trkpt lat="31.916072" lon="34.949539">
      <ele>145.1</ele>
    </trkpt>
    <trkpt lat="31.91605" lon="34.949502">
      <ele>144.8</ele>
    </trkpt>
    <trkpt lat="31.916028" lon="34.949466">
      <ele>144.6</ele>
    </trkpt>
    <trkpt lat="31.916006" lon="34.94943">
      <ele>144.3</ele>
    </trkpt>
    <trkpt lat="31.915984" lon="34.949394">
      <ele>144.1</ele>
    </trkpt>
    <trkpt lat="31.915962" lon="34.949358">
      <ele>143.8</ele>
    </trkpt>
    <trkpt lat="31.915939" lon="34.949323">
      <ele>143.5</ele>
    </trkpt>
    <trkpt lat="31.915916" lon="34.949288">
      <ele>143.2</ele>
    </trkpt>
    <trkpt lat="31.915892" lon="34.949255">
      <ele>143.0</ele>
    </trkpt>
    <trkpt lat="31.915866" lon="34.949223">
      <ele>142.7</ele>
    </trkpt>
    <trkpt lat="31.915839" lon="34.949192">
      <ele>142.5</ele>
    </trkpt>
    <trkpt lat="31.915811" lon="34.949162">
      <ele>142.2</ele>
    </trkpt>
    <trkpt lat="31.915781" lon="34.949132">
      <ele>142.0</ele>
    </trkpt>
    <trkpt lat="31.915751" lon="34.949104">
      <ele>141.7</ele>
    </trkpt>
    <trkpt lat="31.915719" lon="34.949077">
      <ele>141.5</ele>
    </trkpt>
    <trkpt lat="31.915686" lon="34.949049">
      <ele>141.2</ele>
    </trkpt>
    <trkpt lat="31.915647" lon="34.949011">
      <ele>140.8</ele>
    </trkpt>
    <trkpt lat="31.915612" lon="34.948953">
      <ele>140.3</ele>
    </trkpt>
    <trkpt lat="31.915592" lon="34.948891">
      <ele>139.6</ele>
    </trkpt>
    <trkpt lat="31.91558" lon="34.94882">
      <ele>138.9</ele>
    </trkpt>
    <trkpt lat="31.915581" lon="34.948741">
      <ele>138.2</ele>
    </trkpt>
    <trkpt lat="31.915583" lon="34.948655">
      <ele>138.0</ele>
    </trkpt>
    <trkpt lat="31.915584" lon="34.948578">
      <ele>137.8</ele>
    </trkpt>
    <trkpt lat="31.915594" lon="34.948488">
      <ele>137.6</ele>
    </trkpt>
    <trkpt lat="31.915605" lon="34.948391">
      <ele>137.4</ele>
    </trkpt>
    <trkpt lat="31.915616" lon="34.948301">
      <ele>137.2</ele>
    </trkpt>
    <trkpt lat="31.915635" lon="34.948216">
      <ele>136.9</ele>
    </trkpt>
    <trkpt lat="31.915665" lon="34.948147">
      <ele>136.7</ele>
    </trkpt>
    <trkpt lat="31.915705" lon="34.948087">
      <ele>136.4</ele>
    </trkpt>
    <trkpt lat="31.915747" lon="34.948029">
      <ele>136.2</ele>
    </trkpt>
    <trkpt lat="31.915788" lon="34.947973">
      <ele>135.9</ele>
    </trkpt>
    <trkpt lat="31.915826" lon="34.947923">
      <ele>135.5</ele>
    </trkpt>
    <trkpt lat="31.915859" lon="34.947886">
      <ele>135.4</ele>
    </trkpt>
    <trkpt lat="31.915894" lon="34.947854">
      <ele>135.3</ele>
    </trkpt>
    <trkpt lat="31.91593" lon="34.947833">
      <ele>135.1</ele>
    </trkpt>
    <trkpt lat="31.915974" lon="34.947828">
      <ele>135.0</ele>
    </trkpt>
    <trkpt lat="31.91603" lon="34.947799">
      <ele>134.7</ele>
    </trkpt>
    <trkpt lat="31.916065" lon="34.947781">
      <ele>134.6</ele>
    </trkpt>
    <trkpt lat="31.916101" lon="34.947757">
      <ele>134.4</ele>
    </trkpt>
    <trkpt lat="31.916139" lon="34.947729">
      <ele>134.2</ele>
    </trkpt>
    <trkpt lat="31.916191" lon="34.947667">
      <ele>134.0</ele>
    </trkpt>
    <trkpt lat="31.916243" lon="34.947622">
      <ele>133.7</ele>
    </trkpt>
    <trkpt lat="31.916303" lon="34.947574">
      <ele>133.5</ele>
    </trkpt>
    <trkpt lat="31.916368" lon="34.947537">
      <ele>133.2</ele>
    </trkpt>
    <trkpt lat="31.916437" lon="34.947501">
      <ele>132.9</ele>
    </trkpt>
    <trkpt lat="31.916504" lon="34.947464">
      <ele>132.6</ele>
    </trkpt>
    <trkpt lat="31.916572" lon="34.947427">
      <ele>132.3</ele>
    </trkpt>
    <trkpt lat="31.916646" lon="34.947394">
      <ele>131.9</ele>
    </trkpt>
    <trkpt lat="31.91672" lon="34.947358">
      <ele>131.4</ele>
    </trkpt>
    <trkpt lat="31.916792" lon="34.947324">
      <ele>131.0</ele>
    </trkpt>
    <trkpt lat="31.916861" lon="34.947276">
      <ele>130.4</ele>
    </trkpt>
    <trkpt lat="31.916914" lon="34.947231">
      <ele>129.9</ele>
    </trkpt>
    <trkpt lat="31.916954" lon="34.947174">
      <ele>129.3</ele>
    </trkpt>
    <trkpt lat="31.916979" lon="34.9471">
      <ele>128.7</ele>
    </trkpt>
    <trkpt lat="31.916992" lon="34.947023">
      <ele>129.0</ele>
    </trkpt>
    <trkpt lat="31.917008" lon="34.946947">
      <ele>129.4</ele>
    </trkpt>
    <trkpt lat="31.917036" lon="34.946885">
      <ele>129.7</ele>
    </trkpt>
    <trkpt lat="31.917076" lon="34.94682">
      <ele>129.9</ele>
    </trkpt>
    <trkpt lat="31.917118" lon="34.946749">
      <ele>130.3</ele>
    </trkpt>
    <trkpt lat="31.917161" lon="34.946686">
      <ele>130.7</ele>
    </trkpt>
    <trkpt lat="31.917201" lon="34.946634">
      <ele>130.9</ele>
    </trkpt>
    <trkpt lat="31.917225" lon="34.946584">
      <ele>131.2</ele>
    </trkpt>
    <trkpt lat="31.917235" lon="34.946526">
      <ele>131.5</ele>
    </trkpt>
    <trkpt lat="31.917216" lon="34.94648">
      <ele>131.9</ele>
    </trkpt>
    <trkpt lat="31.917194" lon="34.946448">
      <ele>132.2</ele>
    </trkpt>
    <trkpt lat="31.917159" lon="34.946424">
      <ele>132.5</ele>
    </trkpt>
    <trkpt lat="31.917129" lon="34.946407">
      <ele>132.7</ele>
    </trkpt>
    <trkpt lat="31.91709" lon="34.946389">
      <ele>133.0</ele>
    </trkpt>
    <trkpt lat="31.917045" lon="34.946363">
      <ele>133.3</ele>
    </trkpt>
    <trkpt lat="31.91701" lon="34.946327">
      <ele>133.6</ele>
    </trkpt>
    <trkpt lat="31.916971" lon="34.946293">
      <ele>133.9</ele>
    </trkpt>
    <trkpt lat="31.916935" lon="34.946258">
      <ele>134.1</ele>
    </trkpt>
    <trkpt lat="31.916897" lon="34.946228">
      <ele>134.4</ele>
    </trkpt>
    <trkpt lat="31.916856" lon="34.946196">
      <ele>134.7</ele>
    </trkpt>
    <trkpt lat="31.916812" lon="34.946159">
      <ele>135.1</ele>
    </trkpt>
    <trkpt lat="31.916787" lon="34.946142">
      <ele>135.3</ele>
    </trkpt>
    <trkpt lat="31.916761" lon="34.946127">
      <ele>135.4</ele>
    </trkpt>
    <trkpt lat="31.916735" lon="34.946111">
      <ele>135.6</ele>
    </trkpt>
    <trkpt lat="31.91671" lon="34.946094">
      <ele>135.8</ele>
    </trkpt>
    <trkpt lat="31.916686" lon="34.946077">
      <ele>135.9</ele>
    </trkpt>
    <trkpt lat="31.916662" lon="34.946058">
      <ele>136.1</ele>
    </trkpt>
    <trkpt lat="31.916639" lon="34.946041">
      <ele>136.3</ele>
    </trkpt>
    <trkpt lat="31.916614" lon="34.946025">
      <ele>136.5</ele>
    </trkpt>
    <trkpt lat="31.916589" lon="34.946011">
      <ele>136.6</ele>
    </trkpt>
    <trkpt lat="31.916564" lon="34.945996">
      <ele>136.8</ele>
    </trkpt>
    <trkpt lat="31.916538" lon="34.945982">
      <ele>136.9</ele>
    </trkpt>
    <trkpt lat="31.916511" lon="34.945967">
      <ele>137.1</ele>
    </trkpt>
    <trkpt lat="31.916483" lon="34.945954">
      <ele>137.2</ele>
    </trkpt>
    <trkpt lat="31.916456" lon="34.945938">
      <ele>137.4</ele>
    </trkpt>
    <trkpt lat="31.916431" lon="34.945918">
      <ele>137.6</ele>
    </trkpt>
    <trkpt lat="31.916408" lon="34.945896">
      <ele>137.8</ele>
    </trkpt>
    <trkpt lat="31.916387" lon="34.945873">
      <ele>138.0</ele>
    </trkpt>
    <trkpt lat="31.916366" lon="34.945849">
      <ele>138.2</ele>
    </trkpt>
    <trkpt lat="31.916346" lon="34.945825">
      <ele>138.5</ele>
    </trkpt>
    <trkpt lat="31.916328" lon="34.9458">
      <ele>138.7</ele>
    </trkpt>
    <trkpt lat="31.916311" lon="34.945773">
      <ele>138.9</ele>
    </trkpt>
    <trkpt lat="31.916297" lon="34.945745">
      <ele>139.2</ele>
    </trkpt>
    <trkpt lat="31.916285" lon="34.945715">
      <ele>139.5</ele>
    </trkpt>
    <trkpt lat="31.916273" lon="34.945686">
      <ele>139.7</ele>
    </trkpt>
    <trkpt lat="31.916248" lon="34.945633">
      <ele>140.2</ele>
    </trkpt>
    <trkpt lat="31.916226" lon="34.945576">
      <ele>140.7</ele>
    </trkpt>
    <trkpt lat="31.916214" lon="34.945547">
      <ele>140.9</ele>
    </trkpt>
    <trkpt lat="31.91619" lon="34.945491">
      <ele>141.4</ele>
    </trkpt>
    <trkpt lat="31.916165" lon="34.945437">
      <ele>141.8</ele>
    </trkpt>
    <trkpt lat="31.91614" lon="34.945385">
      <ele>142.1</ele>
    </trkpt>
    <trkpt lat="31.916114" lon="34.945333">
      <ele>142.4</ele>
    </trkpt>
    <trkpt lat="31.916087" lon="34.945283">
      <ele>142.6</ele>
    </trkpt>
    <trkpt lat="31.916059" lon="34.945232">
      <ele>142.7</ele>
    </trkpt>
    <trkpt lat="31.916028" lon="34.945183">
      <ele>142.8</ele>
    </trkpt>
    <trkpt lat="31.915998" lon="34.945134">
      <ele>142.9</ele>
    </trkpt>
    <trkpt lat="31.915966" lon="34.945083">
      <ele>142.9</ele>
    </trkpt>
    <trkpt lat="31.91595" lon="34.945056">
      <ele>142.9</ele>
    </trkpt>
    <trkpt lat="31.915932" lon="34.945028">
      <ele>142.9</ele>
    </trkpt>
    <trkpt lat="31.915913" lon="34.945">
      <ele>142.9</ele>
    </trkpt>
    <trkpt lat="31.915895" lon="34.944971">
      <ele>142.9</ele>
    </trkpt>
    <trkpt lat="31.915878" lon="34.944943">
      <ele>142.8</ele>
    </trkpt>
    <trkpt lat="31.915862" lon="34.944916">
      <ele>142.8</ele>
    </trkpt>
    <trkpt lat="31.915846" lon="34.94489">
      <ele>142.7</ele>
    </trkpt>
    <trkpt lat="31.915829" lon="34.944866">
      <ele>142.6</ele>
    </trkpt>
    <trkpt lat="31.915809" lon="34.944844">
      <ele>142.5</ele>
    </trkpt>
    <trkpt lat="31.915789" lon="34.944823">
      <ele>142.4</ele>
    </trkpt>
    <trkpt lat="31.915769" lon="34.944801">
      <ele>142.3</ele>
    </trkpt>
    <trkpt lat="31.915749" lon="34.944779">
      <ele>142.1</ele>
    </trkpt>
    <trkpt lat="31.915728" lon="34.944757">
      <ele>142.0</ele>
    </trkpt>
    <trkpt lat="31.915708" lon="34.944735">
      <ele>141.8</ele>
    </trkpt>
    <trkpt lat="31.915686" lon="34.944713">
      <ele>141.7</ele>
    </trkpt>
    <trkpt lat="31.915664" lon="34.94469">
      <ele>141.5</ele>
    </trkpt>
    <trkpt lat="31.915643" lon="34.944666">
      <ele>141.3</ele>
    </trkpt>
    <trkpt lat="31.915621" lon="34.944641">
      <ele>141.0</ele>
    </trkpt>
    <trkpt lat="31.915598" lon="34.944613">
      <ele>140.8</ele>
    </trkpt>
    <trkpt lat="31.915575" lon="34.944586">
      <ele>140.5</ele>
    </trkpt>
    <trkpt lat="31.915554" lon="34.944559">
      <ele>140.2</ele>
    </trkpt>
    <trkpt lat="31.915534" lon="34.944532">
      <ele>139.9</ele>
    </trkpt>
    <trkpt lat="31.915514" lon="34.944508">
      <ele>139.5</ele>
    </trkpt>
    <trkpt lat="31.91548" lon="34.944468">
      <ele>139.0</ele>
    </trkpt>
    <trkpt lat="31.915449" lon="34.944429">
      <ele>138.4</ele>
    </trkpt>
    <trkpt lat="31.915413" lon="34.944382">
      <ele>137.8</ele>
    </trkpt>
    <trkpt lat="31.915388" lon="34.944352">
      <ele>137.4</ele>
    </trkpt>
    <trkpt lat="31.915359" lon="34.944319">
      <ele>137.1</ele>
    </trkpt>
    <trkpt lat="31.915325" lon="34.944283">
      <ele>136.6</ele>
    </trkpt>
    <trkpt lat="31.915286" lon="34.944241">
      <ele>136.1</ele>
    </trkpt>
    <trkpt lat="31.915236" lon="34.94419">
      <ele>135.5</ele>
    </trkpt>
    <trkpt lat="31.915195" lon="34.944138">
      <ele>134.8</ele>
    </trkpt>
    <trkpt lat="31.915155" lon="34.944092">
      <ele>134.2</ele>
    </trkpt>
    <trkpt lat="31.915114" lon="34.944043">
      <ele>133.6</ele>
    </trkpt>
    <trkpt lat="31.915076" lon="34.943989">
      <ele>132.9</ele>
    </trkpt>
    <trkpt lat="31.915039" lon="34.94393">
      <ele>132.2</ele>
    </trkpt>
    <trkpt lat="31.915002" lon="34.943864">
      <ele>131.4</ele>
    </trkpt>
    <trkpt lat="31.914963" lon="34.943791">
      <ele>130.5</ele>
    </trkpt>
    <trkpt lat="31.914926" lon="34.943719">
      <ele>129.8</ele>
    </trkpt>
    <trkpt lat="31.914883" lon="34.943649">
      <ele>129.3</ele>
    </trkpt>
    <trkpt lat="31.914834" lon="34.943589">
      <ele>128.9</ele>
    </trkpt>
    <trkpt lat="31.914759" lon="34.943553">
      <ele>128.3</ele>
    </trkpt>
    <trkpt lat="31.914688" lon="34.943526">
      <ele>127.7</ele>
    </trkpt>
    <trkpt lat="31.914595" lon="34.943562">
      <ele>127.1</ele>
    </trkpt>
    <trkpt lat="31.914522" lon="34.943576">
      <ele>127.2</ele>
    </trkpt>
    <trkpt lat="31.914452" lon="34.943583">
      <ele>127.4</ele>
    </trkpt>
    <trkpt lat="31.914393" lon="34.943584">
      <ele>127.6</ele>
    </trkpt>
    <trkpt lat="31.914342" lon="34.943582">
      <ele>127.8</ele>
    </trkpt>
    <trkpt lat="31.914295" lon="34.943577">
      <ele>128.0</ele>
    </trkpt>
    <trkpt lat="31.914254" lon="34.943581">
      <ele>128.1</ele>
    </trkpt>
    <trkpt lat="31.914218" lon="34.943579">
      <ele>128.2</ele>
    </trkpt>
    <trkpt lat="31.914186" lon="34.94358">
      <ele>128.3</ele>
    </trkpt>
    <trkpt lat="31.914159" lon="34.943584">
      <ele>128.4</ele>
    </trkpt>
    <trkpt lat="31.914099" lon="34.943595">
      <ele>128.6</ele>
    </trkpt>
    <trkpt lat="31.914062" lon="34.943604">
      <ele>128.7</ele>
    </trkpt>
    <trkpt lat="31.914028" lon="34.943614">
      <ele>128.8</ele>
    </trkpt>
    <trkpt lat="31.914001" lon="34.943621">
      <ele>128.8</ele>
    </trkpt>
    <trkpt lat="31.913962" lon="34.943632">
      <ele>128.9</ele>
    </trkpt>
    <trkpt lat="31.913926" lon="34.943643">
      <ele>129.0</ele>
    </trkpt>
    <trkpt lat="31.913891" lon="34.943656">
      <ele>129.0</ele>
    </trkpt>
    <trkpt lat="31.913856" lon="34.943668">
      <ele>129.1</ele>
    </trkpt>
    <trkpt lat="31.913823" lon="34.943675">
      <ele>129.2</ele>
    </trkpt>
    <trkpt lat="31.913791" lon="34.94368">
      <ele>129.2</ele>
    </trkpt>
    <trkpt lat="31.913758" lon="34.943687">
      <ele>129.3</ele>
    </trkpt>
    <trkpt lat="31.913722" lon="34.943698">
      <ele>129.5</ele>
    </trkpt>
    <trkpt lat="31.913681" lon="34.943713">
      <ele>129.9</ele>
    </trkpt>
    <trkpt lat="31.913654" lon="34.943726">
      <ele>130.0</ele>
    </trkpt>
    <trkpt lat="31.913626" lon="34.943743">
      <ele>130.2</ele>
    </trkpt>
    <trkpt lat="31.913598" lon="34.94376">
      <ele>130.5</ele>
    </trkpt>
    <trkpt lat="31.913572" lon="34.943777">
      <ele>130.7</ele>
    </trkpt>
    <trkpt lat="31.913546" lon="34.943796">
      <ele>130.9</ele>
    </trkpt>
    <trkpt lat="31.913521" lon="34.943814">
      <ele>131.2</ele>
    </trkpt>
    <trkpt lat="31.913498" lon="34.943831">
      <ele>131.4</ele>
    </trkpt>
    <trkpt lat="31.913456" lon="34.94387">
      <ele>131.7</ele>
    </trkpt>
    <trkpt lat="31.913418" lon="34.943914">
      <ele>132.0</ele>
    </trkpt>
    <trkpt lat="31.9134" lon="34.943939">
      <ele>132.1</ele>
    </trkpt>
    <trkpt lat="31.913381" lon="34.943964">
      <ele>132.2</ele>
    </trkpt>
    <trkpt lat="31.913361" lon="34.94399">
      <ele>132.4</ele>
    </trkpt>
    <trkpt lat="31.913341" lon="34.944017">
      <ele>132.5</ele>
    </trkpt>
    <trkpt lat="31.913322" lon="34.944045">
      <ele>132.6</ele>
    </trkpt>
    <trkpt lat="31.913302" lon="34.944073">
      <ele>132.6</ele>
    </trkpt>
    <trkpt lat="31.913281" lon="34.944101">
      <ele>132.7</ele>
    </trkpt>
    <trkpt lat="31.91326" lon="34.944129">
      <ele>132.8</ele>
    </trkpt>
    <trkpt lat="31.913237" lon="34.944155">
      <ele>132.9</ele>
    </trkpt>
    <trkpt lat="31.913213" lon="34.94418">
      <ele>133.0</ele>
    </trkpt>
    <trkpt lat="31.913189" lon="34.944206">
      <ele>133.1</ele>
    </trkpt>
    <trkpt lat="31.913162" lon="34.944235">
      <ele>133.2</ele>
    </trkpt>
    <trkpt lat="31.913135" lon="34.944263">
      <ele>133.2</ele>
    </trkpt>
    <trkpt lat="31.913107" lon="34.94429">
      <ele>133.3</ele>
    </trkpt>
    <trkpt lat="31.913079" lon="34.944316">
      <ele>133.4</ele>
    </trkpt>
    <trkpt lat="31.91305" lon="34.94434">
      <ele>133.5</ele>
    </trkpt>
    <trkpt lat="31.913022" lon="34.944365">
      <ele>133.5</ele>
    </trkpt>
    <trkpt lat="31.912995" lon="34.94439">
      <ele>133.5</ele>
    </trkpt>
    <trkpt lat="31.912967" lon="34.944415">
      <ele>133.6</ele>
    </trkpt>
    <trkpt lat="31.912939" lon="34.944439">
      <ele>133.6</ele>
    </trkpt>
    <trkpt lat="31.912911" lon="34.944462">
      <ele>133.6</ele>
    </trkpt>
    <trkpt lat="31.912882" lon="34.944485">
      <ele>133.7</ele>
    </trkpt>
    <trkpt lat="31.912854" lon="34.944508">
      <ele>133.8</ele>
    </trkpt>
    <trkpt lat="31.912825" lon="34.94453">
      <ele>133.9</ele>
    </trkpt>
    <trkpt lat="31.912796" lon="34.944551">
      <ele>134.0</ele>
    </trkpt>
    <trkpt lat="31.912768" lon="34.944573">
      <ele>134.1</ele>
    </trkpt>
    <trkpt lat="31.912739" lon="34.944596">
      <ele>134.3</ele>
    </trkpt>
    <trkpt lat="31.912711" lon="34.94462">
      <ele>134.5</ele>
    </trkpt>
    <trkpt lat="31.912682" lon="34.944644">
      <ele>134.7</ele>
    </trkpt>
    <trkpt lat="31.912653" lon="34.944666">
      <ele>134.9</ele>
    </trkpt>
    <trkpt lat="31.912623" lon="34.944687">
      <ele>135.1</ele>
    </trkpt>
    <trkpt lat="31.912595" lon="34.94471">
      <ele>135.2</ele>
    </trkpt>
    <trkpt lat="31.912569" lon="34.944734">
      <ele>135.4</ele>
    </trkpt>
    <trkpt lat="31.912541" lon="34.944757">
      <ele>135.5</ele>
    </trkpt>
    <trkpt lat="31.912511" lon="34.944777">
      <ele>135.7</ele>
    </trkpt>
    <trkpt lat="31.912481" lon="34.944798">
      <ele>135.9</ele>
    </trkpt>
    <trkpt lat="31.91245" lon="34.944821">
      <ele>136.0</ele>
    </trkpt>
    <trkpt lat="31.912422" lon="34.944848">
      <ele>136.1</ele>
    </trkpt>
    <trkpt lat="31.912395" lon="34.944877">
      <ele>136.2</ele>
    </trkpt>
    <trkpt lat="31.912368" lon="34.944906">
      <ele>136.3</ele>
    </trkpt>
    <trkpt lat="31.912343" lon="34.944937">
      <ele>136.4</ele>
    </trkpt>
    <trkpt lat="31.91232" lon="34.944969">
      <ele>136.4</ele>
    </trkpt>
    <trkpt lat="31.9123" lon="34.945004">
      <ele>136.5</ele>
    </trkpt>
    <trkpt lat="31.912281" lon="34.94504">
      <ele>136.5</ele>
    </trkpt>
    <trkpt lat="31.912261" lon="34.945075">
      <ele>136.5</ele>
    </trkpt>
    <trkpt lat="31.91224" lon="34.945109">
      <ele>136.5</ele>
    </trkpt>
    <trkpt lat="31.912219" lon="34.945143">
      <ele>136.4</ele>
    </trkpt>
    <trkpt lat="31.9122" lon="34.945178">
      <ele>136.4</ele>
    </trkpt>
    <trkpt lat="31.912182" lon="34.945214">
      <ele>136.4</ele>
    </trkpt>
    <trkpt lat="31.912165" lon="34.94525">
      <ele>136.3</ele>
    </trkpt>
    <trkpt lat="31.912149" lon="34.945286">
      <ele>136.3</ele>
    </trkpt>
    <trkpt lat="31.912133" lon="34.945323">
      <ele>136.2</ele>
    </trkpt>
    <trkpt lat="31.912113" lon="34.94536">
      <ele>136.1</ele>
    </trkpt>
    <trkpt lat="31.912092" lon="34.945396">
      <ele>136.1</ele>
    </trkpt>
    <trkpt lat="31.91207" lon="34.945435">
      <ele>136.2</ele>
    </trkpt>
    <trkpt lat="31.912051" lon="34.945473">
      <ele>136.5</ele>
    </trkpt>
    <trkpt lat="31.912035" lon="34.945512">
      <ele>136.8</ele>
    </trkpt>
    <trkpt lat="31.912021" lon="34.945551">
      <ele>137.1</ele>
    </trkpt>
    <trkpt lat="31.912007" lon="34.94559">
      <ele>137.4</ele>
    </trkpt>
    <trkpt lat="31.911995" lon="34.94563">
      <ele>137.7</ele>
    </trkpt>
    <trkpt lat="31.911984" lon="34.945672">
      <ele>137.9</ele>
    </trkpt>
    <trkpt lat="31.911976" lon="34.945716">
      <ele>138.2</ele>
    </trkpt>
    <trkpt lat="31.911968" lon="34.94577">
      <ele>138.5</ele>
    </trkpt>
    <trkpt lat="31.911961" lon="34.945824">
      <ele>138.8</ele>
    </trkpt>
    <trkpt lat="31.911953" lon="34.945876">
      <ele>139.1</ele>
    </trkpt>
    <trkpt lat="31.911947" lon="34.945928">
      <ele>139.4</ele>
    </trkpt>
    <trkpt lat="31.91194" lon="34.945979">
      <ele>139.7</ele>
    </trkpt>
    <trkpt lat="31.911933" lon="34.946028">
      <ele>140.0</ele>
    </trkpt>
    <trkpt lat="31.911927" lon="34.946069">
      <ele>140.3</ele>
    </trkpt>
    <trkpt lat="31.911921" lon="34.946109">
      <ele>140.5</ele>
    </trkpt>
    <trkpt lat="31.911915" lon="34.946146">
      <ele>140.7</ele>
    </trkpt>
    <trkpt lat="31.911908" lon="34.94618">
      <ele>140.9</ele>
    </trkpt>
    <trkpt lat="31.911891" lon="34.946212">
      <ele>141.2</ele>
    </trkpt>
    <trkpt lat="31.911863" lon="34.946218">
      <ele>141.4</ele>
    </trkpt>
    <trkpt lat="31.911813" lon="34.946226">
      <ele>141.8</ele>
    </trkpt>
    <trkpt lat="31.911766" lon="34.946236">
      <ele>142.2</ele>
    </trkpt>
    <trkpt lat="31.911725" lon="34.946243">
      <ele>142.5</ele>
    </trkpt>
    <trkpt lat="31.911696" lon="34.946244">
      <ele>142.8</ele>
    </trkpt>
    <trkpt lat="31.911689" lon="34.946206">
      <ele>142.6</ele>
    </trkpt>
    <trkpt lat="31.911691" lon="34.946151">
      <ele>142.3</ele>
    </trkpt>
    <trkpt lat="31.911685" lon="34.946089">
      <ele>142.1</ele>
    </trkpt>
    <trkpt lat="31.911676" lon="34.946059">
      <ele>142.0</ele>
    </trkpt>
    <trkpt lat="31.911664" lon="34.946029">
      <ele>142.0</ele>
    </trkpt>
    <trkpt lat="31.911652" lon="34.945999">
      <ele>141.9</ele>
    </trkpt>
    <trkpt lat="31.911638" lon="34.945966">
      <ele>141.8</ele>
    </trkpt>
    <trkpt lat="31.911625" lon="34.945934">
      <ele>141.8</ele>
    </trkpt>
    <trkpt lat="31.91161" lon="34.945903">
      <ele>141.7</ele>
    </trkpt>
    <trkpt lat="31.911596" lon="34.945875">
      <ele>141.7</ele>
    </trkpt>
    <trkpt lat="31.911574" lon="34.945851">
      <ele>141.8</ele>
    </trkpt>
    <trkpt lat="31.911552" lon="34.945831">
      <ele>141.8</ele>
    </trkpt>
    <trkpt lat="31.911527" lon="34.945813">
      <ele>141.9</ele>
    </trkpt>
    <trkpt lat="31.911502" lon="34.945795">
      <ele>142.0</ele>
    </trkpt>
    <trkpt lat="31.911478" lon="34.945774">
      <ele>142.1</ele>
    </trkpt>
    <trkpt lat="31.911455" lon="34.94575">
      <ele>142.1</ele>
    </trkpt>
    <trkpt lat="31.911431" lon="34.945721">
      <ele>142.2</ele>
    </trkpt>
    <trkpt lat="31.911407" lon="34.945691">
      <ele>142.2</ele>
    </trkpt>
    <trkpt lat="31.911383" lon="34.945662">
      <ele>142.2</ele>
    </trkpt>
    <trkpt lat="31.911359" lon="34.945634">
      <ele>142.3</ele>
    </trkpt>
    <trkpt lat="31.911336" lon="34.945607">
      <ele>142.3</ele>
    </trkpt>
    <trkpt lat="31.911312" lon="34.945582">
      <ele>142.3</ele>
    </trkpt>
    <trkpt lat="31.911284" lon="34.945558">
      <ele>142.4</ele>
    </trkpt>
    <trkpt lat="31.911254" lon="34.945536">
      <ele>142.5</ele>
    </trkpt>
    <trkpt lat="31.911224" lon="34.945514">
      <ele>142.6</ele>
    </trkpt>
    <trkpt lat="31.911193" lon="34.945494">
      <ele>142.6</ele>
    </trkpt>
    <trkpt lat="31.911161" lon="34.945476">
      <ele>142.7</ele>
    </trkpt>
    <trkpt lat="31.911129" lon="34.94546">
      <ele>142.8</ele>
    </trkpt>
    <trkpt lat="31.911097" lon="34.945445">
      <ele>142.9</ele>
    </trkpt>
    <trkpt lat="31.911065" lon="34.945431">
      <ele>142.9</ele>
    </trkpt>
    <trkpt lat="31.911033" lon="34.945419">
      <ele>143.1</ele>
    </trkpt>
    <trkpt lat="31.911" lon="34.945411">
      <ele>143.3</ele>
    </trkpt>
    <trkpt lat="31.910967" lon="34.945403">
      <ele>143.5</ele>
    </trkpt>
    <trkpt lat="31.910934" lon="34.945395">
      <ele>143.7</ele>
    </trkpt>
    <trkpt lat="31.9109" lon="34.945387">
      <ele>143.9</ele>
    </trkpt>
    <trkpt lat="31.910866" lon="34.945381">
      <ele>144.1</ele>
    </trkpt>
    <trkpt lat="31.910832" lon="34.945375">
      <ele>144.4</ele>
    </trkpt>
    <trkpt lat="31.9108" lon="34.945368">
      <ele>144.6</ele>
    </trkpt>
    <trkpt lat="31.910767" lon="34.945358">
      <ele>144.8</ele>
    </trkpt>
    <trkpt lat="31.910735" lon="34.945347">
      <ele>145.0</ele>
    </trkpt>
    <trkpt lat="31.910704" lon="34.945333">
      <ele>145.3</ele>
    </trkpt>
    <trkpt lat="31.910672" lon="34.94532">
      <ele>145.5</ele>
    </trkpt>
    <trkpt lat="31.910639" lon="34.945309">
      <ele>145.8</ele>
    </trkpt>
    <trkpt lat="31.910607" lon="34.945298">
      <ele>146.0</ele>
    </trkpt>
    <trkpt lat="31.910574" lon="34.945291">
      <ele>146.2</ele>
    </trkpt>
    <trkpt lat="31.910541" lon="34.945286">
      <ele>146.4</ele>
    </trkpt>
    <trkpt lat="31.910507" lon="34.945284">
      <ele>146.6</ele>
    </trkpt>
    <trkpt lat="31.910473" lon="34.945281">
      <ele>146.7</ele>
    </trkpt>
    <trkpt lat="31.910439" lon="34.945273">
      <ele>146.9</ele>
    </trkpt>
    <trkpt lat="31.910405" lon="34.945259">
      <ele>147.2</ele>
    </trkpt>
    <trkpt lat="31.910372" lon="34.945245">
      <ele>147.4</ele>
    </trkpt>
    <trkpt lat="31.910339" lon="34.945234">
      <ele>147.5</ele>
    </trkpt>
    <trkpt lat="31.910305" lon="34.945226">
      <ele>147.7</ele>
    </trkpt>
    <trkpt lat="31.910271" lon="34.94522">
      <ele>147.8</ele>
    </trkpt>
    <trkpt lat="31.910237" lon="34.945214">
      <ele>147.9</ele>
    </trkpt>
    <trkpt lat="31.910203" lon="34.945209">
      <ele>148.0</ele>
    </trkpt>
    <trkpt lat="31.91017" lon="34.945203">
      <ele>148.1</ele>
    </trkpt>
    <trkpt lat="31.910136" lon="34.945196">
      <ele>148.2</ele>
    </trkpt>
    <trkpt lat="31.910102" lon="34.945187">
      <ele>148.4</ele>
    </trkpt>
    <trkpt lat="31.910068" lon="34.94518">
      <ele>148.5</ele>
    </trkpt>
    <trkpt lat="31.910035" lon="34.945174">
      <ele>148.6</ele>
    </trkpt>
    <trkpt lat="31.910001" lon="34.945169">
      <ele>148.7</ele>
    </trkpt>
    <trkpt lat="31.909968" lon="34.945165">
      <ele>148.8</ele>
    </trkpt>
    <trkpt lat="31.909935" lon="34.945162">
      <ele>148.9</ele>
    </trkpt>
    <trkpt lat="31.909902" lon="34.945163">
      <ele>148.9</ele>
    </trkpt>
    <trkpt lat="31.909869" lon="34.945164">
      <ele>149.0</ele>
    </trkpt>
    <trkpt lat="31.909836" lon="34.945161">
      <ele>149.1</ele>
    </trkpt>
    <trkpt lat="31.909804" lon="34.945154">
      <ele>149.2</ele>
    </trkpt>
    <trkpt lat="31.909772" lon="34.945144">
      <ele>149.3</ele>
    </trkpt>
    <trkpt lat="31.909741" lon="34.945133">
      <ele>149.4</ele>
    </trkpt>
    <trkpt lat="31.90971" lon="34.94512">
      <ele>149.5</ele>
    </trkpt>
    <trkpt lat="31.90968" lon="34.945106">
      <ele>149.6</ele>
    </trkpt>
    <trkpt lat="31.90965" lon="34.945093">
      <ele>149.7</ele>
    </trkpt>
    <trkpt lat="31.909621" lon="34.945081">
      <ele>149.7</ele>
    </trkpt>
    <trkpt lat="31.909591" lon="34.945071">
      <ele>149.8</ele>
    </trkpt>
    <trkpt lat="31.909562" lon="34.94506">
      <ele>149.9</ele>
    </trkpt>
    <trkpt lat="31.909533" lon="34.94505">
      <ele>150.0</ele>
    </trkpt>
    <trkpt lat="31.909503" lon="34.94504">
      <ele>150.1</ele>
    </trkpt>
    <trkpt lat="31.909472" lon="34.945031">
      <ele>150.1</ele>
    </trkpt>
    <trkpt lat="31.909441" lon="34.945021">
      <ele>150.2</ele>
    </trkpt>
    <trkpt lat="31.90941" lon="34.945013">
      <ele>150.3</ele>
    </trkpt>
    <trkpt lat="31.909379" lon="34.945005">
      <ele>150.4</ele>
    </trkpt>
    <trkpt lat="31.909347" lon="34.944999">
      <ele>150.4</ele>
    </trkpt>
    <trkpt lat="31.909316" lon="34.944994">
      <ele>150.5</ele>
    </trkpt>
    <trkpt lat="31.909284" lon="34.944994">
      <ele>150.5</ele>
    </trkpt>
    <trkpt lat="31.909254" lon="34.944996">
      <ele>150.6</ele>
    </trkpt>
    <trkpt lat="31.909223" lon="34.944999">
      <ele>150.6</ele>
    </trkpt>
    <trkpt lat="31.909193" lon="34.944995">
      <ele>150.7</ele>
    </trkpt>
    <trkpt lat="31.909162" lon="34.944988">
      <ele>150.8</ele>
    </trkpt>
    <trkpt lat="31.909132" lon="34.944981">
      <ele>150.8</ele>
    </trkpt>
    <trkpt lat="31.909101" lon="34.944974">
      <ele>150.9</ele>
    </trkpt>
    <trkpt lat="31.90907" lon="34.944968">
      <ele>150.9</ele>
    </trkpt>
    <trkpt lat="31.909039" lon="34.944962">
      <ele>151.0</ele>
    </trkpt>
    <trkpt lat="31.909007" lon="34.944959">
      <ele>151.0</ele>
    </trkpt>
    <trkpt lat="31.908975" lon="34.944959">
      <ele>151.1</ele>
    </trkpt>
    <trkpt lat="31.908943" lon="34.944959">
      <ele>151.1</ele>
    </trkpt>
    <trkpt lat="31.908911" lon="34.944959">
      <ele>151.2</ele>
    </trkpt>
    <trkpt lat="31.908878" lon="34.944958">
      <ele>151.2</ele>
    </trkpt>
    <trkpt lat="31.908844" lon="34.944959">
      <ele>151.3</ele>
    </trkpt>
    <trkpt lat="31.90881" lon="34.94496">
      <ele>151.4</ele>
    </trkpt>
    <trkpt lat="31.908775" lon="34.944962">
      <ele>151.4</ele>
    </trkpt>
    <trkpt lat="31.908741" lon="34.944964">
      <ele>151.5</ele>
    </trkpt>
    <trkpt lat="31.908706" lon="34.944965">
      <ele>151.6</ele>
    </trkpt>
    <trkpt lat="31.908672" lon="34.944968">
      <ele>151.7</ele>
    </trkpt>
    <trkpt lat="31.908637" lon="34.944969">
      <ele>151.9</ele>
    </trkpt>
    <trkpt lat="31.908602" lon="34.944971">
      <ele>152.0</ele>
    </trkpt>
    <trkpt lat="31.908566" lon="34.94497">
      <ele>152.1</ele>
    </trkpt>
    <trkpt lat="31.908531" lon="34.944972">
      <ele>152.3</ele>
    </trkpt>
    <trkpt lat="31.908496" lon="34.944977">
      <ele>152.4</ele>
    </trkpt>
    <trkpt lat="31.908462" lon="34.944985">
      <ele>152.5</ele>
    </trkpt>
    <trkpt lat="31.908428" lon="34.944994">
      <ele>152.7</ele>
    </trkpt>
    <trkpt lat="31.908396" lon="34.945004">
      <ele>152.8</ele>
    </trkpt>
    <trkpt lat="31.908363" lon="34.945015">
      <ele>152.9</ele>
    </trkpt>
    <trkpt lat="31.908331" lon="34.945031">
      <ele>153.0</ele>
    </trkpt>
    <trkpt lat="31.9083" lon="34.945048">
      <ele>153.1</ele>
    </trkpt>
    <trkpt lat="31.908268" lon="34.945065">
      <ele>153.2</ele>
    </trkpt>
    <trkpt lat="31.908236" lon="34.945081">
      <ele>153.3</ele>
    </trkpt>
    <trkpt lat="31.908203" lon="34.945095">
      <ele>153.4</ele>
    </trkpt>
    <trkpt lat="31.90817" lon="34.945108">
      <ele>153.5</ele>
    </trkpt>
    <trkpt lat="31.908136" lon="34.94512">
      <ele>153.6</ele>
    </trkpt>
    <trkpt lat="31.908103" lon="34.945132">
      <ele>153.7</ele>
    </trkpt>
    <trkpt lat="31.90807" lon="34.945144">
      <ele>153.8</ele>
    </trkpt>
    <trkpt lat="31.908038" lon="34.945156">
      <ele>153.9</ele>
    </trkpt>
    <trkpt lat="31.908007" lon="34.945166">
      <ele>154.0</ele>
    </trkpt>
    <trkpt lat="31.907976" lon="34.945177">
      <ele>154.1</ele>
    </trkpt>
    <trkpt lat="31.907945" lon="34.945189">
      <ele>154.2</ele>
    </trkpt>
    <trkpt lat="31.907914" lon="34.945198">
      <ele>154.3</ele>
    </trkpt>
    <trkpt lat="31.907882" lon="34.945205">
      <ele>154.4</ele>
    </trkpt>
    <trkpt lat="31.907849" lon="34.94521">
      <ele>154.5</ele>
    </trkpt>
    <trkpt lat="31.907816" lon="34.945215">
      <ele>154.6</ele>
    </trkpt>
    <trkpt lat="31.907784" lon="34.945221">
      <ele>154.7</ele>
    </trkpt>
    <trkpt lat="31.907752" lon="34.945225">
      <ele>154.8</ele>
    </trkpt>
    <trkpt lat="31.907719" lon="34.945228">
      <ele>154.9</ele>
    </trkpt>
    <trkpt lat="31.907686" lon="34.94523">
      <ele>155.0</ele>
    </trkpt>
    <trkpt lat="31.907653" lon="34.945233">
      <ele>155.1</ele>
    </trkpt>
    <trkpt lat="31.907619" lon="34.945233">
      <ele>155.2</ele>
    </trkpt>
    <trkpt lat="31.907585" lon="34.945239">
      <ele>155.3</ele>
    </trkpt>
    <trkpt lat="31.90755" lon="34.945247">
      <ele>155.4</ele>
    </trkpt>
    <trkpt lat="31.907517" lon="34.94526">
      <ele>155.4</ele>
    </trkpt>
    <trkpt lat="31.907484" lon="34.945278">
      <ele>155.5</ele>
    </trkpt>
    <trkpt lat="31.907452" lon="34.945301">
      <ele>155.5</ele>
    </trkpt>
    <trkpt lat="31.907421" lon="34.945331">
      <ele>155.5</ele>
    </trkpt>
    <trkpt lat="31.907391" lon="34.945369">
      <ele>155.4</ele>
    </trkpt>
    <trkpt lat="31.907364" lon="34.945412">
      <ele>155.3</ele>
    </trkpt>
    <trkpt lat="31.907338" lon="34.945455">
      <ele>155.2</ele>
    </trkpt>
    <trkpt lat="31.907309" lon="34.945497">
      <ele>155.1</ele>
    </trkpt>
    <trkpt lat="31.907278" lon="34.945536">
      <ele>155.0</ele>
    </trkpt>
    <trkpt lat="31.907241" lon="34.945579">
      <ele>154.9</ele>
    </trkpt>
    <trkpt lat="31.907193" lon="34.945642">
      <ele>154.6</ele>
    </trkpt>
    <trkpt lat="31.90715" lon="34.945678">
      <ele>154.4</ele>
    </trkpt>
    <trkpt lat="31.907101" lon="34.945714">
      <ele>154.2</ele>
    </trkpt>
    <trkpt lat="31.907049" lon="34.945748">
      <ele>153.8</ele>
    </trkpt>
    <trkpt lat="31.906997" lon="34.945788">
      <ele>153.2</ele>
    </trkpt>
    <trkpt lat="31.906945" lon="34.945833">
      <ele>152.5</ele>
    </trkpt>
    <trkpt lat="31.906889" lon="34.945878">
      <ele>151.8</ele>
    </trkpt>
    <trkpt lat="31.906829" lon="34.945941">
      <ele>150.9</ele>
    </trkpt>
    <trkpt lat="31.90676" lon="34.946">
      <ele>150.0</ele>
    </trkpt>
    <trkpt lat="31.90669" lon="34.946046">
      <ele>149.2</ele>
    </trkpt>
    <trkpt lat="31.906614" lon="34.946081">
      <ele>148.3</ele>
    </trkpt>
    <trkpt lat="31.906532" lon="34.946099">
      <ele>147.5</ele>
    </trkpt>
    <trkpt lat="31.906442" lon="34.946103">
      <ele>146.8</ele>
    </trkpt>
    <trkpt lat="31.906354" lon="34.946103">
      <ele>146.1</ele>
    </trkpt>
    <trkpt lat="31.906261" lon="34.946099">
      <ele>145.4</ele>
    </trkpt>
    <trkpt lat="31.906164" lon="34.946099">
      <ele>144.7</ele>
    </trkpt>
    <trkpt lat="31.906069" lon="34.946095">
      <ele>144.1</ele>
    </trkpt>
    <trkpt lat="31.905975" lon="34.946082">
      <ele>143.6</ele>
    </trkpt>
    <trkpt lat="31.905881" lon="34.946069">
      <ele>143.0</ele>
    </trkpt>
    <trkpt lat="31.905783" lon="34.94605">
      <ele>142.5</ele>
    </trkpt>
    <trkpt lat="31.905687" lon="34.946028">
      <ele>141.9</ele>
    </trkpt>
    <trkpt lat="31.905588" lon="34.946011">
      <ele>141.4</ele>
    </trkpt>
    <trkpt lat="31.905496" lon="34.945995">
      <ele>140.8</ele>
    </trkpt>
    <trkpt lat="31.905398" lon="34.946001">
      <ele>140.1</ele>
    </trkpt>
    <trkpt lat="31.905303" lon="34.945997">
      <ele>139.5</ele>
    </trkpt>
    <trkpt lat="31.905211" lon="34.945991">
      <ele>138.9</ele>
    </trkpt>
    <trkpt lat="31.905121" lon="34.945977">
      <ele>138.4</ele>
    </trkpt>
    <trkpt lat="31.90503" lon="34.945965">
      <ele>137.9</ele>
    </trkpt>
    <trkpt lat="31.90494" lon="34.945946">
      <ele>137.3</ele>
    </trkpt>
    <trkpt lat="31.904852" lon="34.945911">
      <ele>136.8</ele>
    </trkpt>
    <trkpt lat="31.904769" lon="34.945872">
      <ele>136.3</ele>
    </trkpt>
    <trkpt lat="31.904687" lon="34.945825">
      <ele>135.8</ele>
    </trkpt>
    <trkpt lat="31.904607" lon="34.945779">
      <ele>135.2</ele>
    </trkpt>
    <trkpt lat="31.90453" lon="34.945738">
      <ele>134.8</ele>
    </trkpt>
    <trkpt lat="31.904449" lon="34.945696">
      <ele>134.5</ele>
    </trkpt>
    <trkpt lat="31.904369" lon="34.945677">
      <ele>134.1</ele>
    </trkpt>
    <trkpt lat="31.90429" lon="34.945665">
      <ele>133.8</ele>
    </trkpt>
    <trkpt lat="31.904216" lon="34.945636">
      <ele>133.4</ele>
    </trkpt>
    <trkpt lat="31.904153" lon="34.945598">
      <ele>133.0</ele>
    </trkpt>
    <trkpt lat="31.904094" lon="34.945555">
      <ele>132.6</ele>
    </trkpt>
    <trkpt lat="31.90403" lon="34.945497">
      <ele>132.0</ele>
    </trkpt>
    <trkpt lat="31.903961" lon="34.945448">
      <ele>131.4</ele>
    </trkpt>
    <trkpt lat="31.903891" lon="34.945399">
      <ele>130.9</ele>
    </trkpt>
    <trkpt lat="31.903811" lon="34.945364">
      <ele>130.6</ele>
    </trkpt>
    <trkpt lat="31.903734" lon="34.945354">
      <ele>130.3</ele>
    </trkpt>
    <trkpt lat="31.903657" lon="34.94536">
      <ele>130.2</ele>
    </trkpt>
    <trkpt lat="31.903579" lon="34.945374">
      <ele>130.1</ele>
    </trkpt>
    <trkpt lat="31.903501" lon="34.945396">
      <ele>130.0</ele>
    </trkpt>
    <trkpt lat="31.903427" lon="34.945422">
      <ele>130.0</ele>
    </trkpt>
    <trkpt lat="31.903353" lon="34.945446">
      <ele>130.2</ele>
    </trkpt>
    <trkpt lat="31.903278" lon="34.945464">
      <ele>130.3</ele>
    </trkpt>
    <trkpt lat="31.903205" lon="34.945469">
      <ele>130.4</ele>
    </trkpt>
    <trkpt lat="31.903134" lon="34.945466">
      <ele>130.3</ele>
    </trkpt>
    <trkpt lat="31.90306" lon="34.945454">
      <ele>130.3</ele>
    </trkpt>
    <trkpt lat="31.902987" lon="34.945445">
      <ele>130.2</ele>
    </trkpt>
    <trkpt lat="31.902912" lon="34.945441">
      <ele>130.2</ele>
    </trkpt>
    <trkpt lat="31.902845" lon="34.94543">
      <ele>130.3</ele>
    </trkpt>
    <trkpt lat="31.902788" lon="34.945399">
      <ele>130.2</ele>
    </trkpt>
    <trkpt lat="31.902735" lon="34.945368">
      <ele>130.2</ele>
    </trkpt>
    <trkpt lat="31.902682" lon="34.94533">
      <ele>130.2</ele>
    </trkpt>
    <trkpt lat="31.90263" lon="34.945288">
      <ele>130.2</ele>
    </trkpt>
    <trkpt lat="31.902577" lon="34.945253">
      <ele>130.1</ele>
    </trkpt>
    <trkpt lat="31.902538" lon="34.945198">
      <ele>130.0</ele>
    </trkpt>
    <trkpt lat="31.902512" lon="34.945121">
      <ele>129.7</ele>
    </trkpt>
    <trkpt lat="31.902481" lon="34.945054">
      <ele>129.5</ele>
    </trkpt>
    <trkpt lat="31.902451" lon="34.944988">
      <ele>129.3</ele>
    </trkpt>
    <trkpt lat="31.902421" lon="34.944913">
      <ele>129.0</ele>
    </trkpt>
    <trkpt lat="31.902394" lon="34.944837">
      <ele>128.7</ele>
    </trkpt>
    <trkpt lat="31.902365" lon="34.944767">
      <ele>128.5</ele>
    </trkpt>
    <trkpt lat="31.902331" lon="34.944696">
      <ele>128.2</ele>
    </trkpt>
    <trkpt lat="31.902284" lon="34.944621">
      <ele>127.9</ele>
    </trkpt>
    <trkpt lat="31.902223" lon="34.944565">
      <ele>127.8</ele>
    </trkpt>
    <trkpt lat="31.902154" lon="34.944532">
      <ele>127.7</ele>
    </trkpt>
    <trkpt lat="31.90208" lon="34.944526">
      <ele>127.7</ele>
    </trkpt>
    <trkpt lat="31.902011" lon="34.944511">
      <ele>128.2</ele>
    </trkpt>
    <trkpt lat="31.901948" lon="34.944502">
      <ele>128.6</ele>
    </trkpt>
    <trkpt lat="31.901895" lon="34.944564">
      <ele>129.3</ele>
    </trkpt>
    <trkpt lat="31.901848" lon="34.944591">
      <ele>129.7</ele>
    </trkpt>
    <trkpt lat="31.901798" lon="34.94461">
      <ele>130.2</ele>
    </trkpt>
    <trkpt lat="31.901755" lon="34.944624">
      <ele>130.6</ele>
    </trkpt>
    <trkpt lat="31.901712" lon="34.944634">
      <ele>130.9</ele>
    </trkpt>
    <trkpt lat="31.901673" lon="34.944646">
      <ele>131.3</ele>
    </trkpt>
    <trkpt lat="31.901636" lon="34.944654">
      <ele>131.6</ele>
    </trkpt>
    <trkpt lat="31.901599" lon="34.944656">
      <ele>131.8</ele>
    </trkpt>
    <trkpt lat="31.901562" lon="34.94466">
      <ele>132.1</ele>
    </trkpt>
    <trkpt lat="31.90153" lon="34.94466">
      <ele>132.4</ele>
    </trkpt>
    <trkpt lat="31.901497" lon="34.944661">
      <ele>132.6</ele>
    </trkpt>
    <trkpt lat="31.901465" lon="34.944661">
      <ele>132.8</ele>
    </trkpt>
    <trkpt lat="31.901413" lon="34.944672">
      <ele>133.3</ele>
    </trkpt>
    <trkpt lat="31.901366" lon="34.944663">
      <ele>133.5</ele>
    </trkpt>
    <trkpt lat="31.901323" lon="34.94465">
      <ele>133.8</ele>
    </trkpt>
    <trkpt lat="31.901278" lon="34.944634">
      <ele>134.0</ele>
    </trkpt>
    <trkpt lat="31.901229" lon="34.944615">
      <ele>134.3</ele>
    </trkpt>
    <trkpt lat="31.901181" lon="34.944592">
      <ele>134.4</ele>
    </trkpt>
    <trkpt lat="31.90114" lon="34.944562">
      <ele>134.4</ele>
    </trkpt>
    <trkpt lat="31.901108" lon="34.944522">
      <ele>134.4</ele>
    </trkpt>
    <trkpt lat="31.901091" lon="34.944472">
      <ele>134.3</ele>
    </trkpt>
    <trkpt lat="31.901084" lon="34.944412">
      <ele>134.1</ele>
    </trkpt>
    <trkpt lat="31.901085" lon="34.94438">
      <ele>133.9</ele>
    </trkpt>
    <trkpt lat="31.901087" lon="34.944348">
      <ele>133.8</ele>
    </trkpt>
    <trkpt lat="31.901092" lon="34.944315">
      <ele>133.6</ele>
    </trkpt>
    <trkpt lat="31.901099" lon="34.944276">
      <ele>133.4</ele>
    </trkpt>
    <trkpt lat="31.901105" lon="34.944237">
      <ele>133.2</ele>
    </trkpt>
    <trkpt lat="31.901111" lon="34.944198">
      <ele>133.0</ele>
    </trkpt>
    <trkpt lat="31.901116" lon="34.944157">
      <ele>132.8</ele>
    </trkpt>
    <trkpt lat="31.901118" lon="34.944115">
      <ele>132.6</ele>
    </trkpt>
    <trkpt lat="31.901117" lon="34.944069">
      <ele>132.4</ele>
    </trkpt>
    <trkpt lat="31.901108" lon="34.944024">
      <ele>132.2</ele>
    </trkpt>
    <trkpt lat="31.901094" lon="34.943981">
      <ele>132.1</ele>
    </trkpt>
    <trkpt lat="31.901075" lon="34.94394">
      <ele>132.1</ele>
    </trkpt>
    <trkpt lat="31.901052" lon="34.943901">
      <ele>132.1</ele>
    </trkpt>
    <trkpt lat="31.901029" lon="34.943861">
      <ele>132.1</ele>
    </trkpt>
    <trkpt lat="31.901006" lon="34.94382">
      <ele>132.0</ele>
    </trkpt>
    <trkpt lat="31.900982" lon="34.943777">
      <ele>132.0</ele>
    </trkpt>
    <trkpt lat="31.900957" lon="34.943736">
      <ele>132.1</ele>
    </trkpt>
    <trkpt lat="31.900933" lon="34.943694">
      <ele>132.1</ele>
    </trkpt>
    <trkpt lat="31.90091" lon="34.943651">
      <ele>132.1</ele>
    </trkpt>
    <trkpt lat="31.90089" lon="34.943607">
      <ele>132.2</ele>
    </trkpt>
    <trkpt lat="31.900876" lon="34.943561">
      <ele>132.1</ele>
    </trkpt>
    <trkpt lat="31.900867" lon="34.943513">
      <ele>132.0</ele>
    </trkpt>
    <trkpt lat="31.90086" lon="34.943464">
      <ele>131.9</ele>
    </trkpt>
    <trkpt lat="31.900852" lon="34.943415">
      <ele>131.9</ele>
    </trkpt>
    <trkpt lat="31.900841" lon="34.943367">
      <ele>131.8</ele>
    </trkpt>
    <trkpt lat="31.900829" lon="34.94332">
      <ele>131.7</ele>
    </trkpt>
    <trkpt lat="31.900817" lon="34.943273">
      <ele>131.7</ele>
    </trkpt>
    <trkpt lat="31.900803" lon="34.943227">
      <ele>131.7</ele>
    </trkpt>
    <trkpt lat="31.900787" lon="34.943182">
      <ele>131.7</ele>
    </trkpt>
    <trkpt lat="31.900768" lon="34.943137">
      <ele>131.7</ele>
    </trkpt>
    <trkpt lat="31.900745" lon="34.943094">
      <ele>131.8</ele>
    </trkpt>
    <trkpt lat="31.900709" lon="34.943051">
      <ele>131.9</ele>
    </trkpt>
    <trkpt lat="31.900685" lon="34.943006">
      <ele>132.0</ele>
    </trkpt>
    <trkpt lat="31.900665" lon="34.942963">
      <ele>132.0</ele>
    </trkpt>
    <trkpt lat="31.900642" lon="34.942916">
      <ele>132.1</ele>
    </trkpt>
    <trkpt lat="31.90062" lon="34.942866">
      <ele>131.9</ele>
    </trkpt>
    <trkpt lat="31.9006" lon="34.942821">
      <ele>131.6</ele>
    </trkpt>
    <trkpt lat="31.900587" lon="34.942773">
      <ele>131.3</ele>
    </trkpt>
    <trkpt lat="31.900575" lon="34.942721">
      <ele>131.0</ele>
    </trkpt>
    <trkpt lat="31.900556" lon="34.942668">
      <ele>130.7</ele>
    </trkpt>
    <trkpt lat="31.900538" lon="34.942614">
      <ele>130.4</ele>
    </trkpt>
    <trkpt lat="31.900525" lon="34.94256">
      <ele>130.0</ele>
    </trkpt>
    <trkpt lat="31.900503" lon="34.942508">
      <ele>129.8</ele>
    </trkpt>
    <trkpt lat="31.900477" lon="34.942459">
      <ele>129.6</ele>
    </trkpt>
    <trkpt lat="31.900447" lon="34.942415">
      <ele>129.5</ele>
    </trkpt>
    <trkpt lat="31.90042" lon="34.942373">
      <ele>129.4</ele>
    </trkpt>
    <trkpt lat="31.900396" lon="34.942332">
      <ele>129.1</ele>
    </trkpt>
    <trkpt lat="31.900366" lon="34.942298">
      <ele>128.9</ele>
    </trkpt>
    <trkpt lat="31.900327" lon="34.942262">
      <ele>128.8</ele>
    </trkpt>
    <trkpt lat="31.900296" lon="34.942229">
      <ele>128.6</ele>
    </trkpt>
    <trkpt lat="31.900269" lon="34.942199">
      <ele>128.4</ele>
    </trkpt>
    <trkpt lat="31.900242" lon="34.942171">
      <ele>128.3</ele>
    </trkpt>
    <trkpt lat="31.900218" lon="34.942139">
      <ele>128.1</ele>
    </trkpt>
    <trkpt lat="31.900191" lon="34.942105">
      <ele>128.0</ele>
    </trkpt>
    <trkpt lat="31.900162" lon="34.942081">
      <ele>127.9</ele>
    </trkpt>
    <trkpt lat="31.900128" lon="34.942055">
      <ele>127.8</ele>
    </trkpt>
    <trkpt lat="31.900097" lon="34.942027">
      <ele>127.6</ele>
    </trkpt>
    <trkpt lat="31.900066" lon="34.94199">
      <ele>127.4</ele>
    </trkpt>
    <trkpt lat="31.900042" lon="34.941958">
      <ele>127.2</ele>
    </trkpt>
    <trkpt lat="31.900017" lon="34.941927">
      <ele>127.0</ele>
    </trkpt>
    <trkpt lat="31.899994" lon="34.941895">
      <ele>126.7</ele>
    </trkpt>
    <trkpt lat="31.899971" lon="34.941861">
      <ele>126.4</ele>
    </trkpt>
    <trkpt lat="31.899948" lon="34.941826">
      <ele>126.1</ele>
    </trkpt>
    <trkpt lat="31.899925" lon="34.94179">
      <ele>125.8</ele>
    </trkpt>
    <trkpt lat="31.8999" lon="34.941754">
      <ele>125.5</ele>
    </trkpt>
    <trkpt lat="31.899873" lon="34.941715">
      <ele>125.2</ele>
    </trkpt>
    <trkpt lat="31.899846" lon="34.941677">
      <ele>124.8</ele>
    </trkpt>
    <trkpt lat="31.899816" lon="34.941641">
      <ele>124.4</ele>
    </trkpt>
    <trkpt lat="31.899785" lon="34.941606">
      <ele>124.1</ele>
    </trkpt>
    <trkpt lat="31.899754" lon="34.941572">
      <ele>123.8</ele>
    </trkpt>
    <trkpt lat="31.899722" lon="34.941539">
      <ele>123.4</ele>
    </trkpt>
    <trkpt lat="31.899688" lon="34.941507">
      <ele>123.1</ele>
    </trkpt>
    <trkpt lat="31.899656" lon="34.941475">
      <ele>122.7</ele>
    </trkpt>
    <trkpt lat="31.899622" lon="34.941446">
      <ele>122.4</ele>
    </trkpt>
    <trkpt lat="31.899588" lon="34.941423">
      <ele>122.1</ele>
    </trkpt>
    <trkpt lat="31.899558" lon="34.941414">
      <ele>121.7</ele>
    </trkpt>
    <trkpt lat="31.899527" lon="34.941413">
      <ele>121.4</ele>
    </trkpt>
    <trkpt lat="31.899498" lon="34.941423">
      <ele>121.3</ele>
    </trkpt>
    <trkpt lat="31.899474" lon="34.941439">
      <ele>121.3</ele>
    </trkpt>
    <trkpt lat="31.899433" lon="34.941478">
      <ele>121.3</ele>
    </trkpt>
    <trkpt lat="31.899412" lon="34.9415">
      <ele>121.4</ele>
    </trkpt>
    <trkpt lat="31.899391" lon="34.941522">
      <ele>121.4</ele>
    </trkpt>
    <trkpt lat="31.89937" lon="34.941543">
      <ele>121.5</ele>
    </trkpt>
    <trkpt lat="31.899348" lon="34.941563">
      <ele>121.5</ele>
    </trkpt>
    <trkpt lat="31.899327" lon="34.941584">
      <ele>121.5</ele>
    </trkpt>
    <trkpt lat="31.899305" lon="34.941605">
      <ele>121.5</ele>
    </trkpt>
    <trkpt lat="31.899284" lon="34.941627">
      <ele>121.5</ele>
    </trkpt>
    <trkpt lat="31.899264" lon="34.94165">
      <ele>121.6</ele>
    </trkpt>
    <trkpt lat="31.899243" lon="34.941674">
      <ele>121.6</ele>
    </trkpt>
    <trkpt lat="31.899223" lon="34.941697">
      <ele>121.6</ele>
    </trkpt>
    <trkpt lat="31.899203" lon="34.941721">
      <ele>121.7</ele>
    </trkpt>
    <trkpt lat="31.899184" lon="34.941745">
      <ele>121.7</ele>
    </trkpt>
    <trkpt lat="31.899166" lon="34.941769">
      <ele>121.8</ele>
    </trkpt>
    <trkpt lat="31.899133" lon="34.941819">
      <ele>121.9</ele>
    </trkpt>
    <trkpt lat="31.899104" lon="34.941872">
      <ele>122.1</ele>
    </trkpt>
    <trkpt lat="31.899076" lon="34.941926">
      <ele>122.4</ele>
    </trkpt>
    <trkpt lat="31.899052" lon="34.941982">
      <ele>122.6</ele>
    </trkpt>
    <trkpt lat="31.89902" lon="34.942028">
      <ele>122.7</ele>
    </trkpt>
    <trkpt lat="31.898977" lon="34.942061">
      <ele>122.5</ele>
    </trkpt>
    <trkpt lat="31.898932" lon="34.942098">
      <ele>122.3</ele>
    </trkpt>
    <trkpt lat="31.898908" lon="34.942119">
      <ele>122.1</ele>
    </trkpt>
    <trkpt lat="31.898875" lon="34.942156">
      <ele>122.0</ele>
    </trkpt>
    <trkpt lat="31.898844" lon="34.9422">
      <ele>121.9</ele>
    </trkpt>
    <trkpt lat="31.89882" lon="34.94225">
      <ele>122.0</ele>
    </trkpt>
    <trkpt lat="31.898803" lon="34.94232">
      <ele>122.3</ele>
    </trkpt>
    <trkpt lat="31.89879" lon="34.942367">
      <ele>122.5</ele>
    </trkpt>
    <trkpt lat="31.898778" lon="34.942408">
      <ele>122.6</ele>
    </trkpt>
    <trkpt lat="31.898765" lon="34.94245">
      <ele>122.8</ele>
    </trkpt>
    <trkpt lat="31.898748" lon="34.942484">
      <ele>122.9</ele>
    </trkpt>
    <trkpt lat="31.898725" lon="34.942522">
      <ele>123.0</ele>
    </trkpt>
    <trkpt lat="31.898697" lon="34.942561">
      <ele>123.0</ele>
    </trkpt>
    <trkpt lat="31.898668" lon="34.942602">
      <ele>123.1</ele>
    </trkpt>
    <trkpt lat="31.898634" lon="34.942644">
      <ele>123.1</ele>
    </trkpt>
    <trkpt lat="31.8986" lon="34.942684">
      <ele>123.0</ele>
    </trkpt>
    <trkpt lat="31.898569" lon="34.94272">
      <ele>123.0</ele>
    </trkpt>
    <trkpt lat="31.898537" lon="34.942757">
      <ele>123.0</ele>
    </trkpt>
    <trkpt lat="31.898508" lon="34.942795">
      <ele>122.9</ele>
    </trkpt>
    <trkpt lat="31.898482" lon="34.942831">
      <ele>122.9</ele>
    </trkpt>
    <trkpt lat="31.89846" lon="34.942869">
      <ele>122.9</ele>
    </trkpt>
    <trkpt lat="31.898441" lon="34.942901">
      <ele>122.9</ele>
    </trkpt>
    <trkpt lat="31.898419" lon="34.942931">
      <ele>123.0</ele>
    </trkpt>
    <trkpt lat="31.898401" lon="34.942957">
      <ele>123.0</ele>
    </trkpt>
    <trkpt lat="31.898387" lon="34.942988">
      <ele>123.2</ele>
    </trkpt>
    <trkpt lat="31.898371" lon="34.943017">
      <ele>123.3</ele>
    </trkpt>
    <trkpt lat="31.898357" lon="34.943046">
      <ele>123.4</ele>
    </trkpt>
    <trkpt lat="31.898343" lon="34.943101">
      <ele>123.8</ele>
    </trkpt>
    <trkpt lat="31.89834" lon="34.94316">
      <ele>124.3</ele>
    </trkpt>
    <trkpt lat="31.898333" lon="34.943218">
      <ele>124.7</ele>
    </trkpt>
    <trkpt lat="31.89832" lon="34.943271">
      <ele>125.0</ele>
    </trkpt>
    <trkpt lat="31.898301" lon="34.943317">
      <ele>125.2</ele>
    </trkpt>
    <trkpt lat="31.898275" lon="34.943346">
      <ele>125.2</ele>
    </trkpt>
    <trkpt lat="31.898242" lon="34.943366">
      <ele>125.0</ele>
    </trkpt>
    <trkpt lat="31.898205" lon="34.943391">
      <ele>124.8</ele>
    </trkpt>
    <trkpt lat="31.898173" lon="34.943429">
      <ele>124.7</ele>
    </trkpt>
    <trkpt lat="31.898141" lon="34.943484">
      <ele>124.8</ele>
    </trkpt>
    <trkpt lat="31.898123" lon="34.943514">
      <ele>124.8</ele>
    </trkpt>
    <trkpt lat="31.898105" lon="34.943544">
      <ele>124.8</ele>
    </trkpt>
    <trkpt lat="31.898085" lon="34.943574">
      <ele>124.8</ele>
    </trkpt>
    <trkpt lat="31.898065" lon="34.943606">
      <ele>124.8</ele>
    </trkpt>
    <trkpt lat="31.898042" lon="34.943643">
      <ele>124.8</ele>
    </trkpt>
    <trkpt lat="31.898019" lon="34.94368">
      <ele>124.8</ele>
    </trkpt>
    <trkpt lat="31.897996" lon="34.943716">
      <ele>124.8</ele>
    </trkpt>
    <trkpt lat="31.897974" lon="34.943753">
      <ele>124.8</ele>
    </trkpt>
    <trkpt lat="31.897953" lon="34.943792">
      <ele>124.7</ele>
    </trkpt>
    <trkpt lat="31.897932" lon="34.943832">
      <ele>124.7</ele>
    </trkpt>
    <trkpt lat="31.897912" lon="34.943871">
      <ele>124.6</ele>
    </trkpt>
    <trkpt lat="31.897893" lon="34.943912">
      <ele>124.6</ele>
    </trkpt>
    <trkpt lat="31.897877" lon="34.943954">
      <ele>124.5</ele>
    </trkpt>
    <trkpt lat="31.897862" lon="34.943998">
      <ele>124.5</ele>
    </trkpt>
    <trkpt lat="31.89785" lon="34.944044">
      <ele>124.6</ele>
    </trkpt>
    <trkpt lat="31.897837" lon="34.944094">
      <ele>124.6</ele>
    </trkpt>
    <trkpt lat="31.897824" lon="34.944145">
      <ele>124.7</ele>
    </trkpt>
    <trkpt lat="31.897811" lon="34.944197">
      <ele>124.7</ele>
    </trkpt>
    <trkpt lat="31.897797" lon="34.944248">
      <ele>124.7</ele>
    </trkpt>
    <trkpt lat="31.897789" lon="34.944315">
      <ele>124.9</ele>
    </trkpt>
    <trkpt lat="31.897784" lon="34.944368">
      <ele>125.1</ele>
    </trkpt>
    <trkpt lat="31.89778" lon="34.944425">
      <ele>125.4</ele>
    </trkpt>
    <trkpt lat="31.897781" lon="34.94448">
      <ele>125.7</ele>
    </trkpt>
    <trkpt lat="31.897799" lon="34.944533">
      <ele>126.3</ele>
    </trkpt>
    <trkpt lat="31.897807" lon="34.944587">
      <ele>126.8</ele>
    </trkpt>
    <trkpt lat="31.897815" lon="34.94464">
      <ele>126.8</ele>
    </trkpt>
    <trkpt lat="31.89783" lon="34.944689">
      <ele>127.0</ele>
    </trkpt>
    <trkpt lat="31.897839" lon="34.944739">
      <ele>127.1</ele>
    </trkpt>
    <trkpt lat="31.897851" lon="34.944785">
      <ele>127.2</ele>
    </trkpt>
    <trkpt lat="31.897864" lon="34.944827">
      <ele>127.4</ele>
    </trkpt>
    <trkpt lat="31.897879" lon="34.944866">
      <ele>127.6</ele>
    </trkpt>
    <trkpt lat="31.897897" lon="34.944899">
      <ele>127.9</ele>
    </trkpt>
    <trkpt lat="31.897915" lon="34.944929">
      <ele>128.1</ele>
    </trkpt>
    <trkpt lat="31.897928" lon="34.944958">
      <ele>128.3</ele>
    </trkpt>
    <trkpt lat="31.897934" lon="34.945018">
      <ele>128.2</ele>
    </trkpt>
    <trkpt lat="31.897928" lon="34.945054">
      <ele>128.0</ele>
    </trkpt>
    <trkpt lat="31.89792" lon="34.945092">
      <ele>127.8</ele>
    </trkpt>
    <trkpt lat="31.897897" lon="34.945142">
      <ele>127.3</ele>
    </trkpt>
    <trkpt lat="31.897837" lon="34.945178">
      <ele>126.0</ele>
    </trkpt>
    <trkpt lat="31.897792" lon="34.945205">
      <ele>125.1</ele>
    </trkpt>
    <trkpt lat="31.897747" lon="34.945232">
      <ele>124.1</ele>
    </trkpt>
    <trkpt lat="31.897705" lon="34.945263">
      <ele>123.3</ele>
    </trkpt>
    <trkpt lat="31.89766" lon="34.945293">
      <ele>122.3</ele>
    </trkpt>
    <trkpt lat="31.897613" lon="34.945314">
      <ele>121.4</ele>
    </trkpt>
    <trkpt lat="31.897567" lon="34.945341">
      <ele>120.4</ele>
    </trkpt>
    <trkpt lat="31.897521" lon="34.945369">
      <ele>119.5</ele>
    </trkpt>
    <trkpt lat="31.897486" lon="34.945396">
      <ele>118.8</ele>
    </trkpt>
    <trkpt lat="31.897462" lon="34.945412">
      <ele>118.3</ele>
    </trkpt>
    <trkpt lat="31.897413" lon="34.945439">
      <ele>117.2</ele>
    </trkpt>
    <trkpt lat="31.897384" lon="34.945451">
      <ele>116.6</ele>
    </trkpt>
    <trkpt lat="31.897351" lon="34.945465">
      <ele>115.9</ele>
    </trkpt>
    <trkpt lat="31.897318" lon="34.945485">
      <ele>115.2</ele>
    </trkpt>
    <trkpt lat="31.897283" lon="34.945518">
      <ele>114.3</ele>
    </trkpt>
    <trkpt lat="31.897251" lon="34.945549">
      <ele>113.6</ele>
    </trkpt>
    <trkpt lat="31.897214" lon="34.945581">
      <ele>112.7</ele>
    </trkpt>
    <trkpt lat="31.897177" lon="34.945625">
      <ele>111.8</ele>
    </trkpt>
    <trkpt lat="31.897137" lon="34.945669">
      <ele>110.8</ele>
    </trkpt>
    <trkpt lat="31.897096" lon="34.945704">
      <ele>109.9</ele>
    </trkpt>
    <trkpt lat="31.897052" lon="34.945739">
      <ele>109.3</ele>
    </trkpt>
    <trkpt lat="31.897012" lon="34.94577">
      <ele>109.0</ele>
    </trkpt>
    <trkpt lat="31.896975" lon="34.945792">
      <ele>108.7</ele>
    </trkpt>
    <trkpt lat="31.896944" lon="34.945803">
      <ele>108.5</ele>
    </trkpt>
    <trkpt lat="31.896894" lon="34.945792">
      <ele>108.3</ele>
    </trkpt>
    <trkpt lat="31.896855" lon="34.945757">
      <ele>108.3</ele>
    </trkpt>
    <trkpt lat="31.896825" lon="34.945716">
      <ele>108.3</ele>
    </trkpt>
    <trkpt lat="31.89679" lon="34.94567">
      <ele>108.2</ele>
    </trkpt>
    <trkpt lat="31.896771" lon="34.945638">
      <ele>108.2</ele>
    </trkpt>
    <trkpt lat="31.896751" lon="34.945604">
      <ele>108.2</ele>
    </trkpt>
    <trkpt lat="31.896728" lon="34.945558">
      <ele>108.1</ele>
    </trkpt>
    <trkpt lat="31.896704" lon="34.945507">
      <ele>108.1</ele>
    </trkpt>
    <trkpt lat="31.896676" lon="34.945444">
      <ele>108.0</ele>
    </trkpt>
    <trkpt lat="31.896646" lon="34.945392">
      <ele>107.8</ele>
    </trkpt>
    <trkpt lat="31.896614" lon="34.945338">
      <ele>107.6</ele>
    </trkpt>
    <trkpt lat="31.896581" lon="34.945287">
      <ele>107.3</ele>
    </trkpt>
    <trkpt lat="31.896543" lon="34.945232">
      <ele>106.9</ele>
    </trkpt>
    <trkpt lat="31.896507" lon="34.945185">
      <ele>106.6</ele>
    </trkpt>
    <trkpt lat="31.896475" lon="34.945128">
      <ele>106.2</ele>
    </trkpt>
    <trkpt lat="31.896431" lon="34.94507">
      <ele>105.7</ele>
    </trkpt>
    <trkpt lat="31.896381" lon="34.945011">
      <ele>105.2</ele>
    </trkpt>
    <trkpt lat="31.89634" lon="34.94496">
      <ele>104.7</ele>
    </trkpt>
    <trkpt lat="31.896303" lon="34.944903">
      <ele>104.3</ele>
    </trkpt>
    <trkpt lat="31.896279" lon="34.944855">
      <ele>103.9</ele>
    </trkpt>
    <trkpt lat="31.896263" lon="34.944777">
      <ele>103.6</ele>
    </trkpt>
    <trkpt lat="31.896244" lon="34.944711">
      <ele>103.4</ele>
    </trkpt>
    <trkpt lat="31.896212" lon="34.944653">
      <ele>103.5</ele>
    </trkpt>
    <trkpt lat="31.896194" lon="34.944597">
      <ele>103.5</ele>
    </trkpt>
    <trkpt lat="31.896189" lon="34.944535">
      <ele>103.5</ele>
    </trkpt>
    <trkpt lat="31.896165" lon="34.944472">
      <ele>103.7</ele>
    </trkpt>
    <trkpt lat="31.896145" lon="34.94441">
      <ele>103.8</ele>
    </trkpt>
    <trkpt lat="31.896126" lon="34.944354">
      <ele>103.9</ele>
    </trkpt>
    <trkpt lat="31.896111" lon="34.944307">
      <ele>104.0</ele>
    </trkpt>
    <trkpt lat="31.896098" lon="34.944257">
      <ele>104.1</ele>
    </trkpt>
    <trkpt lat="31.896074" lon="34.944203">
      <ele>104.2</ele>
    </trkpt>
    <trkpt lat="31.896062" lon="34.944161">
      <ele>104.2</ele>
    </trkpt>
    <trkpt lat="31.896034" lon="34.944117">
      <ele>104.4</ele>
    </trkpt>
    <trkpt lat="31.895997" lon="34.944087">
      <ele>104.6</ele>
    </trkpt>
    <trkpt lat="31.895961" lon="34.944079">
      <ele>104.8</ele>
    </trkpt>
    <trkpt lat="31.895924" lon="34.944062">
      <ele>105.0</ele>
    </trkpt>
    <trkpt lat="31.895883" lon="34.944075">
      <ele>105.3</ele>
    </trkpt>
    <trkpt lat="31.895856" lon="34.944104">
      <ele>105.5</ele>
    </trkpt>
    <trkpt lat="31.895848" lon="34.944156">
      <ele>105.6</ele>
    </trkpt>
    <trkpt lat="31.895855" lon="34.944204">
      <ele>105.7</ele>
    </trkpt>
    <trkpt lat="31.895864" lon="34.94425">
      <ele>105.7</ele>
    </trkpt>
    <trkpt lat="31.895873" lon="34.944299">
      <ele>105.7</ele>
    </trkpt>
    <trkpt lat="31.895889" lon="34.944357">
      <ele>105.7</ele>
    </trkpt>
    <trkpt lat="31.895897" lon="34.944389">
      <ele>105.7</ele>
    </trkpt>
    <trkpt lat="31.895905" lon="34.944423">
      <ele>105.7</ele>
    </trkpt>
    <trkpt lat="31.895909" lon="34.944457">
      <ele>105.7</ele>
    </trkpt>
    <trkpt lat="31.89591" lon="34.944493">
      <ele>105.7</ele>
    </trkpt>
    <trkpt lat="31.89591" lon="34.944528">
      <ele>105.8</ele>
    </trkpt>
    <trkpt lat="31.89591" lon="34.944563">
      <ele>105.8</ele>
    </trkpt>
    <trkpt lat="31.895908" lon="34.944599">
      <ele>105.9</ele>
    </trkpt>
    <trkpt lat="31.895906" lon="34.944635">
      <ele>105.9</ele>
    </trkpt>
    <trkpt lat="31.895906" lon="34.944673">
      <ele>105.9</ele>
    </trkpt>
    <trkpt lat="31.895907" lon="34.944714">
      <ele>105.9</ele>
    </trkpt>
    <trkpt lat="31.89591" lon="34.944754">
      <ele>105.8</ele>
    </trkpt>
    <trkpt lat="31.895912" lon="34.944794">
      <ele>105.8</ele>
    </trkpt>
    <trkpt lat="31.895915" lon="34.944834">
      <ele>105.8</ele>
    </trkpt>
    <trkpt lat="31.895917" lon="34.944875">
      <ele>105.8</ele>
    </trkpt>
    <trkpt lat="31.89592" lon="34.944915">
      <ele>105.8</ele>
    </trkpt>
    <trkpt lat="31.895925" lon="34.944956">
      <ele>105.8</ele>
    </trkpt>
    <trkpt lat="31.895932" lon="34.944996">
      <ele>105.7</ele>
    </trkpt>
    <trkpt lat="31.895941" lon="34.945035">
      <ele>105.7</ele>
    </trkpt>
    <trkpt lat="31.895952" lon="34.945075">
      <ele>105.6</ele>
    </trkpt>
    <trkpt lat="31.895967" lon="34.945113">
      <ele>105.6</ele>
    </trkpt>
    <trkpt lat="31.895985" lon="34.945149">
      <ele>105.5</ele>
    </trkpt>
    <trkpt lat="31.896003" lon="34.945185">
      <ele>105.4</ele>
    </trkpt>
    <trkpt lat="31.896017" lon="34.94522">
      <ele>105.4</ele>
    </trkpt>
    <trkpt lat="31.896028" lon="34.945255">
      <ele>105.4</ele>
    </trkpt>
    <trkpt lat="31.896041" lon="34.945288">
      <ele>105.4</ele>
    </trkpt>
    <trkpt lat="31.896053" lon="34.945318">
      <ele>105.4</ele>
    </trkpt>
    <trkpt lat="31.896059" lon="34.945354">
      <ele>105.4</ele>
    </trkpt>
    <trkpt lat="31.896056" lon="34.945398">
      <ele>105.4</ele>
    </trkpt>
    <trkpt lat="31.896057" lon="34.945458">
      <ele>105.5</ele>
    </trkpt>
    <trkpt lat="31.896057" lon="34.945499">
      <ele>105.6</ele>
    </trkpt>
    <trkpt lat="31.896055" lon="34.945536">
      <ele>105.6</ele>
    </trkpt>
    <trkpt lat="31.896048" lon="34.945572">
      <ele>105.7</ele>
    </trkpt>
    <trkpt lat="31.896038" lon="34.945609">
      <ele>105.8</ele>
    </trkpt>
    <trkpt lat="31.896027" lon="34.945645">
      <ele>105.9</ele>
    </trkpt>
    <trkpt lat="31.896016" lon="34.945681">
      <ele>106.0</ele>
    </trkpt>
    <trkpt lat="31.896004" lon="34.945717">
      <ele>106.1</ele>
    </trkpt>
    <trkpt lat="31.895991" lon="34.945751">
      <ele>106.1</ele>
    </trkpt>
    <trkpt lat="31.895977" lon="34.945784">
      <ele>106.2</ele>
    </trkpt>
    <trkpt lat="31.895962" lon="34.945817">
      <ele>106.3</ele>
    </trkpt>
    <trkpt lat="31.895948" lon="34.945849">
      <ele>106.4</ele>
    </trkpt>
    <trkpt lat="31.895934" lon="34.94588">
      <ele>106.5</ele>
    </trkpt>
    <trkpt lat="31.895921" lon="34.945911">
      <ele>106.6</ele>
    </trkpt>
    <trkpt lat="31.89591" lon="34.945944">
      <ele>106.7</ele>
    </trkpt>
    <trkpt lat="31.895899" lon="34.945977">
      <ele>106.8</ele>
    </trkpt>
    <trkpt lat="31.895889" lon="34.94601">
      <ele>106.9</ele>
    </trkpt>
    <trkpt lat="31.895878" lon="34.946043">
      <ele>107.0</ele>
    </trkpt>
    <trkpt lat="31.895867" lon="34.946076">
      <ele>107.1</ele>
    </trkpt>
    <trkpt lat="31.895858" lon="34.946109">
      <ele>107.2</ele>
    </trkpt>
    <trkpt lat="31.895848" lon="34.946141">
      <ele>107.3</ele>
    </trkpt>
    <trkpt lat="31.895839" lon="34.946173">
      <ele>107.3</ele>
    </trkpt>
    <trkpt lat="31.895832" lon="34.946204">
      <ele>107.4</ele>
    </trkpt>
    <trkpt lat="31.895827" lon="34.946236">
      <ele>107.5</ele>
    </trkpt>
    <trkpt lat="31.895819" lon="34.946298">
      <ele>107.8</ele>
    </trkpt>
    <trkpt lat="31.895814" lon="34.946329">
      <ele>108.0</ele>
    </trkpt>
    <trkpt lat="31.89581" lon="34.946361">
      <ele>108.2</ele>
    </trkpt>
    <trkpt lat="31.895807" lon="34.946393">
      <ele>108.4</ele>
    </trkpt>
    <trkpt lat="31.895807" lon="34.946426">
      <ele>108.6</ele>
    </trkpt>
    <trkpt lat="31.895813" lon="34.946459">
      <ele>108.8</ele>
    </trkpt>
    <trkpt lat="31.895823" lon="34.946493">
      <ele>109.0</ele>
    </trkpt>
    <trkpt lat="31.895837" lon="34.946526">
      <ele>109.1</ele>
    </trkpt>
    <trkpt lat="31.895855" lon="34.946557">
      <ele>109.3</ele>
    </trkpt>
    <trkpt lat="31.895874" lon="34.946589">
      <ele>109.5</ele>
    </trkpt>
    <trkpt lat="31.895886" lon="34.946623">
      <ele>109.7</ele>
    </trkpt>
    <trkpt lat="31.895894" lon="34.94666">
      <ele>109.9</ele>
    </trkpt>
    <trkpt lat="31.895894" lon="34.946698">
      <ele>110.1</ele>
    </trkpt>
    <trkpt lat="31.895894" lon="34.946739">
      <ele>110.4</ele>
    </trkpt>
    <trkpt lat="31.895896" lon="34.946781">
      <ele>110.7</ele>
    </trkpt>
    <trkpt lat="31.895911" lon="34.94684">
      <ele>111.0</ele>
    </trkpt>
    <trkpt lat="31.895928" lon="34.946867">
      <ele>111.2</ele>
    </trkpt>
    <trkpt lat="31.895948" lon="34.946892">
      <ele>111.4</ele>
    </trkpt>
    <trkpt lat="31.895969" lon="34.946917">
      <ele>111.5</ele>
    </trkpt>
    <trkpt lat="31.895989" lon="34.946943">
      <ele>111.7</ele>
    </trkpt>
    <trkpt lat="31.896024" lon="34.946987">
      <ele>112.0</ele>
    </trkpt>
    <trkpt lat="31.896059" lon="34.947029">
      <ele>112.4</ele>
    </trkpt>
    <trkpt lat="31.896097" lon="34.947068">
      <ele>112.7</ele>
    </trkpt>
    <trkpt lat="31.896137" lon="34.947111">
      <ele>113.0</ele>
    </trkpt>
    <trkpt lat="31.896156" lon="34.947133">
      <ele>113.2</ele>
    </trkpt>
    <trkpt lat="31.896177" lon="34.947156">
      <ele>113.4</ele>
    </trkpt>
    <trkpt lat="31.896203" lon="34.947184">
      <ele>113.6</ele>
    </trkpt>
    <trkpt lat="31.89623" lon="34.947214">
      <ele>113.8</ele>
    </trkpt>
    <trkpt lat="31.896256" lon="34.947247">
      <ele>113.9</ele>
    </trkpt>
    <trkpt lat="31.896281" lon="34.947281">
      <ele>114.0</ele>
    </trkpt>
    <trkpt lat="31.896306" lon="34.947316">
      <ele>114.0</ele>
    </trkpt>
    <trkpt lat="31.89633" lon="34.947351">
      <ele>114.0</ele>
    </trkpt>
    <trkpt lat="31.896355" lon="34.947385">
      <ele>114.0</ele>
    </trkpt>
    <trkpt lat="31.896378" lon="34.947419">
      <ele>114.1</ele>
    </trkpt>
    <trkpt lat="31.896402" lon="34.947451">
      <ele>114.1</ele>
    </trkpt>
    <trkpt lat="31.896421" lon="34.947482">
      <ele>114.1</ele>
    </trkpt>
    <trkpt lat="31.896439" lon="34.94753">
      <ele>114.2</ele>
    </trkpt>
    <trkpt lat="31.89644" lon="34.947591">
      <ele>114.5</ele>
    </trkpt>
    <trkpt lat="31.896439" lon="34.947624">
      <ele>114.7</ele>
    </trkpt>
    <trkpt lat="31.896444" lon="34.947657">
      <ele>114.8</ele>
    </trkpt>
    <trkpt lat="31.896454" lon="34.947687">
      <ele>114.9</ele>
    </trkpt>
    <trkpt lat="31.896483" lon="34.947735">
      <ele>114.9</ele>
    </trkpt>
    <trkpt lat="31.896504" lon="34.947784">
      <ele>114.9</ele>
    </trkpt>
    <trkpt lat="31.896517" lon="34.947839">
      <ele>115.1</ele>
    </trkpt>
    <trkpt lat="31.896533" lon="34.947896">
      <ele>115.2</ele>
    </trkpt>
    <trkpt lat="31.896549" lon="34.947956">
      <ele>115.3</ele>
    </trkpt>
    <trkpt lat="31.896555" lon="34.947987">
      <ele>115.3</ele>
    </trkpt>
    <trkpt lat="31.896563" lon="34.948028">
      <ele>115.3</ele>
    </trkpt>
    <trkpt lat="31.896572" lon="34.948069">
      <ele>115.4</ele>
    </trkpt>
    <trkpt lat="31.89658" lon="34.94811">
      <ele>115.4</ele>
    </trkpt>
    <trkpt lat="31.896588" lon="34.948151">
      <ele>115.5</ele>
    </trkpt>
    <trkpt lat="31.896596" lon="34.948191">
      <ele>115.5</ele>
    </trkpt>
    <trkpt lat="31.896604" lon="34.94823">
      <ele>115.6</ele>
    </trkpt>
    <trkpt lat="31.896612" lon="34.948269">
      <ele>115.6</ele>
    </trkpt>
    <trkpt lat="31.89662" lon="34.948308">
      <ele>115.6</ele>
    </trkpt>
    <trkpt lat="31.896628" lon="34.948346">
      <ele>115.7</ele>
    </trkpt>
    <trkpt lat="31.896636" lon="34.948385">
      <ele>115.7</ele>
    </trkpt>
    <trkpt lat="31.896644" lon="34.948423">
      <ele>115.8</ele>
    </trkpt>
    <trkpt lat="31.896651" lon="34.94846">
      <ele>115.8</ele>
    </trkpt>
    <trkpt lat="31.896657" lon="34.948499">
      <ele>115.8</ele>
    </trkpt>
    <trkpt lat="31.896662" lon="34.948538">
      <ele>115.9</ele>
    </trkpt>
    <trkpt lat="31.896666" lon="34.948576">
      <ele>116.0</ele>
    </trkpt>
    <trkpt lat="31.896671" lon="34.948615">
      <ele>116.0</ele>
    </trkpt>
    <trkpt lat="31.896677" lon="34.948653">
      <ele>116.1</ele>
    </trkpt>
    <trkpt lat="31.896685" lon="34.948691">
      <ele>116.1</ele>
    </trkpt>
    <trkpt lat="31.896694" lon="34.948728">
      <ele>116.1</ele>
    </trkpt>
    <trkpt lat="31.896706" lon="34.948766">
      <ele>116.1</ele>
    </trkpt>
    <trkpt lat="31.896718" lon="34.948803">
      <ele>116.1</ele>
    </trkpt>
    <trkpt lat="31.896731" lon="34.948841">
      <ele>116.1</ele>
    </trkpt>
    <trkpt lat="31.896744" lon="34.948879">
      <ele>116.0</ele>
    </trkpt>
    <trkpt lat="31.896758" lon="34.948918">
      <ele>116.0</ele>
    </trkpt>
    <trkpt lat="31.896772" lon="34.948956">
      <ele>116.0</ele>
    </trkpt>
    <trkpt lat="31.896788" lon="34.948995">
      <ele>115.9</ele>
    </trkpt>
    <trkpt lat="31.896805" lon="34.949034">
      <ele>115.9</ele>
    </trkpt>
    <trkpt lat="31.896821" lon="34.949075">
      <ele>115.9</ele>
    </trkpt>
    <trkpt lat="31.896839" lon="34.949119">
      <ele>115.9</ele>
    </trkpt>
    <trkpt lat="31.896857" lon="34.949163">
      <ele>115.9</ele>
    </trkpt>
    <trkpt lat="31.896875" lon="34.949207">
      <ele>115.9</ele>
    </trkpt>
    <trkpt lat="31.896894" lon="34.94925">
      <ele>115.9</ele>
    </trkpt>
    <trkpt lat="31.896913" lon="34.949293">
      <ele>115.9</ele>
    </trkpt>
    <trkpt lat="31.896931" lon="34.949336">
      <ele>115.9</ele>
    </trkpt>
    <trkpt lat="31.896948" lon="34.949378">
      <ele>116.0</ele>
    </trkpt>
    <trkpt lat="31.896966" lon="34.949421">
      <ele>116.0</ele>
    </trkpt>
    <trkpt lat="31.896982" lon="34.949463">
      <ele>116.1</ele>
    </trkpt>
    <trkpt lat="31.897001" lon="34.949505">
      <ele>116.2</ele>
    </trkpt>
    <trkpt lat="31.897019" lon="34.949547">
      <ele>116.2</ele>
    </trkpt>
    <trkpt lat="31.897037" lon="34.949588">
      <ele>116.3</ele>
    </trkpt>
    <trkpt lat="31.897053" lon="34.94963">
      <ele>116.5</ele>
    </trkpt>
    <trkpt lat="31.897067" lon="34.949673">
      <ele>116.7</ele>
    </trkpt>
    <trkpt lat="31.897077" lon="34.949716">
      <ele>117.0</ele>
    </trkpt>
    <trkpt lat="31.897083" lon="34.949762">
      <ele>117.3</ele>
    </trkpt>
    <trkpt lat="31.897091" lon="34.949807">
      <ele>117.5</ele>
    </trkpt>
    <trkpt lat="31.897101" lon="34.949851">
      <ele>117.8</ele>
    </trkpt>
    <trkpt lat="31.897113" lon="34.949895">
      <ele>118.0</ele>
    </trkpt>
    <trkpt lat="31.897126" lon="34.949939">
      <ele>118.2</ele>
    </trkpt>
    <trkpt lat="31.897139" lon="34.949984">
      <ele>118.4</ele>
    </trkpt>
    <trkpt lat="31.897152" lon="34.950028">
      <ele>118.6</ele>
    </trkpt>
    <trkpt lat="31.897163" lon="34.950073">
      <ele>118.8</ele>
    </trkpt>
    <trkpt lat="31.897173" lon="34.950117">
      <ele>119.0</ele>
    </trkpt>
    <trkpt lat="31.897183" lon="34.950161">
      <ele>119.2</ele>
    </trkpt>
    <trkpt lat="31.897193" lon="34.950204">
      <ele>119.4</ele>
    </trkpt>
    <trkpt lat="31.897203" lon="34.950248">
      <ele>119.6</ele>
    </trkpt>
    <trkpt lat="31.897215" lon="34.950291">
      <ele>119.7</ele>
    </trkpt>
    <trkpt lat="31.897229" lon="34.950334">
      <ele>119.9</ele>
    </trkpt>
    <trkpt lat="31.897245" lon="34.950376">
      <ele>120.0</ele>
    </trkpt>
    <trkpt lat="31.897262" lon="34.950419">
      <ele>120.1</ele>
    </trkpt>
    <trkpt lat="31.897279" lon="34.950463">
      <ele>120.0</ele>
    </trkpt>
    <trkpt lat="31.8973" lon="34.950511">
      <ele>119.9</ele>
    </trkpt>
    <trkpt lat="31.897322" lon="34.950558">
      <ele>119.8</ele>
    </trkpt>
    <trkpt lat="31.897345" lon="34.950603">
      <ele>119.6</ele>
    </trkpt>
    <trkpt lat="31.897369" lon="34.950649">
      <ele>119.5</ele>
    </trkpt>
    <trkpt lat="31.897393" lon="34.950693">
      <ele>119.3</ele>
    </trkpt>
    <trkpt lat="31.897418" lon="34.950738">
      <ele>119.2</ele>
    </trkpt>
    <trkpt lat="31.897441" lon="34.950783">
      <ele>119.0</ele>
    </trkpt>
    <trkpt lat="31.89747" lon="34.950833">
      <ele>118.8</ele>
    </trkpt>
    <trkpt lat="31.897503" lon="34.950874">
      <ele>118.6</ele>
    </trkpt>
    <trkpt lat="31.897531" lon="34.950918">
      <ele>118.4</ele>
    </trkpt>
    <trkpt lat="31.89756" lon="34.950965">
      <ele>118.2</ele>
    </trkpt>
    <trkpt lat="31.897589" lon="34.951015">
      <ele>118.0</ele>
    </trkpt>
    <trkpt lat="31.897618" lon="34.951067">
      <ele>117.8</ele>
    </trkpt>
    <trkpt lat="31.897648" lon="34.951117">
      <ele>117.6</ele>
    </trkpt>
    <trkpt lat="31.897677" lon="34.951169">
      <ele>117.4</ele>
    </trkpt>
    <trkpt lat="31.897707" lon="34.951221">
      <ele>117.2</ele>
    </trkpt>
    <trkpt lat="31.897737" lon="34.951276">
      <ele>117.2</ele>
    </trkpt>
    <trkpt lat="31.897772" lon="34.951334">
      <ele>117.4</ele>
    </trkpt>
    <trkpt lat="31.897806" lon="34.951382">
      <ele>117.5</ele>
    </trkpt>
    <trkpt lat="31.897834" lon="34.95143">
      <ele>117.7</ele>
    </trkpt>
    <trkpt lat="31.897863" lon="34.951482">
      <ele>118.0</ele>
    </trkpt>
    <trkpt lat="31.89789" lon="34.951523">
      <ele>118.2</ele>
    </trkpt>
    <trkpt lat="31.897917" lon="34.951574">
      <ele>118.5</ele>
    </trkpt>
    <trkpt lat="31.897943" lon="34.951615">
      <ele>118.7</ele>
    </trkpt>
    <trkpt lat="31.897969" lon="34.951658">
      <ele>118.9</ele>
    </trkpt>
    <trkpt lat="31.897994" lon="34.951699">
      <ele>119.1</ele>
    </trkpt>
    <trkpt lat="31.898019" lon="34.951743">
      <ele>119.3</ele>
    </trkpt>
    <trkpt lat="31.898037" lon="34.951791">
      <ele>119.5</ele>
    </trkpt>
    <trkpt lat="31.898052" lon="34.951844">
      <ele>119.8</ele>
    </trkpt>
    <trkpt lat="31.898066" lon="34.951899">
      <ele>120.2</ele>
    </trkpt>
    <trkpt lat="31.898084" lon="34.951954">
      <ele>120.4</ele>
    </trkpt>
    <trkpt lat="31.898102" lon="34.952017">
      <ele>120.8</ele>
    </trkpt>
    <trkpt lat="31.898108" lon="34.952082">
      <ele>121.2</ele>
    </trkpt>
    <trkpt lat="31.898105" lon="34.952145">
      <ele>121.3</ele>
    </trkpt>
    <trkpt lat="31.898101" lon="34.952205">
      <ele>121.4</ele>
    </trkpt>
    <trkpt lat="31.898086" lon="34.95226">
      <ele>121.6</ele>
    </trkpt>
    <trkpt lat="31.898063" lon="34.952311">
      <ele>122.0</ele>
    </trkpt>
    <trkpt lat="31.898037" lon="34.952363">
      <ele>122.4</ele>
    </trkpt>
    <trkpt lat="31.898016" lon="34.95241">
      <ele>122.7</ele>
    </trkpt>
    <trkpt lat="31.897997" lon="34.952461">
      <ele>122.9</ele>
    </trkpt>
    <trkpt lat="31.89798" lon="34.952508">
      <ele>123.2</ele>
    </trkpt>
    <trkpt lat="31.897966" lon="34.952558">
      <ele>123.4</ele>
    </trkpt>
    <trkpt lat="31.897961" lon="34.952605">
      <ele>123.4</ele>
    </trkpt>
    <trkpt lat="31.897958" lon="34.952653">
      <ele>123.5</ele>
    </trkpt>
    <trkpt lat="31.897958" lon="34.952702">
      <ele>123.5</ele>
    </trkpt>
    <trkpt lat="31.89797" lon="34.952756">
      <ele>123.3</ele>
    </trkpt>
    <trkpt lat="31.897982" lon="34.952805">
      <ele>123.2</ele>
    </trkpt>
    <trkpt lat="31.898002" lon="34.95285">
      <ele>123.0</ele>
    </trkpt>
    <trkpt lat="31.898025" lon="34.952885">
      <ele>122.7</ele>
    </trkpt>
    <trkpt lat="31.898042" lon="34.952921">
      <ele>122.5</ele>
    </trkpt>
    <trkpt lat="31.898064" lon="34.952953">
      <ele>122.2</ele>
    </trkpt>
    <trkpt lat="31.898085" lon="34.95298">
      <ele>122.0</ele>
    </trkpt>
    <trkpt lat="31.898121" lon="34.953024">
      <ele>121.6</ele>
    </trkpt>
    <trkpt lat="31.898147" lon="34.953046">
      <ele>121.3</ele>
    </trkpt>
    <trkpt lat="31.898181" lon="34.953054">
      <ele>121.0</ele>
    </trkpt>
    <trkpt lat="31.898221" lon="34.953052">
      <ele>120.6</ele>
    </trkpt>
    <trkpt lat="31.898265" lon="34.953051">
      <ele>120.1</ele>
    </trkpt>
    <trkpt lat="31.898317" lon="34.953052">
      <ele>119.6</ele>
    </trkpt>
    <trkpt lat="31.898345" lon="34.953059">
      <ele>119.3</ele>
    </trkpt>
    <trkpt lat="31.898372" lon="34.953069">
      <ele>119.1</ele>
    </trkpt>
    <trkpt lat="31.8984" lon="34.953081">
      <ele>118.8</ele>
    </trkpt>
    <trkpt lat="31.898427" lon="34.953093">
      <ele>118.6</ele>
    </trkpt>
    <trkpt lat="31.898455" lon="34.953103">
      <ele>118.4</ele>
    </trkpt>
    <trkpt lat="31.898483" lon="34.953114">
      <ele>118.2</ele>
    </trkpt>
    <trkpt lat="31.898512" lon="34.953123">
      <ele>118.0</ele>
    </trkpt>
    <trkpt lat="31.898543" lon="34.95313">
      <ele>117.7</ele>
    </trkpt>
    <trkpt lat="31.898577" lon="34.953137">
      <ele>117.4</ele>
    </trkpt>
    <trkpt lat="31.898611" lon="34.953144">
      <ele>117.2</ele>
    </trkpt>
    <trkpt lat="31.898643" lon="34.953153">
      <ele>116.9</ele>
    </trkpt>
    <trkpt lat="31.898675" lon="34.953164">
      <ele>116.7</ele>
    </trkpt>
    <trkpt lat="31.898707" lon="34.953178">
      <ele>116.6</ele>
    </trkpt>
    <trkpt lat="31.898738" lon="34.953194">
      <ele>116.4</ele>
    </trkpt>
    <trkpt lat="31.898769" lon="34.953211">
      <ele>116.4</ele>
    </trkpt>
    <trkpt lat="31.8988" lon="34.953228">
      <ele>116.5</ele>
    </trkpt>
    <trkpt lat="31.89883" lon="34.953245">
      <ele>116.5</ele>
    </trkpt>
    <trkpt lat="31.898861" lon="34.953264">
      <ele>116.6</ele>
    </trkpt>
    <trkpt lat="31.898891" lon="34.953284">
      <ele>116.6</ele>
    </trkpt>
    <trkpt lat="31.898921" lon="34.953306">
      <ele>116.7</ele>
    </trkpt>
    <trkpt lat="31.898951" lon="34.953328">
      <ele>116.7</ele>
    </trkpt>
    <trkpt lat="31.89898" lon="34.953351">
      <ele>116.8</ele>
    </trkpt>
    <trkpt lat="31.89901" lon="34.953375">
      <ele>116.9</ele>
    </trkpt>
    <trkpt lat="31.899039" lon="34.953402">
      <ele>116.9</ele>
    </trkpt>
    <trkpt lat="31.899072" lon="34.953433">
      <ele>117.0</ele>
    </trkpt>
    <trkpt lat="31.899104" lon="34.953464">
      <ele>117.1</ele>
    </trkpt>
    <trkpt lat="31.899136" lon="34.953495">
      <ele>117.1</ele>
    </trkpt>
    <trkpt lat="31.899168" lon="34.953528">
      <ele>117.2</ele>
    </trkpt>
    <trkpt lat="31.899199" lon="34.953561">
      <ele>117.2</ele>
    </trkpt>
    <trkpt lat="31.89923" lon="34.953595">
      <ele>117.2</ele>
    </trkpt>
    <trkpt lat="31.899261" lon="34.953629">
      <ele>117.3</ele>
    </trkpt>
    <trkpt lat="31.89929" lon="34.953665">
      <ele>117.3</ele>
    </trkpt>
    <trkpt lat="31.899319" lon="34.953703">
      <ele>117.3</ele>
    </trkpt>
    <trkpt lat="31.899349" lon="34.953741">
      <ele>117.4</ele>
    </trkpt>
    <trkpt lat="31.899386" lon="34.953786">
      <ele>117.4</ele>
    </trkpt>
    <trkpt lat="31.899414" lon="34.953827">
      <ele>117.6</ele>
    </trkpt>
    <trkpt lat="31.899443" lon="34.953871">
      <ele>117.7</ele>
    </trkpt>
    <trkpt lat="31.899478" lon="34.953912">
      <ele>117.8</ele>
    </trkpt>
    <trkpt lat="31.899507" lon="34.953946">
      <ele>117.9</ele>
    </trkpt>
    <trkpt lat="31.899534" lon="34.953982">
      <ele>118.0</ele>
    </trkpt>
    <trkpt lat="31.899562" lon="34.954028">
      <ele>118.1</ele>
    </trkpt>
    <trkpt lat="31.899587" lon="34.954066">
      <ele>118.3</ele>
    </trkpt>
    <trkpt lat="31.899619" lon="34.954106">
      <ele>118.4</ele>
    </trkpt>
    <trkpt lat="31.899654" lon="34.954142">
      <ele>118.5</ele>
    </trkpt>
    <trkpt lat="31.899686" lon="34.954182">
      <ele>118.7</ele>
    </trkpt>
    <trkpt lat="31.89972" lon="34.954217">
      <ele>118.7</ele>
    </trkpt>
    <trkpt lat="31.899758" lon="34.954252">
      <ele>118.8</ele>
    </trkpt>
    <trkpt lat="31.899797" lon="34.954291">
      <ele>118.8</ele>
    </trkpt>
    <trkpt lat="31.899831" lon="34.954335">
      <ele>118.9</ele>
    </trkpt>
    <trkpt lat="31.899863" lon="34.954371">
      <ele>118.9</ele>
    </trkpt>
    <trkpt lat="31.899894" lon="34.954417">
      <ele>118.9</ele>
    </trkpt>
    <trkpt lat="31.899921" lon="34.954462">
      <ele>119.0</ele>
    </trkpt>
    <trkpt lat="31.899952" lon="34.954506">
      <ele>119.0</ele>
    </trkpt>
    <trkpt lat="31.899986" lon="34.954546">
      <ele>118.9</ele>
    </trkpt>
    <trkpt lat="31.900014" lon="34.954581">
      <ele>118.9</ele>
    </trkpt>
    <trkpt lat="31.900042" lon="34.954625">
      <ele>119.0</ele>
    </trkpt>
    <trkpt lat="31.900074" lon="34.954663">
      <ele>119.1</ele>
    </trkpt>
    <trkpt lat="31.900105" lon="34.954701">
      <ele>119.2</ele>
    </trkpt>
    <trkpt lat="31.900136" lon="34.954742">
      <ele>119.4</ele>
    </trkpt>
    <trkpt lat="31.900163" lon="34.954778">
      <ele>119.5</ele>
    </trkpt>
    <trkpt lat="31.90019" lon="34.954813">
      <ele>119.6</ele>
    </trkpt>
    <trkpt lat="31.900221" lon="34.954848">
      <ele>119.6</ele>
    </trkpt>
    <trkpt lat="31.900252" lon="34.954881">
      <ele>119.7</ele>
    </trkpt>
    <trkpt lat="31.900285" lon="34.954916">
      <ele>119.7</ele>
    </trkpt>
    <trkpt lat="31.900322" lon="34.954945">
      <ele>119.7</ele>
    </trkpt>
    <trkpt lat="31.900358" lon="34.954981">
      <ele>119.8</ele>
    </trkpt>
    <trkpt lat="31.900396" lon="34.955015">
      <ele>119.8</ele>
    </trkpt>
    <trkpt lat="31.900429" lon="34.955055">
      <ele>119.9</ele>
    </trkpt>
    <trkpt lat="31.900459" lon="34.955101">
      <ele>120.2</ele>
    </trkpt>
    <trkpt lat="31.900488" lon="34.95514">
      <ele>120.4</ele>
    </trkpt>
    <trkpt lat="31.900511" lon="34.955177">
      <ele>120.6</ele>
    </trkpt>
    <trkpt lat="31.900538" lon="34.955221">
      <ele>120.9</ele>
    </trkpt>
    <trkpt lat="31.900563" lon="34.955261">
      <ele>121.0</ele>
    </trkpt>
    <trkpt lat="31.900593" lon="34.955297">
      <ele>121.1</ele>
    </trkpt>
    <trkpt lat="31.900625" lon="34.955336">
      <ele>121.2</ele>
    </trkpt>
    <trkpt lat="31.900656" lon="34.955378">
      <ele>121.3</ele>
    </trkpt>
    <trkpt lat="31.900697" lon="34.955413">
      <ele>121.3</ele>
    </trkpt>
    <trkpt lat="31.900728" lon="34.955452">
      <ele>121.4</ele>
    </trkpt>
    <trkpt lat="31.900759" lon="34.955486">
      <ele>121.4</ele>
    </trkpt>
    <trkpt lat="31.900793" lon="34.955522">
      <ele>121.5</ele>
    </trkpt>
    <trkpt lat="31.900826" lon="34.955553">
      <ele>121.5</ele>
    </trkpt>
    <trkpt lat="31.900859" lon="34.955586">
      <ele>121.6</ele>
    </trkpt>
    <trkpt lat="31.900892" lon="34.955622">
      <ele>121.6</ele>
    </trkpt>
    <trkpt lat="31.900925" lon="34.955657">
      <ele>121.7</ele>
    </trkpt>
    <trkpt lat="31.90096" lon="34.955691">
      <ele>121.7</ele>
    </trkpt>
    <trkpt lat="31.900995" lon="34.955728">
      <ele>121.8</ele>
    </trkpt>
    <trkpt lat="31.901034" lon="34.955763">
      <ele>121.8</ele>
    </trkpt>
    <trkpt lat="31.901072" lon="34.9558">
      <ele>121.8</ele>
    </trkpt>
    <trkpt lat="31.901107" lon="34.955839">
      <ele>121.9</ele>
    </trkpt>
    <trkpt lat="31.901145" lon="34.955877">
      <ele>121.9</ele>
    </trkpt>
    <trkpt lat="31.901181" lon="34.955912">
      <ele>122.0</ele>
    </trkpt>
    <trkpt lat="31.901215" lon="34.955945">
      <ele>122.0</ele>
    </trkpt>
    <trkpt lat="31.901249" lon="34.955976">
      <ele>122.0</ele>
    </trkpt>
    <trkpt lat="31.901282" lon="34.956007">
      <ele>122.2</ele>
    </trkpt>
    <trkpt lat="31.901314" lon="34.956032">
      <ele>122.3</ele>
    </trkpt>
    <trkpt lat="31.901345" lon="34.956062">
      <ele>122.4</ele>
    </trkpt>
    <trkpt lat="31.901374" lon="34.956095">
      <ele>122.6</ele>
    </trkpt>
    <trkpt lat="31.901406" lon="34.956127">
      <ele>122.6</ele>
    </trkpt>
    <trkpt lat="31.901443" lon="34.956156">
      <ele>122.7</ele>
    </trkpt>
    <trkpt lat="31.901477" lon="34.956181">
      <ele>122.6</ele>
    </trkpt>
    <trkpt lat="31.901515" lon="34.956228">
      <ele>122.7</ele>
    </trkpt>
    <trkpt lat="31.901551" lon="34.956264">
      <ele>122.6</ele>
    </trkpt>
    <trkpt lat="31.901586" lon="34.956302">
      <ele>122.6</ele>
    </trkpt>
    <trkpt lat="31.901621" lon="34.95634">
      <ele>122.6</ele>
    </trkpt>
    <trkpt lat="31.901652" lon="34.956369">
      <ele>122.6</ele>
    </trkpt>
    <trkpt lat="31.901687" lon="34.956394">
      <ele>122.6</ele>
    </trkpt>
    <trkpt lat="31.901722" lon="34.956418">
      <ele>122.6</ele>
    </trkpt>
    <trkpt lat="31.901757" lon="34.956439">
      <ele>122.5</ele>
    </trkpt>
    <trkpt lat="31.901789" lon="34.956471">
      <ele>122.6</ele>
    </trkpt>
    <trkpt lat="31.901821" lon="34.956508">
      <ele>122.6</ele>
    </trkpt>
    <trkpt lat="31.901853" lon="34.956539">
      <ele>122.6</ele>
    </trkpt>
    <trkpt lat="31.901884" lon="34.95657">
      <ele>122.7</ele>
    </trkpt>
    <trkpt lat="31.901918" lon="34.956601">
      <ele>122.7</ele>
    </trkpt>
    <trkpt lat="31.901951" lon="34.956632">
      <ele>122.8</ele>
    </trkpt>
    <trkpt lat="31.901982" lon="34.956665">
      <ele>122.9</ele>
    </trkpt>
    <trkpt lat="31.902013" lon="34.956697">
      <ele>122.9</ele>
    </trkpt>
    <trkpt lat="31.902044" lon="34.956729">
      <ele>123.0</ele>
    </trkpt>
    <trkpt lat="31.902075" lon="34.956761">
      <ele>123.1</ele>
    </trkpt>
    <trkpt lat="31.902106" lon="34.956791">
      <ele>123.2</ele>
    </trkpt>
    <trkpt lat="31.902138" lon="34.95682">
      <ele>123.3</ele>
    </trkpt>
    <trkpt lat="31.90217" lon="34.956847">
      <ele>123.4</ele>
    </trkpt>
    <trkpt lat="31.902203" lon="34.956875">
      <ele>123.5</ele>
    </trkpt>
    <trkpt lat="31.902232" lon="34.956906">
      <ele>123.6</ele>
    </trkpt>
    <trkpt lat="31.902258" lon="34.956941">
      <ele>123.7</ele>
    </trkpt>
    <trkpt lat="31.902281" lon="34.956976">
      <ele>123.8</ele>
    </trkpt>
    <trkpt lat="31.902304" lon="34.957012">
      <ele>123.9</ele>
    </trkpt>
    <trkpt lat="31.902327" lon="34.957047">
      <ele>124.0</ele>
    </trkpt>
    <trkpt lat="31.90235" lon="34.957082">
      <ele>124.0</ele>
    </trkpt>
    <trkpt lat="31.902374" lon="34.957117">
      <ele>124.1</ele>
    </trkpt>
    <trkpt lat="31.902406" lon="34.957133">
      <ele>124.1</ele>
    </trkpt>
    <trkpt lat="31.902443" lon="34.957129">
      <ele>123.9</ele>
    </trkpt>
    <trkpt lat="31.902488" lon="34.957141">
      <ele>123.8</ele>
    </trkpt>
    <trkpt lat="31.902518" lon="34.957169">
      <ele>123.8</ele>
    </trkpt>
    <trkpt lat="31.902547" lon="34.957208">
      <ele>123.9</ele>
    </trkpt>
    <trkpt lat="31.902577" lon="34.957253">
      <ele>124.0</ele>
    </trkpt>
    <trkpt lat="31.902615" lon="34.957313">
      <ele>124.0</ele>
    </trkpt>
    <trkpt lat="31.902642" lon="34.957362">
      <ele>124.1</ele>
    </trkpt>
    <trkpt lat="31.902664" lon="34.957395">
      <ele>124.1</ele>
    </trkpt>
    <trkpt lat="31.90269" lon="34.95743">
      <ele>124.1</ele>
    </trkpt>
    <trkpt lat="31.902713" lon="34.957462">
      <ele>124.1</ele>
    </trkpt>
    <trkpt lat="31.902735" lon="34.957491">
      <ele>124.1</ele>
    </trkpt>
    <trkpt lat="31.902758" lon="34.957526">
      <ele>124.0</ele>
    </trkpt>
    <trkpt lat="31.902784" lon="34.957566">
      <ele>124.0</ele>
    </trkpt>
    <trkpt lat="31.902809" lon="34.957597">
      <ele>123.9</ele>
    </trkpt>
    <trkpt lat="31.90284" lon="34.957636">
      <ele>123.8</ele>
    </trkpt>
    <trkpt lat="31.902869" lon="34.957671">
      <ele>123.7</ele>
    </trkpt>
    <trkpt lat="31.9029" lon="34.957709">
      <ele>123.6</ele>
    </trkpt>
    <trkpt lat="31.902929" lon="34.957747">
      <ele>123.6</ele>
    </trkpt>
    <trkpt lat="31.902957" lon="34.957784">
      <ele>123.6</ele>
    </trkpt>
    <trkpt lat="31.902985" lon="34.957822">
      <ele>123.7</ele>
    </trkpt>
    <trkpt lat="31.903015" lon="34.95786">
      <ele>123.7</ele>
    </trkpt>
    <trkpt lat="31.903046" lon="34.957894">
      <ele>123.7</ele>
    </trkpt>
    <trkpt lat="31.903078" lon="34.957932">
      <ele>123.7</ele>
    </trkpt>
    <trkpt lat="31.903107" lon="34.957975">
      <ele>123.9</ele>
    </trkpt>
    <trkpt lat="31.903139" lon="34.958018">
      <ele>124.1</ele>
    </trkpt>
    <trkpt lat="31.903171" lon="34.958064">
      <ele>124.3</ele>
    </trkpt>
    <trkpt lat="31.9032" lon="34.958103">
      <ele>124.4</ele>
    </trkpt>
    <trkpt lat="31.903229" lon="34.958139">
      <ele>124.5</ele>
    </trkpt>
    <trkpt lat="31.903258" lon="34.958179">
      <ele>124.6</ele>
    </trkpt>
    <trkpt lat="31.90329" lon="34.95822">
      <ele>124.7</ele>
    </trkpt>
    <trkpt lat="31.903322" lon="34.958258">
      <ele>124.7</ele>
    </trkpt>
    <trkpt lat="31.903357" lon="34.958303">
      <ele>124.7</ele>
    </trkpt>
    <trkpt lat="31.903395" lon="34.958342">
      <ele>124.7</ele>
    </trkpt>
    <trkpt lat="31.903431" lon="34.958378">
      <ele>124.6</ele>
    </trkpt>
    <trkpt lat="31.903469" lon="34.95842">
      <ele>124.5</ele>
    </trkpt>
    <trkpt lat="31.903505" lon="34.958456">
      <ele>124.4</ele>
    </trkpt>
    <trkpt lat="31.903541" lon="34.958495">
      <ele>124.2</ele>
    </trkpt>
    <trkpt lat="31.903574" lon="34.958526">
      <ele>124.1</ele>
    </trkpt>
    <trkpt lat="31.903607" lon="34.958563">
      <ele>123.9</ele>
    </trkpt>
    <trkpt lat="31.903639" lon="34.958602">
      <ele>123.7</ele>
    </trkpt>
    <trkpt lat="31.90367" lon="34.958645">
      <ele>123.6</ele>
    </trkpt>
    <trkpt lat="31.903697" lon="34.958689">
      <ele>123.4</ele>
    </trkpt>
    <trkpt lat="31.903728" lon="34.958734">
      <ele>123.2</ele>
    </trkpt>
    <trkpt lat="31.903754" lon="34.958781">
      <ele>123.3</ele>
    </trkpt>
    <trkpt lat="31.903775" lon="34.958832">
      <ele>123.9</ele>
    </trkpt>
    <trkpt lat="31.903802" lon="34.95888">
      <ele>124.4</ele>
    </trkpt>
    <trkpt lat="31.903832" lon="34.958924">
      <ele>124.9</ele>
    </trkpt>
    <trkpt lat="31.903861" lon="34.958971">
      <ele>125.3</ele>
    </trkpt>
    <trkpt lat="31.903891" lon="34.959014">
      <ele>125.7</ele>
    </trkpt>
    <trkpt lat="31.903921" lon="34.95905">
      <ele>126.0</ele>
    </trkpt>
    <trkpt lat="31.903958" lon="34.959089">
      <ele>126.3</ele>
    </trkpt>
    <trkpt lat="31.90399" lon="34.959121">
      <ele>126.6</ele>
    </trkpt>
    <trkpt lat="31.904029" lon="34.959154">
      <ele>126.8</ele>
    </trkpt>
    <trkpt lat="31.904059" lon="34.959189">
      <ele>126.9</ele>
    </trkpt>
    <trkpt lat="31.904088" lon="34.959225">
      <ele>127.1</ele>
    </trkpt>
    <trkpt lat="31.904118" lon="34.959261">
      <ele>127.2</ele>
    </trkpt>
    <trkpt lat="31.904145" lon="34.959302">
      <ele>127.4</ele>
    </trkpt>
    <trkpt lat="31.904176" lon="34.959341">
      <ele>127.5</ele>
    </trkpt>
    <trkpt lat="31.904206" lon="34.959377">
      <ele>127.5</ele>
    </trkpt>
    <trkpt lat="31.904237" lon="34.959408">
      <ele>127.5</ele>
    </trkpt>
    <trkpt lat="31.904268" lon="34.959442">
      <ele>127.5</ele>
    </trkpt>
    <trkpt lat="31.904294" lon="34.959478">
      <ele>127.5</ele>
    </trkpt>
    <trkpt lat="31.904322" lon="34.959514">
      <ele>127.4</ele>
    </trkpt>
    <trkpt lat="31.904351" lon="34.959551">
      <ele>127.3</ele>
    </trkpt>
    <trkpt lat="31.904377" lon="34.959591">
      <ele>127.3</ele>
    </trkpt>
    <trkpt lat="31.9044" lon="34.959635">
      <ele>127.3</ele>
    </trkpt>
    <trkpt lat="31.904419" lon="34.959681">
      <ele>127.3</ele>
    </trkpt>
    <trkpt lat="31.904443" lon="34.959741">
      <ele>127.4</ele>
    </trkpt>
    <trkpt lat="31.904458" lon="34.959801">
      <ele>127.5</ele>
    </trkpt>
    <trkpt lat="31.904463" lon="34.959863">
      <ele>127.7</ele>
    </trkpt>
    <trkpt lat="31.904458" lon="34.959924">
      <ele>128.0</ele>
    </trkpt>
    <trkpt lat="31.904441" lon="34.959983">
      <ele>128.3</ele>
    </trkpt>
    <trkpt lat="31.904428" lon="34.96004">
      <ele>128.6</ele>
    </trkpt>
    <trkpt lat="31.904412" lon="34.9601">
      <ele>128.9</ele>
    </trkpt>
    <trkpt lat="31.904392" lon="34.960155">
      <ele>129.2</ele>
    </trkpt>
    <trkpt lat="31.904378" lon="34.960209">
      <ele>129.5</ele>
    </trkpt>
    <trkpt lat="31.90436" lon="34.96026">
      <ele>129.8</ele>
    </trkpt>
    <trkpt lat="31.904343" lon="34.960308">
      <ele>130.1</ele>
    </trkpt>
    <trkpt lat="31.904324" lon="34.960352">
      <ele>130.3</ele>
    </trkpt>
    <trkpt lat="31.904302" lon="34.960395">
      <ele>130.6</ele>
    </trkpt>
    <trkpt lat="31.904279" lon="34.960447">
      <ele>130.8</ele>
    </trkpt>
    <trkpt lat="31.904263" lon="34.960497">
      <ele>130.7</ele>
    </trkpt>
    <trkpt lat="31.904245" lon="34.960544">
      <ele>130.7</ele>
    </trkpt>
    <trkpt lat="31.904223" lon="34.960586">
      <ele>130.8</ele>
    </trkpt>
    <trkpt lat="31.904197" lon="34.960626">
      <ele>130.8</ele>
    </trkpt>
    <trkpt lat="31.904171" lon="34.960669">
      <ele>130.9</ele>
    </trkpt>
    <trkpt lat="31.904144" lon="34.960711">
      <ele>130.9</ele>
    </trkpt>
    <trkpt lat="31.90412" lon="34.960748">
      <ele>131.0</ele>
    </trkpt>
    <trkpt lat="31.904094" lon="34.960781">
      <ele>131.1</ele>
    </trkpt>
    <trkpt lat="31.904065" lon="34.960815">
      <ele>131.2</ele>
    </trkpt>
    <trkpt lat="31.904035" lon="34.960853">
      <ele>131.2</ele>
    </trkpt>
    <trkpt lat="31.904006" lon="34.960892">
      <ele>131.3</ele>
    </trkpt>
    <trkpt lat="31.903982" lon="34.96093">
      <ele>131.4</ele>
    </trkpt>
    <trkpt lat="31.903955" lon="34.960967">
      <ele>131.4</ele>
    </trkpt>
    <trkpt lat="31.903928" lon="34.961003">
      <ele>131.5</ele>
    </trkpt>
    <trkpt lat="31.9039" lon="34.961038">
      <ele>131.6</ele>
    </trkpt>
    <trkpt lat="31.903871" lon="34.961072">
      <ele>131.7</ele>
    </trkpt>
    <trkpt lat="31.90384" lon="34.961105">
      <ele>131.8</ele>
    </trkpt>
    <trkpt lat="31.903807" lon="34.961135">
      <ele>131.9</ele>
    </trkpt>
    <trkpt lat="31.903775" lon="34.961165">
      <ele>132.1</ele>
    </trkpt>
    <trkpt lat="31.903743" lon="34.961192">
      <ele>132.2</ele>
    </trkpt>
    <trkpt lat="31.903716" lon="34.961216">
      <ele>132.4</ele>
    </trkpt>
    <trkpt lat="31.903689" lon="34.961241">
      <ele>132.6</ele>
    </trkpt>
    <trkpt lat="31.903661" lon="34.961268">
      <ele>132.8</ele>
    </trkpt>
    <trkpt lat="31.903632" lon="34.961297">
      <ele>133.0</ele>
    </trkpt>
    <trkpt lat="31.903601" lon="34.961326">
      <ele>133.2</ele>
    </trkpt>
    <trkpt lat="31.903567" lon="34.96136">
      <ele>133.4</ele>
    </trkpt>
    <trkpt lat="31.903535" lon="34.961398">
      <ele>133.6</ele>
    </trkpt>
    <trkpt lat="31.903506" lon="34.961438">
      <ele>133.7</ele>
    </trkpt>
    <trkpt lat="31.903483" lon="34.961484">
      <ele>133.8</ele>
    </trkpt>
    <trkpt lat="31.903473" lon="34.961537">
      <ele>133.7</ele>
    </trkpt>
    <trkpt lat="31.903483" lon="34.961593">
      <ele>133.5</ele>
    </trkpt>
    <trkpt lat="31.90356" lon="34.961638">
      <ele>132.5</ele>
    </trkpt>
    <trkpt lat="31.90361" lon="34.961651">
      <ele>132.0</ele>
    </trkpt>
    <trkpt lat="31.90367" lon="34.961654">
      <ele>131.4</ele>
    </trkpt>
    <trkpt lat="31.90372" lon="34.961637">
      <ele>130.9</ele>
    </trkpt>
    <trkpt lat="31.903764" lon="34.961614">
      <ele>130.6</ele>
    </trkpt>
    <trkpt lat="31.903804" lon="34.961593">
      <ele>130.5</ele>
    </trkpt>
    <trkpt lat="31.903838" lon="34.961576">
      <ele>130.4</ele>
    </trkpt>
    <trkpt lat="31.903875" lon="34.961572">
      <ele>130.2</ele>
    </trkpt>
    <trkpt lat="31.903914" lon="34.961567">
      <ele>130.0</ele>
    </trkpt>
    <trkpt lat="31.903953" lon="34.961557">
      <ele>129.9</ele>
    </trkpt>
    <trkpt lat="31.903989" lon="34.961539">
      <ele>129.7</ele>
    </trkpt>
    <trkpt lat="31.904019" lon="34.961514">
      <ele>129.6</ele>
    </trkpt>
    <trkpt lat="31.904048" lon="34.961477">
      <ele>129.6</ele>
    </trkpt>
    <trkpt lat="31.904075" lon="34.961442">
      <ele>129.5</ele>
    </trkpt>
    <trkpt lat="31.904108" lon="34.961406">
      <ele>129.5</ele>
    </trkpt>
    <trkpt lat="31.90414" lon="34.96137">
      <ele>129.4</ele>
    </trkpt>
    <trkpt lat="31.904171" lon="34.961334">
      <ele>129.3</ele>
    </trkpt>
    <trkpt lat="31.904203" lon="34.9613">
      <ele>129.2</ele>
    </trkpt>
    <trkpt lat="31.904236" lon="34.961267">
      <ele>129.0</ele>
    </trkpt>
    <trkpt lat="31.904272" lon="34.96124">
      <ele>128.9</ele>
    </trkpt>
    <trkpt lat="31.90431" lon="34.961221">
      <ele>128.7</ele>
    </trkpt>
    <trkpt lat="31.904349" lon="34.961212">
      <ele>128.5</ele>
    </trkpt>
    <trkpt lat="31.904389" lon="34.961215">
      <ele>128.2</ele>
    </trkpt>
    <trkpt lat="31.904428" lon="34.961227">
      <ele>128.0</ele>
    </trkpt>
    <trkpt lat="31.904466" lon="34.961248">
      <ele>127.7</ele>
    </trkpt>
    <trkpt lat="31.9045" lon="34.961276">
      <ele>127.5</ele>
    </trkpt>
    <trkpt lat="31.904529" lon="34.961313">
      <ele>127.2</ele>
    </trkpt>
    <trkpt lat="31.904554" lon="34.961353">
      <ele>127.0</ele>
    </trkpt>
    <trkpt lat="31.904581" lon="34.961391">
      <ele>126.8</ele>
    </trkpt>
    <trkpt lat="31.904611" lon="34.961425">
      <ele>126.8</ele>
    </trkpt>
    <trkpt lat="31.904646" lon="34.961452">
      <ele>126.8</ele>
    </trkpt>
    <trkpt lat="31.904683" lon="34.961471">
      <ele>126.8</ele>
    </trkpt>
    <trkpt lat="31.904725" lon="34.961476">
      <ele>126.8</ele>
    </trkpt>
    <trkpt lat="31.904767" lon="34.961468">
      <ele>126.9</ele>
    </trkpt>
    <trkpt lat="31.904808" lon="34.961458">
      <ele>126.9</ele>
    </trkpt>
    <trkpt lat="31.90485" lon="34.961453">
      <ele>126.9</ele>
    </trkpt>
    <trkpt lat="31.904891" lon="34.961455">
      <ele>126.9</ele>
    </trkpt>
    <trkpt lat="31.90493" lon="34.961464">
      <ele>127.0</ele>
    </trkpt>
    <trkpt lat="31.904966" lon="34.96148">
      <ele>127.0</ele>
    </trkpt>
    <trkpt lat="31.904995" lon="34.961499">
      <ele>127.0</ele>
    </trkpt>
    <trkpt lat="31.905022" lon="34.961523">
      <ele>127.0</ele>
    </trkpt>
    <trkpt lat="31.905045" lon="34.961551">
      <ele>127.0</ele>
    </trkpt>
    <trkpt lat="31.905067" lon="34.961581">
      <ele>127.1</ele>
    </trkpt>
    <trkpt lat="31.905089" lon="34.961611">
      <ele>127.1</ele>
    </trkpt>
    <trkpt lat="31.905113" lon="34.961641">
      <ele>127.1</ele>
    </trkpt>
    <trkpt lat="31.905138" lon="34.96167">
      <ele>127.2</ele>
    </trkpt>
    <trkpt lat="31.905164" lon="34.961698">
      <ele>127.2</ele>
    </trkpt>
    <trkpt lat="31.905193" lon="34.961725">
      <ele>127.3</ele>
    </trkpt>
    <trkpt lat="31.905223" lon="34.961752">
      <ele>127.3</ele>
    </trkpt>
    <trkpt lat="31.905252" lon="34.961781">
      <ele>127.4</ele>
    </trkpt>
    <trkpt lat="31.905282" lon="34.961815">
      <ele>127.5</ele>
    </trkpt>
    <trkpt lat="31.905312" lon="34.961849">
      <ele>127.5</ele>
    </trkpt>
    <trkpt lat="31.905343" lon="34.961881">
      <ele>127.6</ele>
    </trkpt>
    <trkpt lat="31.905374" lon="34.961911">
      <ele>127.7</ele>
    </trkpt>
    <trkpt lat="31.905406" lon="34.96194">
      <ele>127.8</ele>
    </trkpt>
    <trkpt lat="31.905437" lon="34.961969">
      <ele>128.0</ele>
    </trkpt>
    <trkpt lat="31.905469" lon="34.961997">
      <ele>128.2</ele>
    </trkpt>
    <trkpt lat="31.905501" lon="34.962026">
      <ele>128.5</ele>
    </trkpt>
    <trkpt lat="31.905532" lon="34.962055">
      <ele>128.7</ele>
    </trkpt>
    <trkpt lat="31.905564" lon="34.962082">
      <ele>128.9</ele>
    </trkpt>
    <trkpt lat="31.905597" lon="34.962108">
      <ele>129.2</ele>
    </trkpt>
    <trkpt lat="31.905631" lon="34.962132">
      <ele>129.5</ele>
    </trkpt>
    <trkpt lat="31.905667" lon="34.962155">
      <ele>129.8</ele>
    </trkpt>
    <trkpt lat="31.905703" lon="34.962178">
      <ele>130.1</ele>
    </trkpt>
    <trkpt lat="31.90574" lon="34.9622">
      <ele>130.3</ele>
    </trkpt>
    <trkpt lat="31.905778" lon="34.962223">
      <ele>130.6</ele>
    </trkpt>
    <trkpt lat="31.90583" lon="34.96225">
      <ele>130.9</ele>
    </trkpt>
    <trkpt lat="31.905872" lon="34.962273">
      <ele>131.1</ele>
    </trkpt>
    <trkpt lat="31.905917" lon="34.962297">
      <ele>131.4</ele>
    </trkpt>
    <trkpt lat="31.905961" lon="34.962318">
      <ele>131.6</ele>
    </trkpt>
    <trkpt lat="31.906009" lon="34.962339">
      <ele>131.8</ele>
    </trkpt>
    <trkpt lat="31.906053" lon="34.962356">
      <ele>132.0</ele>
    </trkpt>
    <trkpt lat="31.906101" lon="34.962376">
      <ele>132.1</ele>
    </trkpt>
    <trkpt lat="31.906145" lon="34.962394">
      <ele>132.3</ele>
    </trkpt>
    <trkpt lat="31.90619" lon="34.962417">
      <ele>132.4</ele>
    </trkpt>
    <trkpt lat="31.906234" lon="34.962438">
      <ele>132.5</ele>
    </trkpt>
    <trkpt lat="31.906279" lon="34.962456">
      <ele>132.7</ele>
    </trkpt>
    <trkpt lat="31.906321" lon="34.962473">
      <ele>132.8</ele>
    </trkpt>
    <trkpt lat="31.906366" lon="34.962495">
      <ele>133.0</ele>
    </trkpt>
    <trkpt lat="31.906412" lon="34.962517">
      <ele>133.1</ele>
    </trkpt>
    <trkpt lat="31.906459" lon="34.962538">
      <ele>133.3</ele>
    </trkpt>
    <trkpt lat="31.906506" lon="34.962558">
      <ele>133.4</ele>
    </trkpt>
    <trkpt lat="31.906551" lon="34.962576">
      <ele>133.4</ele>
    </trkpt>
    <trkpt lat="31.906598" lon="34.962596">
      <ele>133.5</ele>
    </trkpt>
    <trkpt lat="31.906647" lon="34.96262">
      <ele>133.5</ele>
    </trkpt>
    <trkpt lat="31.906698" lon="34.962639">
      <ele>133.6</ele>
    </trkpt>
    <trkpt lat="31.906748" lon="34.962663">
      <ele>133.6</ele>
    </trkpt>
    <trkpt lat="31.906797" lon="34.962691">
      <ele>133.5</ele>
    </trkpt>
    <trkpt lat="31.906848" lon="34.962718">
      <ele>133.4</ele>
    </trkpt>
    <trkpt lat="31.906899" lon="34.962744">
      <ele>133.3</ele>
    </trkpt>
    <trkpt lat="31.90695" lon="34.962768">
      <ele>133.2</ele>
    </trkpt>
    <trkpt lat="31.906999" lon="34.962798">
      <ele>133.0</ele>
    </trkpt>
    <trkpt lat="31.907045" lon="34.962827">
      <ele>132.8</ele>
    </trkpt>
    <trkpt lat="31.907093" lon="34.962863">
      <ele>132.6</ele>
    </trkpt>
    <trkpt lat="31.907136" lon="34.962897">
      <ele>132.6</ele>
    </trkpt>
    <trkpt lat="31.907183" lon="34.962931">
      <ele>132.8</ele>
    </trkpt>
    <trkpt lat="31.907223" lon="34.962967">
      <ele>133.1</ele>
    </trkpt>
    <trkpt lat="31.90727" lon="34.962999">
      <ele>133.5</ele>
    </trkpt>
    <trkpt lat="31.907314" lon="34.963028">
      <ele>133.8</ele>
    </trkpt>
    <trkpt lat="31.907357" lon="34.963068">
      <ele>134.0</ele>
    </trkpt>
    <trkpt lat="31.907398" lon="34.963103">
      <ele>134.3</ele>
    </trkpt>
    <trkpt lat="31.907441" lon="34.963142">
      <ele>134.5</ele>
    </trkpt>
    <trkpt lat="31.907483" lon="34.963184">
      <ele>134.6</ele>
    </trkpt>
    <trkpt lat="31.907527" lon="34.963227">
      <ele>134.7</ele>
    </trkpt>
    <trkpt lat="31.907569" lon="34.963269">
      <ele>134.8</ele>
    </trkpt>
    <trkpt lat="31.907611" lon="34.963318">
      <ele>134.8</ele>
    </trkpt>
    <trkpt lat="31.907655" lon="34.96336">
      <ele>134.8</ele>
    </trkpt>
    <trkpt lat="31.907697" lon="34.963402">
      <ele>134.7</ele>
    </trkpt>
    <trkpt lat="31.907737" lon="34.963441">
      <ele>134.6</ele>
    </trkpt>
    <trkpt lat="31.907781" lon="34.963487">
      <ele>134.5</ele>
    </trkpt>
    <trkpt lat="31.907823" lon="34.963527">
      <ele>134.3</ele>
    </trkpt>
    <trkpt lat="31.907862" lon="34.963564">
      <ele>134.1</ele>
    </trkpt>
    <trkpt lat="31.907901" lon="34.963604">
      <ele>133.9</ele>
    </trkpt>
    <trkpt lat="31.907941" lon="34.963647">
      <ele>133.8</ele>
    </trkpt>
    <trkpt lat="31.907981" lon="34.963698">
      <ele>133.8</ele>
    </trkpt>
    <trkpt lat="31.908021" lon="34.96374">
      <ele>133.8</ele>
    </trkpt>
    <trkpt lat="31.908057" lon="34.96379">
      <ele>134.1</ele>
    </trkpt>
    <trkpt lat="31.908087" lon="34.963841">
      <ele>134.4</ele>
    </trkpt>
    <trkpt lat="31.908113" lon="34.963893">
      <ele>134.7</ele>
    </trkpt>
    <trkpt lat="31.90814" lon="34.963948">
      <ele>134.9</ele>
    </trkpt>
    <trkpt lat="31.908165" lon="34.964003">
      <ele>135.2</ele>
    </trkpt>
    <trkpt lat="31.908187" lon="34.964062">
      <ele>135.3</ele>
    </trkpt>
    <trkpt lat="31.908214" lon="34.964125">
      <ele>135.5</ele>
    </trkpt>
    <trkpt lat="31.90824" lon="34.964189">
      <ele>135.7</ele>
    </trkpt>
    <trkpt lat="31.908275" lon="34.964244">
      <ele>135.8</ele>
    </trkpt>
    <trkpt lat="31.908314" lon="34.964298">
      <ele>136.0</ele>
    </trkpt>
    <trkpt lat="31.908353" lon="34.964346">
      <ele>136.0</ele>
    </trkpt>
    <trkpt lat="31.908397" lon="34.964401">
      <ele>136.1</ele>
    </trkpt>
    <trkpt lat="31.90844" lon="34.964444">
      <ele>136.1</ele>
    </trkpt>
    <trkpt lat="31.908481" lon="34.964478">
      <ele>136.1</ele>
    </trkpt>
    <trkpt lat="31.908522" lon="34.964509">
      <ele>136.1</ele>
    </trkpt>
    <trkpt lat="31.908562" lon="34.96453">
      <ele>136.1</ele>
    </trkpt>
    <trkpt lat="31.908603" lon="34.964547">
      <ele>136.1</ele>
    </trkpt>
    <trkpt lat="31.908646" lon="34.964564">
      <ele>136.1</ele>
    </trkpt>
    <trkpt lat="31.908689" lon="34.964584">
      <ele>136.0</ele>
    </trkpt>
    <trkpt lat="31.908729" lon="34.964606">
      <ele>136.0</ele>
    </trkpt>
    <trkpt lat="31.908767" lon="34.964628">
      <ele>136.1</ele>
    </trkpt>
    <trkpt lat="31.908807" lon="34.964655">
      <ele>136.3</ele>
    </trkpt>
    <trkpt lat="31.908845" lon="34.964685">
      <ele>136.6</ele>
    </trkpt>
    <trkpt lat="31.908882" lon="34.964722">
      <ele>136.8</ele>
    </trkpt>
    <trkpt lat="31.908911" lon="34.964754">
      <ele>137.0</ele>
    </trkpt>
    <trkpt lat="31.90893" lon="34.9648">
      <ele>137.1</ele>
    </trkpt>
    <trkpt lat="31.908947" lon="34.964852">
      <ele>137.3</ele>
    </trkpt>
    <trkpt lat="31.908962" lon="34.964902">
      <ele>137.4</ele>
    </trkpt>
    <trkpt lat="31.908976" lon="34.964951">
      <ele>137.5</ele>
    </trkpt>
    <trkpt lat="31.908995" lon="34.965006">
      <ele>137.6</ele>
    </trkpt>
    <trkpt lat="31.909006" lon="34.965057">
      <ele>137.7</ele>
    </trkpt>
    <trkpt lat="31.90902" lon="34.965108">
      <ele>137.8</ele>
    </trkpt>
    <trkpt lat="31.909033" lon="34.965156">
      <ele>137.9</ele>
    </trkpt>
    <trkpt lat="31.909045" lon="34.965204">
      <ele>138.0</ele>
    </trkpt>
    <trkpt lat="31.909056" lon="34.965253">
      <ele>138.1</ele>
    </trkpt>
    <trkpt lat="31.90907" lon="34.965302">
      <ele>138.3</ele>
    </trkpt>
    <trkpt lat="31.909068" lon="34.965349">
      <ele>138.3</ele>
    </trkpt>
    <trkpt lat="31.90909" lon="34.965397">
      <ele>138.4</ele>
    </trkpt>
    <trkpt lat="31.909097" lon="34.96545">
      <ele>138.6</ele>
    </trkpt>
    <trkpt lat="31.909113" lon="34.965491">
      <ele>138.7</ele>
    </trkpt>
    <trkpt lat="31.909126" lon="34.965537">
      <ele>138.9</ele>
    </trkpt>
    <trkpt lat="31.90914" lon="34.965583">
      <ele>139.1</ele>
    </trkpt>
    <trkpt lat="31.909153" lon="34.965628">
      <ele>139.3</ele>
    </trkpt>
    <trkpt lat="31.909165" lon="34.965672">
      <ele>139.4</ele>
    </trkpt>
    <trkpt lat="31.909176" lon="34.965717">
      <ele>139.6</ele>
    </trkpt>
    <trkpt lat="31.909187" lon="34.965762">
      <ele>139.8</ele>
    </trkpt>
    <trkpt lat="31.909197" lon="34.965808">
      <ele>139.9</ele>
    </trkpt>
    <trkpt lat="31.909208" lon="34.965855">
      <ele>140.1</ele>
    </trkpt>
    <trkpt lat="31.90922" lon="34.965902">
      <ele>140.3</ele>
    </trkpt>
    <trkpt lat="31.909232" lon="34.96595">
      <ele>140.5</ele>
    </trkpt>
    <trkpt lat="31.909237" lon="34.966002">
      <ele>140.6</ele>
    </trkpt>
    <trkpt lat="31.909261" lon="34.966067">
      <ele>140.9</ele>
    </trkpt>
    <trkpt lat="31.909277" lon="34.966113">
      <ele>141.2</ele>
    </trkpt>
    <trkpt lat="31.909292" lon="34.966163">
      <ele>141.4</ele>
    </trkpt>
    <trkpt lat="31.909326" lon="34.966211">
      <ele>141.8</ele>
    </trkpt>
    <trkpt lat="31.909334" lon="34.9663">
      <ele>141.9</ele>
    </trkpt>
    <trkpt lat="31.909345" lon="34.966347">
      <ele>141.9</ele>
    </trkpt>
    <trkpt lat="31.909361" lon="34.966396">
      <ele>142.0</ele>
    </trkpt>
    <trkpt lat="31.909376" lon="34.966455">
      <ele>142.1</ele>
    </trkpt>
    <trkpt lat="31.909392" lon="34.966503">
      <ele>142.2</ele>
    </trkpt>
    <trkpt lat="31.909402" lon="34.966551">
      <ele>142.2</ele>
    </trkpt>
    <trkpt lat="31.909413" lon="34.966598">
      <ele>142.2</ele>
    </trkpt>
    <trkpt lat="31.90942" lon="34.966647">
      <ele>142.2</ele>
    </trkpt>
    <trkpt lat="31.909426" lon="34.966698">
      <ele>142.2</ele>
    </trkpt>
    <trkpt lat="31.909435" lon="34.966747">
      <ele>142.3</ele>
    </trkpt>
    <trkpt lat="31.909445" lon="34.966797">
      <ele>142.3</ele>
    </trkpt>
    <trkpt lat="31.909457" lon="34.966846">
      <ele>142.3</ele>
    </trkpt>
    <trkpt lat="31.909469" lon="34.966896">
      <ele>142.4</ele>
    </trkpt>
    <trkpt lat="31.909479" lon="34.966947">
      <ele>142.4</ele>
    </trkpt>
    <trkpt lat="31.90948" lon="34.967">
      <ele>142.3</ele>
    </trkpt>
    <trkpt lat="31.909489" lon="34.967054">
      <ele>142.4</ele>
    </trkpt>
    <trkpt lat="31.909495" lon="34.967104">
      <ele>142.3</ele>
    </trkpt>
    <trkpt lat="31.909506" lon="34.96716">
      <ele>142.2</ele>
    </trkpt>
    <trkpt lat="31.909521" lon="34.967217">
      <ele>142.1</ele>
    </trkpt>
    <trkpt lat="31.909535" lon="34.967271">
      <ele>142.0</ele>
    </trkpt>
    <trkpt lat="31.909549" lon="34.967328">
      <ele>141.9</ele>
    </trkpt>
    <trkpt lat="31.909565" lon="34.967385">
      <ele>141.8</ele>
    </trkpt>
    <trkpt lat="31.909586" lon="34.96744">
      <ele>141.8</ele>
    </trkpt>
    <trkpt lat="31.909606" lon="34.967499">
      <ele>141.8</ele>
    </trkpt>
    <trkpt lat="31.909629" lon="34.967558">
      <ele>141.9</ele>
    </trkpt>
    <trkpt lat="31.909651" lon="34.967617">
      <ele>142.0</ele>
    </trkpt>
    <trkpt lat="31.909676" lon="34.967674">
      <ele>142.1</ele>
    </trkpt>
    <trkpt lat="31.9097" lon="34.967728">
      <ele>142.3</ele>
    </trkpt>
    <trkpt lat="31.909727" lon="34.967784">
      <ele>142.4</ele>
    </trkpt>
    <trkpt lat="31.909748" lon="34.967838">
      <ele>142.5</ele>
    </trkpt>
    <trkpt lat="31.90977" lon="34.967895">
      <ele>142.5</ele>
    </trkpt>
    <trkpt lat="31.909797" lon="34.967949">
      <ele>142.8</ele>
    </trkpt>
    <trkpt lat="31.909831" lon="34.967996">
      <ele>143.2</ele>
    </trkpt>
    <trkpt lat="31.909853" lon="34.968065">
      <ele>143.4</ele>
    </trkpt>
    <trkpt lat="31.909883" lon="34.968125">
      <ele>143.8</ele>
    </trkpt>
    <trkpt lat="31.909914" lon="34.968184">
      <ele>144.0</ele>
    </trkpt>
    <trkpt lat="31.909945" lon="34.968247">
      <ele>144.3</ele>
    </trkpt>
    <trkpt lat="31.909977" lon="34.96831">
      <ele>144.6</ele>
    </trkpt>
    <trkpt lat="31.910007" lon="34.968372">
      <ele>144.7</ele>
    </trkpt>
    <trkpt lat="31.910036" lon="34.968434">
      <ele>144.9</ele>
    </trkpt>
    <trkpt lat="31.910068" lon="34.968496">
      <ele>145.1</ele>
    </trkpt>
    <trkpt lat="31.910102" lon="34.968561">
      <ele>145.2</ele>
    </trkpt>
    <trkpt lat="31.910143" lon="34.968625">
      <ele>145.4</ele>
    </trkpt>
    <trkpt lat="31.910179" lon="34.968687">
      <ele>145.5</ele>
    </trkpt>
    <trkpt lat="31.910214" lon="34.968749">
      <ele>145.5</ele>
    </trkpt>
    <trkpt lat="31.91025" lon="34.968809">
      <ele>145.6</ele>
    </trkpt>
    <trkpt lat="31.910286" lon="34.968867">
      <ele>145.6</ele>
    </trkpt>
    <trkpt lat="31.910318" lon="34.968928">
      <ele>145.5</ele>
    </trkpt>
    <trkpt lat="31.910351" lon="34.968987">
      <ele>145.5</ele>
    </trkpt>
    <trkpt lat="31.910383" lon="34.969048">
      <ele>145.4</ele>
    </trkpt>
    <trkpt lat="31.910411" lon="34.969109">
      <ele>145.2</ele>
    </trkpt>
    <trkpt lat="31.910448" lon="34.969171">
      <ele>145.4</ele>
    </trkpt>
    <trkpt lat="31.91048" lon="34.969228">
      <ele>145.4</ele>
    </trkpt>
    <trkpt lat="31.910515" lon="34.969279">
      <ele>145.6</ele>
    </trkpt>
    <trkpt lat="31.910556" lon="34.969331">
      <ele>145.8</ele>
    </trkpt>
    <trkpt lat="31.910594" lon="34.969384">
      <ele>145.9</ele>
    </trkpt>
    <trkpt lat="31.910639" lon="34.969437">
      <ele>146.0</ele>
    </trkpt>
    <trkpt lat="31.910688" lon="34.969489">
      <ele>146.2</ele>
    </trkpt>
    <trkpt lat="31.910735" lon="34.969544">
      <ele>146.3</ele>
    </trkpt>
    <trkpt lat="31.910781" lon="34.969602">
      <ele>146.4</ele>
    </trkpt>
    <trkpt lat="31.91083" lon="34.969653">
      <ele>146.5</ele>
    </trkpt>
    <trkpt lat="31.910877" lon="34.969707">
      <ele>146.6</ele>
    </trkpt>
    <trkpt lat="31.910927" lon="34.969761">
      <ele>146.6</ele>
    </trkpt>
    <trkpt lat="31.910979" lon="34.969811">
      <ele>146.7</ele>
    </trkpt>
    <trkpt lat="31.91103" lon="34.969863">
      <ele>146.6</ele>
    </trkpt>
    <trkpt lat="31.911083" lon="34.969913">
      <ele>146.6</ele>
    </trkpt>
    <trkpt lat="31.911132" lon="34.969964">
      <ele>146.5</ele>
    </trkpt>
    <trkpt lat="31.911186" lon="34.970018">
      <ele>146.4</ele>
    </trkpt>
    <trkpt lat="31.911239" lon="34.970067">
      <ele>146.3</ele>
    </trkpt>
    <trkpt lat="31.911291" lon="34.970116">
      <ele>146.5</ele>
    </trkpt>
    <trkpt lat="31.91135" lon="34.970163">
      <ele>146.9</ele>
    </trkpt>
    <trkpt lat="31.91141" lon="34.970206">
      <ele>147.3</ele>
    </trkpt>
    <trkpt lat="31.911466" lon="34.970249">
      <ele>147.7</ele>
    </trkpt>
    <trkpt lat="31.91153" lon="34.970291">
      <ele>148.1</ele>
    </trkpt>
    <trkpt lat="31.91159" lon="34.970338">
      <ele>148.4</ele>
    </trkpt>
    <trkpt lat="31.911654" lon="34.970391">
      <ele>148.6</ele>
    </trkpt>
    <trkpt lat="31.911722" lon="34.970447">
      <ele>149.0</ele>
    </trkpt>
    <trkpt lat="31.911797" lon="34.970494">
      <ele>149.7</ele>
    </trkpt>
    <trkpt lat="31.911871" lon="34.970543">
      <ele>150.2</ele>
    </trkpt>
    <trkpt lat="31.911949" lon="34.97059">
      <ele>150.7</ele>
    </trkpt>
    <trkpt lat="31.912026" lon="34.970635">
      <ele>151.0</ele>
    </trkpt>
    <trkpt lat="31.912106" lon="34.97068">
      <ele>151.4</ele>
    </trkpt>
    <trkpt lat="31.912189" lon="34.970731">
      <ele>151.8</ele>
    </trkpt>
    <trkpt lat="31.912274" lon="34.970777">
      <ele>152.3</ele>
    </trkpt>
    <trkpt lat="31.912364" lon="34.970822">
      <ele>152.7</ele>
    </trkpt>
    <trkpt lat="31.912451" lon="34.970866">
      <ele>153.0</ele>
    </trkpt>
    <trkpt lat="31.912547" lon="34.970905">
      <ele>153.4</ele>
    </trkpt>
    <trkpt lat="31.912642" lon="34.970948">
      <ele>153.7</ele>
    </trkpt>
    <trkpt lat="31.91274" lon="34.97099">
      <ele>154.0</ele>
    </trkpt>
    <trkpt lat="31.912838" lon="34.971027">
      <ele>154.3</ele>
    </trkpt>
    <trkpt lat="31.91294" lon="34.971061">
      <ele>154.5</ele>
    </trkpt>
    <trkpt lat="31.913043" lon="34.971092">
      <ele>154.5</ele>
    </trkpt>
    <trkpt lat="31.913145" lon="34.971126">
      <ele>154.4</ele>
    </trkpt>
    <trkpt lat="31.913251" lon="34.971155">
      <ele>154.4</ele>
    </trkpt>
    <trkpt lat="31.913354" lon="34.971175">
      <ele>154.5</ele>
    </trkpt>
    <trkpt lat="31.913456" lon="34.971197">
      <ele>154.6</ele>
    </trkpt>
    <trkpt lat="31.913555" lon="34.971214">
      <ele>154.8</ele>
    </trkpt>
    <trkpt lat="31.913652" lon="34.971233">
      <ele>154.9</ele>
    </trkpt>
    <trkpt lat="31.913751" lon="34.971259">
      <ele>154.9</ele>
    </trkpt>
    <trkpt lat="31.913852" lon="34.971282">
      <ele>154.9</ele>
    </trkpt>
    <trkpt lat="31.91395" lon="34.971306">
      <ele>154.9</ele>
    </trkpt>
    <trkpt lat="31.914054" lon="34.971325">
      <ele>154.9</ele>
    </trkpt>
    <trkpt lat="31.914157" lon="34.971344">
      <ele>154.9</ele>
    </trkpt>
    <trkpt lat="31.91426" lon="34.97136">
      <ele>155.0</ele>
    </trkpt>
    <trkpt lat="31.914362" lon="34.971376">
      <ele>155.0</ele>
    </trkpt>
    <trkpt lat="31.914463" lon="34.971393">
      <ele>155.0</ele>
    </trkpt>
    <trkpt lat="31.91456" lon="34.971411">
      <ele>155.0</ele>
    </trkpt>
    <trkpt lat="31.914658" lon="34.971426">
      <ele>155.3</ele>
    </trkpt>
    <trkpt lat="31.914753" lon="34.971441">
      <ele>155.6</ele>
    </trkpt>
    <trkpt lat="31.914848" lon="34.971455">
      <ele>156.0</ele>
    </trkpt>
    <trkpt lat="31.914945" lon="34.97147">
      <ele>156.3</ele>
    </trkpt>
    <trkpt lat="31.915041" lon="34.971486">
      <ele>156.6</ele>
    </trkpt>
    <trkpt lat="31.915131" lon="34.971501">
      <ele>156.9</ele>
    </trkpt>
    <trkpt lat="31.915219" lon="34.971519">
      <ele>157.1</ele>
    </trkpt>
    <trkpt lat="31.915307" lon="34.971532">
      <ele>157.4</ele>
    </trkpt>
    <trkpt lat="31.915394" lon="34.971551">
      <ele>157.5</ele>
    </trkpt>
    <trkpt lat="31.915478" lon="34.971578">
      <ele>157.4</ele>
    </trkpt>
    <trkpt lat="31.915563" lon="34.971606">
      <ele>157.2</ele>
    </trkpt>
    <trkpt lat="31.915641" lon="34.971642">
      <ele>156.9</ele>
    </trkpt>
    <trkpt lat="31.915719" lon="34.971682">
      <ele>156.5</ele>
    </trkpt>
    <trkpt lat="31.91579" lon="34.971725">
      <ele>156.1</ele>
    </trkpt>
    <trkpt lat="31.915863" lon="34.97178">
      <ele>155.4</ele>
    </trkpt>
    <trkpt lat="31.915932" lon="34.971837">
      <ele>154.8</ele>
    </trkpt>
    <trkpt lat="31.915994" lon="34.971898">
      <ele>154.1</ele>
    </trkpt>
    <trkpt lat="31.916052" lon="34.971957">
      <ele>153.3</ele>
    </trkpt>
    <trkpt lat="31.916108" lon="34.972015">
      <ele>152.6</ele>
    </trkpt>
    <trkpt lat="31.916158" lon="34.97208">
      <ele>151.8</ele>
    </trkpt>
    <trkpt lat="31.916202" lon="34.972146">
      <ele>151.6</ele>
    </trkpt>
    <trkpt lat="31.916239" lon="34.972215">
      <ele>151.3</ele>
    </trkpt>
    <trkpt lat="31.916275" lon="34.972284">
      <ele>151.2</ele>
    </trkpt>
    <trkpt lat="31.91631" lon="34.972346">
      <ele>151.2</ele>
    </trkpt>
    <trkpt lat="31.916345" lon="34.972408">
      <ele>151.2</ele>
    </trkpt>
    <trkpt lat="31.916372" lon="34.97247">
      <ele>151.2</ele>
    </trkpt>
    <trkpt lat="31.916395" lon="34.972533">
      <ele>151.1</ele>
    </trkpt>
    <trkpt lat="31.916417" lon="34.972593">
      <ele>151.0</ele>
    </trkpt>
    <trkpt lat="31.916441" lon="34.972657">
      <ele>150.9</ele>
    </trkpt>
    <trkpt lat="31.91644" lon="34.972719">
      <ele>150.5</ele>
    </trkpt>
    <trkpt lat="31.916447" lon="34.972777">
      <ele>150.3</ele>
    </trkpt>
    <trkpt lat="31.916452" lon="34.972834">
      <ele>150.1</ele>
    </trkpt>
    <trkpt lat="31.916459" lon="34.972891">
      <ele>149.9</ele>
    </trkpt>
    <trkpt lat="31.916463" lon="34.972944">
      <ele>149.8</ele>
    </trkpt>
    <trkpt lat="31.916467" lon="34.972999">
      <ele>149.9</ele>
    </trkpt>
    <trkpt lat="31.91647" lon="34.973052">
      <ele>150.0</ele>
    </trkpt>
    <trkpt lat="31.916477" lon="34.973101">
      <ele>150.1</ele>
    </trkpt>
    <trkpt lat="31.916482" lon="34.973153">
      <ele>150.2</ele>
    </trkpt>
    <trkpt lat="31.916484" lon="34.973201">
      <ele>150.3</ele>
    </trkpt>
    <trkpt lat="31.91649" lon="34.973248">
      <ele>150.4</ele>
    </trkpt>
    <trkpt lat="31.916493" lon="34.973297">
      <ele>150.5</ele>
    </trkpt>
    <trkpt lat="31.916494" lon="34.973341">
      <ele>150.6</ele>
    </trkpt>
    <trkpt lat="31.916493" lon="34.973389">
      <ele>150.6</ele>
    </trkpt>
    <trkpt lat="31.916494" lon="34.973431">
      <ele>150.7</ele>
    </trkpt>
    <trkpt lat="31.916498" lon="34.973476">
      <ele>150.8</ele>
    </trkpt>
    <trkpt lat="31.916501" lon="34.973517">
      <ele>150.8</ele>
    </trkpt>
    <trkpt lat="31.916508" lon="34.973563">
      <ele>150.9</ele>
    </trkpt>
    <trkpt lat="31.916514" lon="34.97361">
      <ele>151.0</ele>
    </trkpt>
    <trkpt lat="31.916517" lon="34.973656">
      <ele>151.1</ele>
    </trkpt>
    <trkpt lat="31.916519" lon="34.973703">
      <ele>151.2</ele>
    </trkpt>
    <trkpt lat="31.916519" lon="34.973749">
      <ele>151.3</ele>
    </trkpt>
    <trkpt lat="31.916517" lon="34.973795">
      <ele>151.4</ele>
    </trkpt>
    <trkpt lat="31.916517" lon="34.97384">
      <ele>151.5</ele>
    </trkpt>
    <trkpt lat="31.916517" lon="34.973886">
      <ele>151.6</ele>
    </trkpt>
    <trkpt lat="31.916519" lon="34.97393">
      <ele>151.8</ele>
    </trkpt>
    <trkpt lat="31.91652" lon="34.973975">
      <ele>151.9</ele>
    </trkpt>
    <trkpt lat="31.916522" lon="34.974019">
      <ele>152.0</ele>
    </trkpt>
    <trkpt lat="31.916524" lon="34.974063">
      <ele>152.2</ele>
    </trkpt>
    <trkpt lat="31.916526" lon="34.974107">
      <ele>152.3</ele>
    </trkpt>
    <trkpt lat="31.916529" lon="34.974151">
      <ele>152.5</ele>
    </trkpt>
    <trkpt lat="31.916531" lon="34.974196">
      <ele>152.6</ele>
    </trkpt>
    <trkpt lat="31.916533" lon="34.97424">
      <ele>152.7</ele>
    </trkpt>
    <trkpt lat="31.916536" lon="34.974284">
      <ele>152.9</ele>
    </trkpt>
    <trkpt lat="31.916537" lon="34.974328">
      <ele>153.0</ele>
    </trkpt>
    <trkpt lat="31.916537" lon="34.974372">
      <ele>153.1</ele>
    </trkpt>
    <trkpt lat="31.916538" lon="34.974416">
      <ele>153.2</ele>
    </trkpt>
    <trkpt lat="31.91654" lon="34.97446">
      <ele>153.4</ele>
    </trkpt>
    <trkpt lat="31.916541" lon="34.974503">
      <ele>153.5</ele>
    </trkpt>
    <trkpt lat="31.916544" lon="34.974545">
      <ele>153.6</ele>
    </trkpt>
    <trkpt lat="31.91655" lon="34.974587">
      <ele>153.7</ele>
    </trkpt>
    <trkpt lat="31.916558" lon="34.974627">
      <ele>153.9</ele>
    </trkpt>
    <trkpt lat="31.916567" lon="34.974668">
      <ele>154.0</ele>
    </trkpt>
    <trkpt lat="31.916578" lon="34.974707">
      <ele>154.1</ele>
    </trkpt>
    <trkpt lat="31.91659" lon="34.974746">
      <ele>154.2</ele>
    </trkpt>
    <trkpt lat="31.916602" lon="34.974783">
      <ele>154.3</ele>
    </trkpt>
    <trkpt lat="31.916617" lon="34.974821">
      <ele>154.4</ele>
    </trkpt>
    <trkpt lat="31.916632" lon="34.974859">
      <ele>154.5</ele>
    </trkpt>
    <trkpt lat="31.916648" lon="34.974896">
      <ele>154.6</ele>
    </trkpt>
    <trkpt lat="31.916663" lon="34.974934">
      <ele>154.6</ele>
    </trkpt>
    <trkpt lat="31.916679" lon="34.974972">
      <ele>154.7</ele>
    </trkpt>
    <trkpt lat="31.916696" lon="34.97501">
      <ele>154.7</ele>
    </trkpt>
    <trkpt lat="31.916714" lon="34.975047">
      <ele>154.8</ele>
    </trkpt>
    <trkpt lat="31.916735" lon="34.975084">
      <ele>154.8</ele>
    </trkpt>
    <trkpt lat="31.916755" lon="34.97512">
      <ele>154.8</ele>
    </trkpt>
    <trkpt lat="31.916776" lon="34.975156">
      <ele>154.8</ele>
    </trkpt>
    <trkpt lat="31.916798" lon="34.975191">
      <ele>154.8</ele>
    </trkpt>
    <trkpt lat="31.91682" lon="34.975225">
      <ele>154.8</ele>
    </trkpt>
    <trkpt lat="31.91684" lon="34.975257">
      <ele>154.8</ele>
    </trkpt>
    <trkpt lat="31.916859" lon="34.97529">
      <ele>154.8</ele>
    </trkpt>
    <trkpt lat="31.916876" lon="34.975324">
      <ele>154.7</ele>
    </trkpt>
    <trkpt lat="31.916892" lon="34.975357">
      <ele>154.7</ele>
    </trkpt>
    <trkpt lat="31.916907" lon="34.975388">
      <ele>154.6</ele>
    </trkpt>
    <trkpt lat="31.916922" lon="34.975419">
      <ele>154.6</ele>
    </trkpt>
    <trkpt lat="31.916939" lon="34.975448">
      <ele>154.5</ele>
    </trkpt>
    <trkpt lat="31.916959" lon="34.975473">
      <ele>154.4</ele>
    </trkpt>
    <trkpt lat="31.916983" lon="34.975493">
      <ele>154.4</ele>
    </trkpt>
    <trkpt lat="31.917012" lon="34.975503">
      <ele>154.2</ele>
    </trkpt>
    <trkpt lat="31.917042" lon="34.975501">
      <ele>154.1</ele>
    </trkpt>
    <trkpt lat="31.917069" lon="34.975483">
      <ele>154.1</ele>
    </trkpt>
    <trkpt lat="31.91708" lon="34.975453">
      <ele>154.0</ele>
    </trkpt>
    <trkpt lat="31.917075" lon="34.975419">
      <ele>154.0</ele>
    </trkpt>
    <trkpt lat="31.917057" lon="34.975392">
      <ele>154.1</ele>
    </trkpt>
    <trkpt lat="31.917031" lon="34.975377">
      <ele>154.2</ele>
    </trkpt>
    <trkpt lat="31.917004" lon="34.975372">
      <ele>154.3</ele>
    </trkpt>
    <trkpt lat="31.916951" lon="34.975363">
      <ele>154.5</ele>
    </trkpt>
    <trkpt lat="31.916911" lon="34.975328">
      <ele>154.6</ele>
    </trkpt>
    <trkpt lat="31.91689" lon="34.975276">
      <ele>154.7</ele>
    </trkpt>
    <trkpt lat="31.916871" lon="34.975225">
      <ele>154.7</ele>
    </trkpt>
    <trkpt lat="31.916838" lon="34.97519">
      <ele>154.8</ele>
    </trkpt>
    <trkpt lat="31.916803" lon="34.975199">
      <ele>154.8</ele>
    </trkpt>
    <trkpt lat="31.916803" lon="34.975248">
      <ele>154.9</ele>
    </trkpt>
    <trkpt lat="31.916828" lon="34.97529">
      <ele>154.8</ele>
    </trkpt>
    <trkpt lat="31.916854" lon="34.975326">
      <ele>154.8</ele>
    </trkpt>
    <trkpt lat="31.916879" lon="34.975365">
      <ele>154.7</ele>
    </trkpt>
    <trkpt lat="31.9169" lon="34.975405">
      <ele>154.7</ele>
    </trkpt>
    <trkpt lat="31.916931" lon="34.975436">
      <ele>154.5</ele>
    </trkpt>
    <trkpt lat="31.916968" lon="34.975448">
      <ele>154.4</ele>
    </trkpt>
    <trkpt lat="31.917004" lon="34.975424">
      <ele>154.3</ele>
    </trkpt>
    <trkpt lat="31.917025" lon="34.975378">
      <ele>154.2</ele>
    </trkpt>
    <trkpt lat="31.917051" lon="34.975333">
      <ele>154.2</ele>
    </trkpt>
    <trkpt lat="31.917098" lon="34.975304">
      <ele>154.3</ele>
    </trkpt>
    <trkpt lat="31.917124" lon="34.975287">
      <ele>154.6</ele>
    </trkpt>
    <trkpt lat="31.917146" lon="34.975264">
      <ele>154.8</ele>
    </trkpt>
    <trkpt lat="31.917164" lon="34.975237">
      <ele>155.0</ele>
    </trkpt>
    <trkpt lat="31.917181" lon="34.975209">
      <ele>155.2</ele>
    </trkpt>
    <trkpt lat="31.917198" lon="34.975179">
      <ele>155.4</ele>
    </trkpt>
    <trkpt lat="31.917216" lon="34.97515">
      <ele>155.6</ele>
    </trkpt>
    <trkpt lat="31.917233" lon="34.97512">
      <ele>155.8</ele>
    </trkpt>
    <trkpt lat="31.917249" lon="34.975089">
      <ele>155.9</ele>
    </trkpt>
    <trkpt lat="31.917265" lon="34.975056">
      <ele>156.1</ele>
    </trkpt>
    <trkpt lat="31.91728" lon="34.975024">
      <ele>156.3</ele>
    </trkpt>
    <trkpt lat="31.917296" lon="34.974993">
      <ele>156.4</ele>
    </trkpt>
    <trkpt lat="31.917311" lon="34.974961">
      <ele>156.6</ele>
    </trkpt>
    <trkpt lat="31.917327" lon="34.974929">
      <ele>156.7</ele>
    </trkpt>
    <trkpt lat="31.917343" lon="34.974896">
      <ele>156.8</ele>
    </trkpt>
    <trkpt lat="31.917359" lon="34.974862">
      <ele>157.0</ele>
    </trkpt>
    <trkpt lat="31.917376" lon="34.974829">
      <ele>157.1</ele>
    </trkpt>
    <trkpt lat="31.917393" lon="34.974796">
      <ele>157.3</ele>
    </trkpt>
    <trkpt lat="31.91741" lon="34.974763">
      <ele>157.4</ele>
    </trkpt>
    <trkpt lat="31.917428" lon="34.97473">
      <ele>157.5</ele>
    </trkpt>
    <trkpt lat="31.917447" lon="34.974696">
      <ele>157.7</ele>
    </trkpt>
    <trkpt lat="31.917469" lon="34.974654">
      <ele>157.8</ele>
    </trkpt>
    <trkpt lat="31.91749" lon="34.974613">
      <ele>157.9</ele>
    </trkpt>
    <trkpt lat="31.91751" lon="34.974571">
      <ele>158.1</ele>
    </trkpt>
    <trkpt lat="31.917531" lon="34.974532">
      <ele>158.3</ele>
    </trkpt>
    <trkpt lat="31.917553" lon="34.974492">
      <ele>158.4</ele>
    </trkpt>
    <trkpt lat="31.917576" lon="34.974452">
      <ele>158.6</ele>
    </trkpt>
    <trkpt lat="31.917597" lon="34.97441">
      <ele>158.8</ele>
    </trkpt>
    <trkpt lat="31.917618" lon="34.97437">
      <ele>158.9</ele>
    </trkpt>
    <trkpt lat="31.917639" lon="34.974329">
      <ele>159.1</ele>
    </trkpt>
    <trkpt lat="31.91766" lon="34.974288">
      <ele>159.3</ele>
    </trkpt>
    <trkpt lat="31.917679" lon="34.974248">
      <ele>159.4</ele>
    </trkpt>
    <trkpt lat="31.917698" lon="34.974208">
      <ele>159.5</ele>
    </trkpt>
    <trkpt lat="31.917718" lon="34.974168">
      <ele>159.7</ele>
    </trkpt>
    <trkpt lat="31.917737" lon="34.974128">
      <ele>159.8</ele>
    </trkpt>
    <trkpt lat="31.917756" lon="34.974089">
      <ele>160.0</ele>
    </trkpt>
    <trkpt lat="31.917775" lon="34.974049">
      <ele>160.1</ele>
    </trkpt>
    <trkpt lat="31.917796" lon="34.97401">
      <ele>160.2</ele>
    </trkpt>
    <trkpt lat="31.917816" lon="34.973972">
      <ele>160.4</ele>
    </trkpt>
    <trkpt lat="31.917838" lon="34.973935">
      <ele>160.5</ele>
    </trkpt>
    <trkpt lat="31.917859" lon="34.973898">
      <ele>160.6</ele>
    </trkpt>
    <trkpt lat="31.91788" lon="34.973861">
      <ele>160.8</ele>
    </trkpt>
    <trkpt lat="31.917901" lon="34.973825">
      <ele>160.9</ele>
    </trkpt>
    <trkpt lat="31.917923" lon="34.973791">
      <ele>161.1</ele>
    </trkpt>
    <trkpt lat="31.917946" lon="34.973758">
      <ele>161.2</ele>
    </trkpt>
    <trkpt lat="31.91797" lon="34.973725">
      <ele>161.5</ele>
    </trkpt>
    <trkpt lat="31.917995" lon="34.973692">
      <ele>161.7</ele>
    </trkpt>
    <trkpt lat="31.91802" lon="34.973661">
      <ele>162.0</ele>
    </trkpt>
    <trkpt lat="31.918046" lon="34.973632">
      <ele>162.2</ele>
    </trkpt>
    <trkpt lat="31.918073" lon="34.973604">
      <ele>162.5</ele>
    </trkpt>
    <trkpt lat="31.918099" lon="34.973576">
      <ele>162.7</ele>
    </trkpt>
    <trkpt lat="31.918125" lon="34.973547">
      <ele>163.0</ele>
    </trkpt>
    <trkpt lat="31.918151" lon="34.973517">
      <ele>163.2</ele>
    </trkpt>
    <trkpt lat="31.918177" lon="34.973489">
      <ele>163.5</ele>
    </trkpt>
    <trkpt lat="31.918206" lon="34.973464">
      <ele>163.8</ele>
    </trkpt>
    <trkpt lat="31.918236" lon="34.973441">
      <ele>164.1</ele>
    </trkpt>
    <trkpt lat="31.918266" lon="34.973417">
      <ele>164.3</ele>
    </trkpt>
    <trkpt lat="31.918296" lon="34.973394">
      <ele>164.6</ele>
    </trkpt>
    <trkpt lat="31.918326" lon="34.97337">
      <ele>164.9</ele>
    </trkpt>
    <trkpt lat="31.918357" lon="34.973348">
      <ele>165.2</ele>
    </trkpt>
    <trkpt lat="31.918388" lon="34.973324">
      <ele>165.5</ele>
    </trkpt>
    <trkpt lat="31.918419" lon="34.973303">
      <ele>165.8</ele>
    </trkpt>
    <trkpt lat="31.918451" lon="34.973282">
      <ele>166.0</ele>
    </trkpt>
    <trkpt lat="31.918484" lon="34.973263">
      <ele>166.3</ele>
    </trkpt>
    <trkpt lat="31.918516" lon="34.973243">
      <ele>166.6</ele>
    </trkpt>
    <trkpt lat="31.91855" lon="34.973224">
      <ele>167.0</ele>
    </trkpt>
    <trkpt lat="31.918584" lon="34.973206">
      <ele>167.3</ele>
    </trkpt>
    <trkpt lat="31.918619" lon="34.97319">
      <ele>167.6</ele>
    </trkpt>
    <trkpt lat="31.918654" lon="34.973175">
      <ele>167.9</ele>
    </trkpt>
    <trkpt lat="31.918691" lon="34.97316">
      <ele>168.2</ele>
    </trkpt>
    <trkpt lat="31.918728" lon="34.973145">
      <ele>168.5</ele>
    </trkpt>
    <trkpt lat="31.918766" lon="34.973129">
      <ele>168.8</ele>
    </trkpt>
    <trkpt lat="31.918808" lon="34.973111">
      <ele>169.1</ele>
    </trkpt>
    <trkpt lat="31.918849" lon="34.973095">
      <ele>169.3</ele>
    </trkpt>
    <trkpt lat="31.91889" lon="34.973078">
      <ele>169.6</ele>
    </trkpt>
    <trkpt lat="31.91893" lon="34.973061">
      <ele>169.8</ele>
    </trkpt>
    <trkpt lat="31.918969" lon="34.973044">
      <ele>170.0</ele>
    </trkpt>
    <trkpt lat="31.919009" lon="34.973028">
      <ele>170.2</ele>
    </trkpt>
    <trkpt lat="31.919048" lon="34.973012">
      <ele>170.4</ele>
    </trkpt>
    <trkpt lat="31.919087" lon="34.972996">
      <ele>170.6</ele>
    </trkpt>
    <trkpt lat="31.919127" lon="34.97298">
      <ele>170.8</ele>
    </trkpt>
    <trkpt lat="31.919165" lon="34.972962">
      <ele>171.0</ele>
    </trkpt>
    <trkpt lat="31.919204" lon="34.972944">
      <ele>171.2</ele>
    </trkpt>
    <trkpt lat="31.919242" lon="34.972926">
      <ele>171.4</ele>
    </trkpt>
    <trkpt lat="31.919279" lon="34.972909">
      <ele>171.6</ele>
    </trkpt>
    <trkpt lat="31.919317" lon="34.972892">
      <ele>171.9</ele>
    </trkpt>
    <trkpt lat="31.919354" lon="34.972875">
      <ele>172.2</ele>
    </trkpt>
    <trkpt lat="31.919391" lon="34.97286">
      <ele>172.5</ele>
    </trkpt>
    <trkpt lat="31.919425" lon="34.972847">
      <ele>172.7</ele>
    </trkpt>
    <trkpt lat="31.91946" lon="34.972833">
      <ele>173.0</ele>
    </trkpt>
    <trkpt lat="31.919495" lon="34.972818">
      <ele>173.3</ele>
    </trkpt>
    <trkpt lat="31.919528" lon="34.972802">
      <ele>173.6</ele>
    </trkpt>
    <trkpt lat="31.919561" lon="34.972787">
      <ele>173.8</ele>
    </trkpt>
    <trkpt lat="31.919594" lon="34.972772">
      <ele>174.0</ele>
    </trkpt>
    <trkpt lat="31.919626" lon="34.972759">
      <ele>174.1</ele>
    </trkpt>
    <trkpt lat="31.919658" lon="34.972745">
      <ele>174.2</ele>
    </trkpt>
    <trkpt lat="31.91969" lon="34.972732">
      <ele>174.2</ele>
    </trkpt>
    <trkpt lat="31.919722" lon="34.972718">
      <ele>174.3</ele>
    </trkpt>
    <trkpt lat="31.919755" lon="34.972703">
      <ele>174.3</ele>
    </trkpt>
    <trkpt lat="31.919786" lon="34.972682">
      <ele>174.4</ele>
    </trkpt>
    <trkpt lat="31.919819" lon="34.972664">
      <ele>174.5</ele>
    </trkpt>
    <trkpt lat="31.919854" lon="34.972647">
      <ele>174.5</ele>
    </trkpt>
    <trkpt lat="31.91989" lon="34.972634">
      <ele>174.5</ele>
    </trkpt>
    <trkpt lat="31.919929" lon="34.972617">
      <ele>174.6</ele>
    </trkpt>
    <trkpt lat="31.919967" lon="34.9726">
      <ele>174.6</ele>
    </trkpt>
    <trkpt lat="31.920006" lon="34.972582">
      <ele>174.6</ele>
    </trkpt>
    <trkpt lat="31.920045" lon="34.972563">
      <ele>174.6</ele>
    </trkpt>
    <trkpt lat="31.920081" lon="34.972542">
      <ele>174.6</ele>
    </trkpt>
    <trkpt lat="31.920117" lon="34.972519">
      <ele>174.6</ele>
    </trkpt>
    <trkpt lat="31.920152" lon="34.972495">
      <ele>174.7</ele>
    </trkpt>
    <trkpt lat="31.920186" lon="34.972472">
      <ele>174.7</ele>
    </trkpt>
    <trkpt lat="31.92022" lon="34.972448">
      <ele>174.7</ele>
    </trkpt>
    <trkpt lat="31.920253" lon="34.972421">
      <ele>174.7</ele>
    </trkpt>
    <trkpt lat="31.920286" lon="34.972394">
      <ele>174.6</ele>
    </trkpt>
    <trkpt lat="31.920318" lon="34.972363">
      <ele>174.6</ele>
    </trkpt>
    <trkpt lat="31.92035" lon="34.972332">
      <ele>174.6</ele>
    </trkpt>
    <trkpt lat="31.920385" lon="34.972299">
      <ele>174.6</ele>
    </trkpt>
    <trkpt lat="31.920421" lon="34.97227">
      <ele>174.5</ele>
    </trkpt>
    <trkpt lat="31.920458" lon="34.97224">
      <ele>174.5</ele>
    </trkpt>
    <trkpt lat="31.920494" lon="34.97221">
      <ele>174.4</ele>
    </trkpt>
    <trkpt lat="31.92053" lon="34.972171">
      <ele>174.4</ele>
    </trkpt>
    <trkpt lat="31.920567" lon="34.97213">
      <ele>174.4</ele>
    </trkpt>
    <trkpt lat="31.9206" lon="34.972096">
      <ele>174.3</ele>
    </trkpt>
    <trkpt lat="31.920634" lon="34.97205">
      <ele>174.3</ele>
    </trkpt>
    <trkpt lat="31.920674" lon="34.972012">
      <ele>174.3</ele>
    </trkpt>
    <trkpt lat="31.920706" lon="34.971969">
      <ele>174.3</ele>
    </trkpt>
    <trkpt lat="31.920741" lon="34.97192">
      <ele>174.3</ele>
    </trkpt>
    <trkpt lat="31.920773" lon="34.97187">
      <ele>174.3</ele>
    </trkpt>
    <trkpt lat="31.920807" lon="34.971821">
      <ele>174.3</ele>
    </trkpt>
    <trkpt lat="31.920843" lon="34.971774">
      <ele>174.2</ele>
    </trkpt>
    <trkpt lat="31.920875" lon="34.971719">
      <ele>174.1</ele>
    </trkpt>
    <trkpt lat="31.920909" lon="34.971658">
      <ele>174.1</ele>
    </trkpt>
    <trkpt lat="31.920947" lon="34.9716">
      <ele>173.9</ele>
    </trkpt>
    <trkpt lat="31.920985" lon="34.971543">
      <ele>173.8</ele>
    </trkpt>
    <trkpt lat="31.921023" lon="34.971485">
      <ele>173.6</ele>
    </trkpt>
    <trkpt lat="31.921064" lon="34.971422">
      <ele>173.4</ele>
    </trkpt>
    <trkpt lat="31.921103" lon="34.971364">
      <ele>173.1</ele>
    </trkpt>
    <trkpt lat="31.921142" lon="34.971306">
      <ele>172.9</ele>
    </trkpt>
    <trkpt lat="31.921185" lon="34.971247">
      <ele>172.5</ele>
    </trkpt>
    <trkpt lat="31.921219" lon="34.971182">
      <ele>172.3</ele>
    </trkpt>
    <trkpt lat="31.92126" lon="34.971128">
      <ele>171.9</ele>
    </trkpt>
    <trkpt lat="31.921301" lon="34.971069">
      <ele>171.6</ele>
    </trkpt>
    <trkpt lat="31.921346" lon="34.971012">
      <ele>171.3</ele>
    </trkpt>
    <trkpt lat="31.921386" lon="34.970952">
      <ele>171.1</ele>
    </trkpt>
    <trkpt lat="31.921424" lon="34.970898">
      <ele>170.8</ele>
    </trkpt>
    <trkpt lat="31.921459" lon="34.970838">
      <ele>170.6</ele>
    </trkpt>
    <trkpt lat="31.9215" lon="34.970797">
      <ele>170.4</ele>
    </trkpt>
    <trkpt lat="31.921553" lon="34.970767">
      <ele>170.0</ele>
    </trkpt>
    <trkpt lat="31.921608" lon="34.970729">
      <ele>169.7</ele>
    </trkpt>
    <trkpt lat="31.921653" lon="34.970672">
      <ele>169.4</ele>
    </trkpt>
    <trkpt lat="31.921696" lon="34.970612">
      <ele>169.2</ele>
    </trkpt>
    <trkpt lat="31.921735" lon="34.97054">
      <ele>169.0</ele>
    </trkpt>
    <trkpt lat="31.921764" lon="34.970467">
      <ele>168.9</ele>
    </trkpt>
    <trkpt lat="31.921796" lon="34.970395">
      <ele>168.7</ele>
    </trkpt>
    <trkpt lat="31.921829" lon="34.97033">
      <ele>168.3</ele>
    </trkpt>
    <trkpt lat="31.921854" lon="34.97025">
      <ele>168.0</ele>
    </trkpt>
    <trkpt lat="31.921896" lon="34.970179">
      <ele>167.6</ele>
    </trkpt>
    <trkpt lat="31.921936" lon="34.970112">
      <ele>167.2</ele>
    </trkpt>
    <trkpt lat="31.92198" lon="34.970053">
      <ele>166.7</ele>
    </trkpt>
    <trkpt lat="31.922025" lon="34.96999">
      <ele>166.3</ele>
    </trkpt>
    <trkpt lat="31.922069" lon="34.969917">
      <ele>165.9</ele>
    </trkpt>
    <trkpt lat="31.922117" lon="34.969851">
      <ele>165.5</ele>
    </trkpt>
    <trkpt lat="31.922171" lon="34.969803">
      <ele>165.3</ele>
    </trkpt>
    <trkpt lat="31.922228" lon="34.969759">
      <ele>165.0</ele>
    </trkpt>
    <trkpt lat="31.922291" lon="34.969725">
      <ele>164.8</ele>
    </trkpt>
    <trkpt lat="31.922349" lon="34.969689">
      <ele>164.6</ele>
    </trkpt>
    <trkpt lat="31.922402" lon="34.969636">
      <ele>164.3</ele>
    </trkpt>
    <trkpt lat="31.922436" lon="34.969574">
      <ele>164.1</ele>
    </trkpt>
    <trkpt lat="31.922454" lon="34.969498">
      <ele>163.6</ele>
    </trkpt>
    <trkpt lat="31.922466" lon="34.969423">
      <ele>163.2</ele>
    </trkpt>
    <trkpt lat="31.922484" lon="34.969348">
      <ele>162.7</ele>
    </trkpt>
    <trkpt lat="31.922507" lon="34.969267">
      <ele>162.3</ele>
    </trkpt>
    <trkpt lat="31.922539" lon="34.9692">
      <ele>161.9</ele>
    </trkpt>
    <trkpt lat="31.92257" lon="34.969138">
      <ele>161.7</ele>
    </trkpt>
    <trkpt lat="31.922599" lon="34.969074">
      <ele>161.4</ele>
    </trkpt>
    <trkpt lat="31.922622" lon="34.969006">
      <ele>161.1</ele>
    </trkpt>
    <trkpt lat="31.922645" lon="34.968939">
      <ele>160.8</ele>
    </trkpt>
    <trkpt lat="31.922662" lon="34.968865">
      <ele>160.6</ele>
    </trkpt>
    <trkpt lat="31.922684" lon="34.968796">
      <ele>160.3</ele>
    </trkpt>
    <trkpt lat="31.922702" lon="34.968722">
      <ele>160.2</ele>
    </trkpt>
    <trkpt lat="31.922718" lon="34.968644">
      <ele>160.3</ele>
    </trkpt>
    <trkpt lat="31.922734" lon="34.968568">
      <ele>160.4</ele>
    </trkpt>
    <trkpt lat="31.922752" lon="34.968499">
      <ele>160.5</ele>
    </trkpt>
    <trkpt lat="31.922768" lon="34.968427">
      <ele>160.6</ele>
    </trkpt>
    <trkpt lat="31.922781" lon="34.968361">
      <ele>160.7</ele>
    </trkpt>
    <trkpt lat="31.922796" lon="34.968294">
      <ele>160.8</ele>
    </trkpt>
    <trkpt lat="31.922806" lon="34.968228">
      <ele>160.9</ele>
    </trkpt>
    <trkpt lat="31.922813" lon="34.968165">
      <ele>161.0</ele>
    </trkpt>
    <trkpt lat="31.922824" lon="34.968103">
      <ele>161.1</ele>
    </trkpt>
    <trkpt lat="31.92283" lon="34.968037">
      <ele>161.2</ele>
    </trkpt>
    <trkpt lat="31.922838" lon="34.967975">
      <ele>161.3</ele>
    </trkpt>
    <trkpt lat="31.922842" lon="34.967915">
      <ele>161.4</ele>
    </trkpt>
    <trkpt lat="31.922854" lon="34.967853">
      <ele>161.5</ele>
    </trkpt>
    <trkpt lat="31.922878" lon="34.967803">
      <ele>161.7</ele>
    </trkpt>
    <trkpt lat="31.922916" lon="34.96777">
      <ele>162.0</ele>
    </trkpt>
    <trkpt lat="31.922971" lon="34.967761">
      <ele>162.3</ele>
    </trkpt>
    <trkpt lat="31.923021" lon="34.967774">
      <ele>162.5</ele>
    </trkpt>
    <trkpt lat="31.923066" lon="34.967791">
      <ele>162.7</ele>
    </trkpt>
    <trkpt lat="31.923107" lon="34.96782">
      <ele>162.9</ele>
    </trkpt>
    <trkpt lat="31.923142" lon="34.967853">
      <ele>163.1</ele>
    </trkpt>
    <trkpt lat="31.923179" lon="34.967889">
      <ele>163.3</ele>
    </trkpt>
    <trkpt lat="31.923216" lon="34.967925">
      <ele>163.4</ele>
    </trkpt>
    <trkpt lat="31.923256" lon="34.967963">
      <ele>163.5</ele>
    </trkpt>
    <trkpt lat="31.923293" lon="34.968003">
      <ele>163.6</ele>
    </trkpt>
    <trkpt lat="31.923332" lon="34.968042">
      <ele>163.6</ele>
    </trkpt>
    <trkpt lat="31.923374" lon="34.968081">
      <ele>163.7</ele>
    </trkpt>
    <trkpt lat="31.923418" lon="34.968115">
      <ele>163.7</ele>
    </trkpt>
    <trkpt lat="31.923468" lon="34.968154">
      <ele>163.8</ele>
    </trkpt>
    <trkpt lat="31.923512" lon="34.968191">
      <ele>163.8</ele>
    </trkpt>
    <trkpt lat="31.923555" lon="34.968237">
      <ele>163.8</ele>
    </trkpt>
    <trkpt lat="31.9236" lon="34.968282">
      <ele>163.8</ele>
    </trkpt>
    <trkpt lat="31.923641" lon="34.968333">
      <ele>163.7</ele>
    </trkpt>
    <trkpt lat="31.923692" lon="34.968381">
      <ele>163.6</ele>
    </trkpt>
    <trkpt lat="31.923732" lon="34.968433">
      <ele>163.5</ele>
    </trkpt>
    <trkpt lat="31.923776" lon="34.968484">
      <ele>163.4</ele>
    </trkpt>
    <trkpt lat="31.923824" lon="34.968539">
      <ele>163.4</ele>
    </trkpt>
    <trkpt lat="31.92387" lon="34.968591">
      <ele>163.3</ele>
    </trkpt>
    <trkpt lat="31.92392" lon="34.968644">
      <ele>163.3</ele>
    </trkpt>
    <trkpt lat="31.92397" lon="34.968701">
      <ele>163.3</ele>
    </trkpt>
    <trkpt lat="31.924022" lon="34.968761">
      <ele>163.3</ele>
    </trkpt>
    <trkpt lat="31.92407" lon="34.968821">
      <ele>163.2</ele>
    </trkpt>
    <trkpt lat="31.924124" lon="34.968876">
      <ele>163.1</ele>
    </trkpt>
    <trkpt lat="31.924176" lon="34.968932">
      <ele>162.9</ele>
    </trkpt>
    <trkpt lat="31.92423" lon="34.968994">
      <ele>162.7</ele>
    </trkpt>
    <trkpt lat="31.924286" lon="34.969062">
      <ele>162.4</ele>
    </trkpt>
    <trkpt lat="31.924339" lon="34.969119">
      <ele>162.1</ele>
    </trkpt>
    <trkpt lat="31.924392" lon="34.969178">
      <ele>161.7</ele>
    </trkpt>
    <trkpt lat="31.924449" lon="34.969244">
      <ele>161.2</ele>
    </trkpt>
    <trkpt lat="31.924503" lon="34.969312">
      <ele>160.6</ele>
    </trkpt>
    <trkpt lat="31.924555" lon="34.969382">
      <ele>160.0</ele>
    </trkpt>
    <trkpt lat="31.924607" lon="34.969454">
      <ele>159.4</ele>
    </trkpt>
    <trkpt lat="31.924659" lon="34.969528">
      <ele>159.0</ele>
    </trkpt>
    <trkpt lat="31.924699" lon="34.96961">
      <ele>158.7</ele>
    </trkpt>
    <trkpt lat="31.924721" lon="34.969704">
      <ele>158.9</ele>
    </trkpt>
    <trkpt lat="31.924742" lon="34.969795">
      <ele>159.0</ele>
    </trkpt>
    <trkpt lat="31.924772" lon="34.969883">
      <ele>159.1</ele>
    </trkpt>
    <trkpt lat="31.924827" lon="34.969954">
      <ele>159.3</ele>
    </trkpt>
    <trkpt lat="31.924909" lon="34.969992">
      <ele>159.5</ele>
    </trkpt>
    <trkpt lat="31.924993" lon="34.969987">
      <ele>159.8</ele>
    </trkpt>
    <trkpt lat="31.925069" lon="34.969948">
      <ele>160.1</ele>
    </trkpt>
    <trkpt lat="31.925124" lon="34.969878">
      <ele>160.5</ele>
    </trkpt>
    <trkpt lat="31.925148" lon="34.969798">
      <ele>160.8</ele>
    </trkpt>
    <trkpt lat="31.925161" lon="34.969736">
      <ele>161.0</ele>
    </trkpt>
    <trkpt lat="31.925183" lon="34.969695">
      <ele>161.2</ele>
    </trkpt>
    <trkpt lat="31.925211" lon="34.969664">
      <ele>161.5</ele>
    </trkpt>
    <trkpt lat="31.925246" lon="34.969644">
      <ele>161.8</ele>
    </trkpt>
    <trkpt lat="31.925297" lon="34.969633">
      <ele>162.1</ele>
    </trkpt>
    <trkpt lat="31.925345" lon="34.96964">
      <ele>162.3</ele>
    </trkpt>
    <trkpt lat="31.9254" lon="34.969651">
      <ele>162.6</ele>
    </trkpt>
    <trkpt lat="31.925453" lon="34.969659">
      <ele>162.7</ele>
    </trkpt>
    <trkpt lat="31.925503" lon="34.969669">
      <ele>162.7</ele>
    </trkpt>
    <trkpt lat="31.925555" lon="34.969692">
      <ele>162.7</ele>
    </trkpt>
    <trkpt lat="31.9256" lon="34.969727">
      <ele>162.6</ele>
    </trkpt>
    <trkpt lat="31.925644" lon="34.969765">
      <ele>162.4</ele>
    </trkpt>
    <trkpt lat="31.925688" lon="34.969816">
      <ele>162.1</ele>
    </trkpt>
    <trkpt lat="31.925728" lon="34.969869">
      <ele>161.7</ele>
    </trkpt>
    <trkpt lat="31.925772" lon="34.969921">
      <ele>161.4</ele>
    </trkpt>
    <trkpt lat="31.925824" lon="34.969976">
      <ele>160.9</ele>
    </trkpt>
    <trkpt lat="31.925873" lon="34.970029">
      <ele>160.5</ele>
    </trkpt>
    <trkpt lat="31.925921" lon="34.970085">
      <ele>160.0</ele>
    </trkpt>
    <trkpt lat="31.925973" lon="34.970128">
      <ele>159.5</ele>
    </trkpt>
    <trkpt lat="31.926026" lon="34.970165">
      <ele>159.1</ele>
    </trkpt>
    <trkpt lat="31.926077" lon="34.970214">
      <ele>158.6</ele>
    </trkpt>
    <trkpt lat="31.926125" lon="34.970266">
      <ele>157.9</ele>
    </trkpt>
    <trkpt lat="31.926181" lon="34.970301">
      <ele>157.4</ele>
    </trkpt>
    <trkpt lat="31.926241" lon="34.970319">
      <ele>157.1</ele>
    </trkpt>
    <trkpt lat="31.926305" lon="34.970326">
      <ele>157.0</ele>
    </trkpt>
    <trkpt lat="31.926368" lon="34.970328">
      <ele>157.0</ele>
    </trkpt>
    <trkpt lat="31.92644" lon="34.970328">
      <ele>157.0</ele>
    </trkpt>
    <trkpt lat="31.926511" lon="34.970328">
      <ele>157.1</ele>
    </trkpt>
    <trkpt lat="31.926583" lon="34.970339">
      <ele>157.0</ele>
    </trkpt>
    <trkpt lat="31.926653" lon="34.970342">
      <ele>156.9</ele>
    </trkpt>
    <trkpt lat="31.926724" lon="34.970331">
      <ele>157.1</ele>
    </trkpt>
    <trkpt lat="31.926785" lon="34.970338">
      <ele>157.0</ele>
    </trkpt>
    <trkpt lat="31.926849" lon="34.970327">
      <ele>157.2</ele>
    </trkpt>
    <trkpt lat="31.926909" lon="34.970304">
      <ele>157.5</ele>
    </trkpt>
    <trkpt lat="31.926963" lon="34.970283">
      <ele>157.9</ele>
    </trkpt>
    <trkpt lat="31.927003" lon="34.970272">
      <ele>158.0</ele>
    </trkpt>
    <trkpt lat="31.927045" lon="34.970283">
      <ele>157.9</ele>
    </trkpt>
    <trkpt lat="31.927079" lon="34.970291">
      <ele>157.8</ele>
    </trkpt>
    <trkpt lat="31.927126" lon="34.970306">
      <ele>157.7</ele>
    </trkpt>
    <trkpt lat="31.927156" lon="34.970309">
      <ele>157.8</ele>
    </trkpt>
    <trkpt lat="31.927186" lon="34.970321">
      <ele>157.7</ele>
    </trkpt>
    <trkpt lat="31.927224" lon="34.970338">
      <ele>157.6</ele>
    </trkpt>
    <trkpt lat="31.927263" lon="34.970356">
      <ele>157.5</ele>
    </trkpt>
    <trkpt lat="31.927303" lon="34.970382">
      <ele>157.3</ele>
    </trkpt>
    <trkpt lat="31.927353" lon="34.970423">
      <ele>157.0</ele>
    </trkpt>
    <trkpt lat="31.927397" lon="34.970461">
      <ele>157.1</ele>
    </trkpt>
    <trkpt lat="31.927452" lon="34.970484">
      <ele>157.2</ele>
    </trkpt>
    <trkpt lat="31.927505" lon="34.970509">
      <ele>157.3</ele>
    </trkpt>
    <trkpt lat="31.927563" lon="34.970539">
      <ele>157.3</ele>
    </trkpt>
    <trkpt lat="31.927621" lon="34.970584">
      <ele>157.2</ele>
    </trkpt>
    <trkpt lat="31.927675" lon="34.970618">
      <ele>157.1</ele>
    </trkpt>
    <trkpt lat="31.927723" lon="34.97066">
      <ele>156.9</ele>
    </trkpt>
    <trkpt lat="31.927769" lon="34.970688">
      <ele>156.8</ele>
    </trkpt>
    <trkpt lat="31.92782" lon="34.970715">
      <ele>156.6</ele>
    </trkpt>
    <trkpt lat="31.927877" lon="34.970745">
      <ele>156.3</ele>
    </trkpt>
    <trkpt lat="31.927932" lon="34.97078">
      <ele>155.9</ele>
    </trkpt>
    <trkpt lat="31.927984" lon="34.970821">
      <ele>155.2</ele>
    </trkpt>
    <trkpt lat="31.928034" lon="34.970846">
      <ele>154.7</ele>
    </trkpt>
    <trkpt lat="31.928516" lon="34.971073"></trkpt>
    <trkpt lat="31.928797" lon="34.971107"></trkpt>
    <trkpt lat="31.929091" lon="34.970922"></trkpt>
    <trkpt lat="31.929496" lon="34.970995"></trkpt>
    <trkpt lat="31.92962" lon="34.971063"></trkpt>
    <trkpt lat="31.929918" lon="34.971046"></trkpt>
    <trkpt lat="31.930708" lon="34.970956"></trkpt>
    <trkpt lat="31.931518" lon="34.971701"></trkpt>
    <trkpt lat="31.931436" lon="34.971647"></trkpt>
    <trkpt lat="31.931451" lon="34.971613"></trkpt>
    <trkpt lat="31.931982" lon="34.972145"></trkpt>
    <trkpt lat="31.932549" lon="34.972613"></trkpt>
    <trkpt lat="31.932834" lon="34.972619"></trkpt>
    <trkpt lat="31.933131" lon="34.972955"></trkpt>
    <trkpt lat="31.933525" lon="34.973308"></trkpt>
    <trkpt lat="31.933956" lon="34.973597"></trkpt>
    <trkpt lat="31.934981" lon="34.973978"></trkpt>
    <trkpt lat="31.936108" lon="34.974528"></trkpt>
    <trkpt lat="31.93697" lon="34.97497"></trkpt>
    <trkpt lat="31.937309" lon="34.974753"></trkpt>
    <trkpt lat="31.937603" lon="34.974536"></trkpt>
    <trkpt lat="31.937971" lon="34.974316"></trkpt>
    <trkpt lat="31.938201" lon="34.974118"></trkpt>
    <trkpt lat="31.938394" lon="34.973823"></trkpt>
    <trkpt lat="31.938572" lon="34.973619"></trkpt>
    <trkpt lat="31.938886" lon="34.973442"></trkpt>
    <trkpt lat="31.939218" lon="34.973437"></trkpt>
    <trkpt lat="31.939261" lon="34.97297"></trkpt>
    <trkpt lat="31.939486" lon="34.971817"></trkpt>
    <trkpt lat="31.939213" lon="34.9709"></trkpt>
    <trkpt lat="31.939158" lon="34.970348"></trkpt>
    <trkpt lat="31.939099" lon="34.968095"></trkpt>
    <trkpt lat="31.939932" lon="34.968106"></trkpt>
    <trkpt lat="31.940747" lon="34.968159"></trkpt>
    <trkpt lat="31.941108" lon="34.968264"></trkpt>
    <trkpt lat="31.941341" lon="34.96854"></trkpt>
    <trkpt lat="31.941707" lon="34.968688"></trkpt>
    <trkpt lat="31.942054" lon="34.968771"></trkpt>
    <trkpt lat="31.942398" lon="34.968395"></trkpt>
    <trkpt lat="31.942668" lon="34.9684"></trkpt>
    <trkpt lat="31.942939" lon="34.96862"></trkpt>
    <trkpt lat="31.943097" lon="34.968606"></trkpt>
    <trkpt lat="31.943356" lon="34.968527"></trkpt>
    <trkpt lat="31.943396" lon="34.967649"></trkpt>
    <trkpt lat="31.943439" lon="34.967178"></trkpt>
    <trkpt lat="31.943556" lon="34.967018"></trkpt>
    <trkpt lat="31.943796" lon="34.96689"></trkpt>
    <trkpt lat="31.943915" lon="34.966699"></trkpt>
    <trkpt lat="31.943933" lon="34.966432"></trkpt>
    <trkpt lat="31.943906" lon="34.966154"></trkpt>
    <trkpt lat="31.944107" lon="34.965884"></trkpt>
    <trkpt lat="31.944289" lon="34.965743"></trkpt>
    <trkpt lat="31.944421" lon="34.965559"></trkpt>
    <trkpt lat="31.944483" lon="34.965472"></trkpt>
    <trkpt lat="31.9445" lon="34.965332"></trkpt>
    <trkpt lat="31.944499" lon="34.965176"></trkpt>
    <trkpt lat="31.944754" lon="34.965158"></trkpt>
    <trkpt lat="31.944417" lon="34.964527"></trkpt>
    <trkpt lat="31.943866" lon="34.963932"></trkpt>
    <trkpt lat="31.943618" lon="34.963474"></trkpt>
    <trkpt lat="31.943521" lon="34.963159"></trkpt>
    <trkpt lat="31.943325" lon="34.963187"></trkpt>
    <trkpt lat="31.942965" lon="34.9626"></trkpt>
    <trkpt lat="31.942912" lon="34.962215"></trkpt>
    <trkpt lat="31.942951" lon="34.961895"></trkpt>
    <trkpt lat="31.943329" lon="34.961724"></trkpt>
    <trkpt lat="31.943442" lon="34.961343"></trkpt>
    <trkpt lat="31.943336" lon="34.96079"></trkpt>
    <trkpt lat="31.94349" lon="34.960558"></trkpt>
    <trkpt lat="31.943643" lon="34.960262"></trkpt>
    <trkpt lat="31.943687" lon="34.959944"></trkpt>
    <trkpt lat="31.943658" lon="34.959562"></trkpt>
    <trkpt lat="31.944229" lon="34.959608"></trkpt>
    <trkpt lat="31.94593" lon="34.959336"></trkpt>
    <trkpt lat="31.947576" lon="34.959428"></trkpt>
    <trkpt lat="31.947767" lon="34.959268"></trkpt>
    <trkpt lat="31.947944" lon="34.959269"></trkpt>
    <trkpt lat="31.947957" lon="34.958757"></trkpt>
    <trkpt lat="31.948019" lon="34.95824"></trkpt>
    <trkpt lat="31.948482" lon="34.957788"></trkpt>
    <trkpt lat="31.948678" lon="34.957594"></trkpt>
    <trkpt lat="31.948782" lon="34.957046"></trkpt>
    <trkpt lat="31.948962" lon="34.956334"></trkpt>
    <trkpt lat="31.949134" lon="34.956028"></trkpt>
    <trkpt lat="31.949407" lon="34.955753"></trkpt>
    <trkpt lat="31.949711" lon="34.955505"></trkpt>
    <trkpt lat="31.95058" lon="34.955354"></trkpt>
  </trkseg>
</trk>
</gpx>
